Age,Attrition,DailyRate,DistanceFromHome,Education,EnvironmentSatisfaction,HourlyRate,JobInvolvement,JobLevel,JobSatisfaction,MonthlyIncome,MonthlyRate,NumCompaniesWorked,PercentSalaryHike,PerformanceRating,RelationshipSatisfaction,StockOptionLevel,TotalWorkingYears,TrainingTimesLastYear,WorkLifeBalance,YearsAtCompany,YearsInCurrentRole,YearsSinceLastPromotion,YearsWithCurrManager,BusinessTravel_Travel_Frequently,BusinessTravel_Travel_Rarely,Department_Research & Development,Department_Sales,EducationField_Life Sciences,EducationField_Marketing,EducationField_Medical,EducationField_Other,EducationField_Technical Degree,JobRole_Human Resources,JobRole_Laboratory Technician,JobRole_Manager,JobRole_Manufacturing Director,JobRole_Research Director,JobRole_Research Scientist,JobRole_Sales Executive,JobRole_Sales Representative,MaritalStatus_Married,MaritalStatus_Single,Gender_Male,OverTime_Yes
0.5634663806909778,1,0.7432240017881081,-1.0274308185554673,-0.8847969712710111,-0.6560592745909929,1.3840366143356926,0.37840702535570064,0.1765837713204426,1.1479561495819623,0.1477227327907279,0.7202363976722049,2.1568175118626107,-1.1644639717107754,-0.42807250939347835,-1.5739990105569672,-0.9254007325196485,-0.3093711654829352,-2.1555551719018555,-2.475869879301206,-0.07101534239570564,-0.005829406395428478,-0.6683591089246615,0.3125580386802622,False,True,False,True,True,False,False,False,False,False,False,False,False,False,False,True,False,False,True,False,True
1.4719805450393315,0,-1.297186888486472,-0.1662180554215485,-1.8594392889342857,0.26107101030115826,-0.2450898171219459,-1.0197399130157712,0.1765837713204426,-0.6673540997861319,-0.11232452953096035,1.4816298466184135,-0.6576603301225281,2.126860980117909,2.3360528369758367,1.2002765418458676,0.2332727608290527,-0.00549046979669098,0.1556726718769394,0.3418217332312617,0.70090292845461,0.872467823849125,-0.3272620251076344,0.8963441274549668,True,False,True,False,True,False,False,False,False,False,False,False,False,False,True,False,False,True,False,True,False
0.10920929851680099,1,1.4150968465808311,-0.9044004238220503,-0.8847969712710111,1.1782012951933094,1.2853016790958356,-1.0197399130157712,-1.0029610262683273,0.24030102489791522,-1.028365870733663,-1.676020840416977,1.3526809855811424,-0.0673556544345474,-0.42807250939347835,-0.6492404930893556,-0.9254007325196485,-0.46131151332605735,0.1556726718769394,0.3418217332312617,-1.2288927486711791,-1.1768923800548332,-0.6683591089246615,-1.1469071832564992,False,True,True,False,False,False,False,True,False,False,True,False,False,False,False,False,False,False,True,True,True
-0.3450477836573759,0,1.462202322784011,-0.7813700290886334,1.064487664055538,1.1782012951933094,-0.4919271552215881,0.37840702535570064,-1.0029610262683273,0.24030102489791522,-0.7815771015083295,1.2364353461103124,-0.6576603301225281,-1.1644639717107754,-0.42807250939347835,0.27551802437825607,-0.9254007325196485,-0.3093711654829352,0.1556726718769394,0.3418217332312617,0.3149437930294522,0.872467823849125,0.3549321425264198,-1.1469071832564992,True,False,True,False,True,False,False,False,False,False,False,False,False,False,True,False,False,True,False,False,True
-1.0264334069186412,0,-0.5236653845184659,-0.9044004238220503,-1.8594392889342857,-1.573189559483144,-1.281806637140443,0.37840702535570064,-1.0029610262683273,-0.6673540997861319,-0.6131339733069116,0.3208835698995713,2.5588857750033447,-0.8901868923917186,-0.42807250939347835,1.2002765418458676,0.2332727608290527,-0.6132518611691794,0.1556726718769394,0.3418217332312617,-0.8429336132460213,-0.5913608932251309,0.013835058709392709,-0.5631210944817947,False,True,True,False,False,False,True,False,False,False,True,False,False,False,False,False,False,True,False,True,False
-0.45861205420092005,0,0.5027381495929267,-0.9044004238220503,-0.8847969712710111,1.1782012951933094,0.6435246000367659,0.37840702535570064,-1.0029610262683273,1.1479561495819623,-0.7336657287283198,-0.3479307198158897,-1.0597285932632623,-0.6159098130726615,-0.42807250939347835,0.27551802437825607,-0.9254007325196485,-0.3093711654829352,-0.6147366093826588,-1.0670240730349723,0.12196422531687327,0.872467823849125,0.3549321425264198,0.6044510830676145,True,False,True,False,True,False,False,False,False,False,True,False,False,False,False,False,False,False,True,True,False
2.6076232504747736,0,1.29361430268842,-0.7813700290886334,0.08984534639226345,0.26107101030115826,0.7422595352766228,1.7765539637271726,-1.0029610262683273,-1.575009224470179,-0.853594825372621,-0.6144464812377386,0.5485444592996741,1.3040297421607379,2.3360528369758367,-1.5739990105569672,2.550619747526455,0.2983902258895533,0.1556726718769394,-1.0670240730349723,-1.0359131809586002,-1.1768923800548332,-0.6683591089246615,-1.1469071832564992,False,True,True,False,False,False,True,False,False,False,True,False,False,False,False,False,False,True,False,False,True
-0.6857405952880085,0,1.3779083127362155,1.802268260313123,-1.8594392889342857,1.1782012951933094,0.051114988597624714,0.37840702535570064,-1.0029610262683273,0.24030102489791522,-0.84666424943589,-0.1415914118940266,-0.6576603301225281,1.8525839007988518,2.3360528369758367,-0.6492404930893556,0.2332727608290527,-1.37295360038479,-0.6147366093826588,0.3418217332312617,-1.0359131809586002,-1.1768923800548332,-0.6683591089246615,-1.1469071832564992,False,True,True,False,True,False,False,False,False,False,True,False,False,False,False,False,False,False,False,True,False
0.22277356906034518,0,-1.4533787306338577,1.679237865579706,0.08984534639226345,1.1782012951933094,-1.0843367666607293,-1.0197399130157712,1.3561285689092124,0.24030102489791522,1.212319462550316,-0.7795459818659051,-1.0597285932632623,1.5783068214797948,2.3360528369758367,-0.6492404930893556,-0.9254007325196485,-0.00549046979669098,-0.6147366093826588,0.3418217332312617,0.5079233607420311,0.872467823849125,-0.3272620251076344,1.188237171842319,True,False,True,False,True,False,False,False,False,False,False,False,True,False,False,False,False,False,True,True,False
-0.004354972026743229,0,1.2316334129473938,2.171359444513374,0.08984534639226345,0.26107101030115826,1.3840366143356926,0.37840702535570064,0.1765837713204426,0.24030102489791522,-0.08008228495573365,0.31316863996367567,1.3526809855811424,-0.6159098130726615,-0.42807250939347835,-0.6492404930893556,1.3919462541777539,1.058091965105164,0.1556726718769394,-1.0670240730349723,0.12196422531687327,0.872467823849125,1.7193204777945283,0.8963441274549668,False,True,True,False,False,False,True,False,False,False,False,False,False,False,False,False,False,True,False,True,False
-0.11791924257028744,0,0.016807974023281914,0.8180251024457873,0.08984534639226345,-1.573189559483144,0.8903619381364082,1.7765539637271726,-1.0029610262683273,-0.6673540997861319,-0.92711919617968,0.29942203753244345,-1.0597285932632623,-0.6159098130726615,-0.42807250939347835,0.27551802437825607,0.2332727608290527,-0.6132518611691794,1.696491234396136,0.3418217332312617,-0.2639949101082846,-0.005829406395428478,-0.6683591089246615,-0.27122805009444234,False,True,True,False,False,False,True,False,False,False,True,False,False,False,False,False,False,True,False,True,False
-0.7993048658315527,0,-1.6095705727812435,0.6949947077123703,-0.8847969712710111,1.1782012951933094,-0.8374994285610872,-1.0197399130157712,0.1765837713204426,0.24030102489791522,-0.3946701666056091,-0.2331886709511147,-1.0597285932632623,-0.8901868923917186,-0.42807250939347835,1.2002765418458676,-0.9254007325196485,-0.00549046979669098,0.1556726718769394,0.3418217332312617,0.5079233607420311,0.28693633701942267,-0.6683591089246615,1.188237171842319,False,True,True,False,True,False,False,False,False,False,True,False,False,False,False,False,False,False,True,False,True
-0.5721763247444642,0,-0.32780577293682334,2.048329049779957,-1.8594392889342857,-1.573189559483144,-1.726113845719799,0.37840702535570064,-1.0029610262683273,0.24030102489791522,-0.7809744427312225,0.11580670505812751,-0.6576603301225281,0.48119850420356663,-0.42807250939347835,1.2002765418458676,0.2332727608290527,-0.7651922090123016,-1.3851458906422571,-1.0670240730349723,-0.2639949101082846,-0.5913608932251309,0.696029226343447,-0.27122805009444234,False,True,True,False,True,False,False,False,False,False,False,False,False,False,True,False,False,False,False,True,False
-0.23148351311383164,0,1.348157485660523,1.187116286646038,-0.8847969712710111,-0.6560592745909929,1.334669146715764,0.37840702535570064,-1.0029610262683273,1.1479561495819623,-0.8563067898696026,-0.7836138540139228,-1.0597285932632623,-1.1644639717107754,-0.42807250939347835,0.27551802437825607,0.2332727608290527,-1.0690729046985459,-0.6147366093826588,0.3418217332312617,-0.8429336132460213,-0.5913608932251309,-0.3272620251076344,-0.5631210944817947,False,True,True,False,False,False,True,False,False,False,True,False,False,False,False,False,False,False,False,True,False
-0.9128691363750969,1,-1.7335323522632957,1.802268260313123,0.08984534639226345,0.26107101030115826,-0.7881319609411588,-1.0197399130157712,-1.0029610262683273,0.24030102489791522,-1.047048292823981,-0.19601673580543577,0.9506127224404082,-0.3416327337536044,-0.42807250939347835,-0.6492404930893556,-0.9254007325196485,-0.6132518611691794,0.9260819531365376,0.3418217332312617,-0.4569744778208635,-0.5913608932251309,-0.6683591089246615,-0.27122805009444234,False,True,True,False,True,False,False,False,False,False,True,False,False,False,False,False,False,False,True,True,True
-0.7993048658315527,0,1.454764616015088,1.4331770761128722,1.064487664055538,-0.6560592745909929,-0.7387644933212303,1.7765539637271726,1.3561285689092124,-1.575009224470179,1.3491230049536145,-0.582043775506977,-0.6576603301225281,-1.1644639717107754,-0.42807250939347835,0.27551802437825607,0.2332727608290527,-0.00549046979669098,-1.3851458906422571,0.3418217332312617,0.70090292845461,1.4579993106788274,2.060417561611555,1.188237171842319,False,True,True,False,True,False,False,False,False,False,False,False,True,False,False,False,False,False,False,False,False
-0.45861205420092005,0,-1.1608289310562143,-0.5353092396217994,-0.8847969712710111,-1.573189559483144,0.6928920676566944,1.7765539637271726,-1.0029610262683273,-0.6673540997861319,-0.66435996936101,0.09939494501267682,-1.0597285932632623,-0.8901868923917186,-0.42807250939347835,1.2002765418458676,1.3919462541777539,-0.46131151332605735,1.696491234396136,-1.0670240730349723,-0.07101534239570564,-0.5913608932251309,-0.6683591089246615,0.3125580386802622,False,True,True,False,True,False,False,False,False,False,False,False,False,False,True,False,False,False,False,True,True
-1.594254759636362,0,0.79528794917057,0.8180251024457873,-0.8847969712710111,1.1782012951933094,1.4827715495755494,1.7765539637271726,-1.0029610262683273,1.1479561495819623,-0.773742537405938,-0.9847631181607288,-0.6576603301225281,-0.6159098130726615,-0.42807250939347835,-0.6492404930893556,1.3919462541777539,-1.37295360038479,-0.6147366093826588,-1.0670240730349723,-1.0359131809586002,-1.1768923800548332,-0.6683591089246615,-1.1469071832564992,False,False,True,False,False,False,True,False,False,False,True,False,False,False,False,False,False,False,False,True,True
1.9262376272135084,0,1.0332945657761103,-0.9044004238220503,1.064487664055538,-1.573189559483144,0.5941571324168375,-1.0197399130157712,2.535673366497982,1.1479561495819623,2.990464184404641,1.076806432163963,-0.25559206698179404,0.20692142488450962,-0.42807250939347835,0.27551802437825607,-0.9254007325196485,3.1852568349088735,0.1556726718769394,0.3418217332312617,3.5955964441432937,1.1652335672639762,0.3549321425264198,0.8963441274549668,False,True,False,True,True,False,False,False,False,False,False,True,False,False,False,False,False,True,False,False,False
0.22277356906034518,0,-1.0690972142394957,-0.9044004238220503,0.08984534639226345,1.1782012951933094,-1.0349692990408008,0.37840702535570064,-1.0029610262683273,1.1479561495819623,-0.46970118435543573,-1.4081023644613289,0.9506127224404082,-1.1644639717107754,-0.42807250939347835,0.27551802437825607,-0.9254007325196485,-0.6132518611691794,0.1556726718769394,0.3418217332312617,-0.6499540455334424,-0.5913608932251309,-0.3272620251076344,-0.5631210944817947,False,True,True,False,True,False,False,False,False,False,False,False,False,False,True,False,False,False,True,True,True
-1.3671262185492736,0,-0.3203680661679002,0.2028731287787024,-0.8847969712710111,-1.573189559483144,1.4827715495755494,1.7765539637271726,0.1765837713204426,0.24030102489791522,-0.44951211532234986,-0.857396638491761,-1.0597285932632623,0.7554755835226237,-0.42807250939347835,1.2002765418458676,0.2332727608290527,-0.7651922090123016,1.696491234396136,-1.0670240730349723,-0.4569744778208635,-0.5913608932251309,-0.3272620251076344,-0.27122805009444234,False,False,True,False,False,False,False,True,False,False,False,False,True,False,False,False,False,False,False,False,False
-0.004354972026743229,1,1.0308153301864693,-0.043187660688131534,1.064487664055538,0.26107101030115826,0.7916270028965513,-1.0197399130157712,-1.0029610262683273,-1.575009224470179,-0.6315150660086762,-1.0321748694031418,1.7547492487218765,2.126860980117909,2.3360528369758367,-0.6492404930893556,-0.9254007325196485,-0.00549046979669098,0.9260819531365376,0.3418217332312617,-0.2639949101082846,-0.2985951498102796,-0.6683591089246615,-0.27122805009444234,False,True,False,True,True,False,False,False,False,False,False,False,False,False,False,False,True,False,True,True,False
-0.23148351311383164,0,-0.9500939059367256,-0.2892484501549655,1.064487664055538,-1.573189559483144,-0.6400295580813734,0.37840702535570064,1.3561285689092124,-0.6673540997861319,1.9560003935004049,0.9746888141033808,-1.0597285932632623,-1.1644639717107754,-0.42807250939347835,0.27551802437825607,-0.9254007325196485,0.4503305737326754,0.9260819531365376,0.3418217332312617,1.086862063879768,0.5797020804342738,0.013835058709392709,2.063916305004376,False,True,True,False,True,False,False,False,False,False,False,False,False,True,False,False,False,False,True,False,False
-1.7078190301799063,0,-1.019512502446675,0.6949947077123703,-0.8847969712710111,0.26107101030115826,1.4827715495755494,0.37840702535570064,-1.0029610262683273,1.1479561495819623,-1.2869064861125836,0.6924626499029807,-0.6576603301225281,-0.3416327337536044,-0.42807250939347835,1.2002765418458676,-0.9254007325196485,-1.5248939482279122,2.466900515655734,0.3418217332312617,-1.2288927486711791,-1.1768923800548332,-0.6683591089246615,-1.1469071832564992,False,True,True,False,True,False,False,False,False,False,False,False,False,False,True,False,False,False,True,True,False
-0.23148351311383164,1,-0.255907940837233,-0.41227884488838246,-1.8594392889342857,-0.6560592745909929,0.8409944705164797,0.37840702535570064,-1.0029610262683273,-1.575009224470179,-0.7662093026921,0.38681115298813395,-0.25559206698179404,-1.1644639717107754,-0.42807250939347835,0.27551802437825607,-0.9254007325196485,-0.3093711654829352,-0.6147366093826588,0.3418217332312617,-0.4569744778208635,-0.5913608932251309,-0.3272620251076344,-0.27122805009444234,False,True,True,False,False,False,True,False,False,False,False,False,False,False,True,False,False,False,True,True,False
-0.45861205420092005,1,0.800246420349852,0.8180251024457873,-1.8594392889342857,-0.6560592745909929,0.2979523266972669,-2.417886851387243,-1.0029610262683273,-1.575009224470179,-0.4772344190692738,-1.3555005694438587,-0.6576603301225281,1.8525839007988518,2.3360528369758367,-0.6492404930893556,-0.9254007325196485,-0.00549046979669098,1.696491234396136,0.3418217332312617,0.70090292845461,-0.5913608932251309,1.3782233939775013,0.8963441274549668,True,False,True,False,True,False,False,False,False,False,False,False,False,False,True,False,False,False,True,False,True
0.677030651234522,0,-0.2757418255543614,-0.1662180554215485,1.064487664055538,0.26107101030115826,-0.8868668961810157,0.37840702535570064,0.1765837713204426,-0.6673540997861319,0.398428784067257,0.9578562396977903,-1.0597285932632623,-1.1644639717107754,-0.42807250939347835,1.2002765418458676,0.2332727608290527,-0.00549046979669098,-0.6147366093826588,0.3418217332312617,0.5079233607420311,0.872467823849125,0.696029226343447,-0.5631210944817947,False,True,False,True,False,True,False,False,False,False,False,False,False,False,False,True,False,True,False,True,False
0.9041591923216105,0,-0.8062982417375449,-0.2892484501549655,1.064487664055538,-1.573189559483144,-1.1830717019005863,-1.0197399130157712,1.3561285689092124,1.1479561495819623,1.429879281085958,-1.718382819337713,0.14647619615894003,-0.3416327337536044,-0.42807250939347835,1.2002765418458676,0.2332727608290527,2.1216744000070187,0.9260819531365376,0.3418217332312617,3.016657741005557,0.5797020804342738,1.037126310160474,3.81527457132849,False,True,True,False,False,False,True,False,False,False,False,False,False,False,False,False,False,True,False,False,False
-0.3450477836573759,0,0.30192006683200207,-0.9044004238220503,0.08984534639226345,0.26107101030115826,0.5941571324168375,0.37840702535570064,-1.0029610262683273,1.1479561495819623,-0.9060261389809335,-1.0765006486711968,0.5485444592996741,-1.1644639717107754,-0.42807250939347835,1.2002765418458676,-0.9254007325196485,-0.46131151332605735,0.1556726718769394,0.3418217332312617,-1.0359131809586002,-0.884126636639982,-0.6683591089246615,-1.1469071832564992,False,True,True,False,False,False,True,False,False,False,True,False,False,False,False,False,False,False,True,True,False
0.9041591923216105,0,1.628311107289961,0.07984273404528544,1.064487664055538,1.1782012951933094,-1.2324391695205146,0.37840702535570064,0.1765837713204426,1.1479561495819623,0.2899502041879896,0.6700192173621934,-0.25559206698179404,-0.6159098130726615,-0.42807250939347835,1.2002765418458676,-0.9254007325196485,-0.1574308176398131,1.696491234396136,1.7506675394974955,-0.4569744778208635,-0.5913608932251309,-0.3272620251076344,-0.27122805009444234,False,True,True,False,False,False,False,True,False,False,False,False,False,False,False,False,False,True,False,True,True
-0.6857405952880085,0,-1.6789891692911927,-0.043187660688131534,-0.8847969712710111,1.1782012951933094,0.8409944705164797,-1.0197399130157712,-1.0029610262683273,0.24030102489791522,-0.9934116616614544,0.24864377140891225,-0.6576603301225281,-0.6159098130726615,-0.42807250939347835,-1.5739990105569672,-0.9254007325196485,-0.00549046979669098,1.696491234396136,0.3418217332312617,0.70090292845461,-1.1768923800548332,-0.3272620251076344,1.188237171842319,False,True,True,False,False,False,True,False,False,False,True,False,False,False,False,False,False,False,True,True,False
0.3363378396038894,1,0.23002223473241176,-0.5353092396217994,0.08984534639226345,1.1782012951933094,-0.4919271552215881,0.37840702535570064,0.1765837713204426,1.1479561495819623,-1.0295711882878769,-1.5443059456932318,0.14647619615894003,-0.3416327337536044,-0.42807250939347835,0.27551802437825607,0.2332727608290527,1.361972660791408,2.466900515655734,1.7506675394974955,-1.0359131809586002,-1.1768923800548332,-0.6683591089246615,-1.1469071832564992,False,True,False,True,False,False,False,False,True,False,False,False,False,False,False,False,True,True,False,True,False
-1.3671262185492736,1,0.026724916381846094,-1.0274308185554673,0.08984534639226345,-0.6560592745909929,-0.2450898171219459,0.37840702535570064,-1.0029610262683273,1.1479561495819623,-0.9671960048572982,-1.5884914535079067,-0.25559206698179404,0.20692142488450962,-0.42807250939347835,-1.5739990105569672,0.2332727608290527,-0.6132518611691794,-0.6147366093826588,-1.0670240730349723,-0.8429336132460213,-1.1768923800548332,0.013835058709392709,-1.1469071832564992,False,True,True,False,False,False,True,False,False,False,False,False,False,False,True,False,False,True,False,True,True
0.7905949217780662,0,1.1671732876167267,-0.9044004238220503,-0.8847969712710111,1.1782012951933094,0.2979523266972669,1.7765539637271726,-1.0029610262683273,0.24030102489791522,-0.8611280600864589,1.0630598297327307,-0.6576603301225281,-0.8901868923917186,-0.42807250939347835,1.2002765418458676,1.3919462541777539,-0.6132518611691794,0.1556726718769394,-1.0670240730349723,-0.2639949101082846,-0.2985951498102796,-0.3272620251076344,0.020664994292909928,False,True,True,False,False,False,True,False,False,False,False,False,False,False,True,False,False,False,False,False,False
1.5855448155828757,1,0.1655621094017446,-0.7813700290886334,-0.8847969712710111,-1.573189559483144,0.9890968733762651,-1.0197399130157712,-1.0029610262683273,0.24030102489791522,-0.8496775433214252,-1.4776770053377695,-0.6576603301225281,-0.3416327337536044,-0.42807250939347835,0.27551802437825607,-0.9254007325196485,-1.0690729046985459,-0.6147366093826588,0.3418217332312617,-0.6499540455334424,-0.5913608932251309,-0.6683591089246615,-0.5631210944817947,False,True,False,True,False,True,False,False,False,False,False,False,False,False,False,False,True,True,False,True,True
-0.11791924257028744,0,0.21762605678420655,-0.9044004238220503,0.08984534639226345,1.1782012951933094,1.5321390171954778,0.37840702535570064,-1.0029610262683273,1.1479561495819623,-1.0512669042637304,-0.6533016738239766,-0.6576603301225281,-0.6159098130726615,-0.42807250939347835,-1.5739990105569672,-0.9254007325196485,-1.221013252541668,0.1556726718769394,0.3418217332312617,-0.8429336132460213,-0.5913608932251309,0.013835058709392709,-0.5631210944817947,False,True,False,True,False,True,False,False,False,False,False,False,False,False,False,False,True,True,False,False,False
-0.004354972026743229,0,0.12341510437784683,-0.5353092396217994,1.064487664055538,-0.6560592745909929,0.7916270028965513,-1.0197399130157712,-1.0029610262683273,-1.575009224470179,-0.627899113346034,-0.1784828041329457,2.5588857750033447,-0.3416327337536044,-0.42807250939347835,1.2002765418458676,0.2332727608290527,-0.6132518611691794,0.1556726718769394,1.7506675394974955,-1.0359131809586002,-0.884126636639982,-0.6683591089246615,-1.1469071832564992,False,True,True,False,True,False,False,False,False,False,False,False,False,False,True,False,False,True,False,False,True
-0.3450477836573759,0,0.8399141897841088,-1.0274308185554673,0.08984534639226345,0.26107101030115826,-1.1830717019005863,1.7765539637271726,0.1765837713204426,-1.575009224470179,-0.0381974999467943,-1.5642244920731805,-0.25559206698179404,1.0297526628416807,-0.42807250939347835,-1.5739990105569672,1.3919462541777539,-0.00549046979669098,0.1556726718769394,0.3418217332312617,-0.2639949101082846,-0.2985951498102796,-0.3272620251076344,-0.27122805009444234,True,False,False,True,True,False,False,False,False,False,False,False,False,False,False,True,False,True,False,False,False
-0.11791924257028744,0,-0.8385283044028785,-0.6583396343552164,-0.8847969712710111,0.26107101030115826,0.4460547295570522,0.37840702535570064,-1.0029610262683273,1.1479561495819623,-1.0702506557426021,-0.4817496863403338,-0.6576603301225281,-0.8901868923917186,-0.42807250939347835,0.27551802437825607,0.2332727608290527,-1.37295360038479,0.1556726718769394,0.3418217332312617,-1.0359131809586002,-1.1768923800548332,-0.6683591089246615,-1.1469071832564992,False,True,True,False,False,False,False,True,False,False,True,False,False,False,False,False,False,False,False,True,False
-1.0264334069186412,0,1.0853585131585723,-0.9044004238220503,1.064487664055538,1.1782012951933094,-1.627378910479942,0.37840702535570064,-1.0029610262683273,-1.575009224470179,-0.9527321942067292,0.7533404606698663,-0.6576603301225281,-0.6159098130726615,-0.42807250939347835,1.2002765418458676,0.2332727608290527,-1.37295360038479,2.466900515655734,0.3418217332312617,-1.0359131809586002,-1.1768923800548332,-0.6683591089246615,-1.1469071832564992,False,True,True,False,True,False,False,False,False,False,True,False,False,False,False,False,False,False,False,False,False
-1.1399976774621854,1,1.3754290771465745,1.92529865504654,0.08984534639226345,-1.573189559483144,-0.8868668961810157,-2.417886851387243,-1.0029610262683273,0.24030102489791522,-0.9671960048572982,-0.5311252379300658,-0.6576603301225281,-0.8901868923917186,-0.42807250939347835,0.27551802437825607,-0.9254007325196485,-1.37295360038479,-0.6147366093826588,-1.0670240730349723,-1.0359131809586002,-1.1768923800548332,-0.6683591089246615,-0.8550141388691469,False,True,True,False,True,False,False,False,False,False,True,False,False,False,False,False,False,False,True,True,False
-1.0264334069186412,0,0.4754665581068752,-0.1662180554215485,0.08984534639226345,1.1782012951933094,-1.4299090400002283,0.37840702535570064,1.3561285689092124,0.24030102489791522,0.9712559517074996,-1.5948036689100031,-0.6576603301225281,-0.0673556544345474,-0.42807250939347835,1.2002765418458676,-0.9254007325196485,-0.1574308176398131,-2.1555551719018555,0.3418217332312617,0.5079233607420311,1.1652335672639762,-0.3272620251076344,0.8963441274549668,True,False,False,True,True,False,False,False,False,False,False,False,False,False,False,True,False,False,True,True,False
-0.6857405952880085,0,-0.20136475786513003,-1.0274308185554673,-0.8847969712710111,0.26107101030115826,-0.3931922199817312,0.37840702535570064,0.1765837713204426,1.1479561495819623,-0.44951211532234986,-0.4998447038263436,-0.6576603301225281,2.126860980117909,2.3360528369758367,1.2002765418458676,-0.9254007325196485,0.2983902258895533,-0.6147366093826588,0.3418217332312617,1.086862063879768,1.1652335672639762,0.3549321425264198,0.8963441274549668,True,False,True,False,False,False,True,False,False,False,True,False,False,False,False,False,False,False,True,False,False
-0.23148351311383164,0,0.6514922849713894,1.679237865579706,1.064487664055538,-0.6560592745909929,0.2979523266972669,0.37840702535570064,0.1765837713204426,0.24030102489791522,-0.2816716458980389,-0.6046274795011441,-1.0597285932632623,1.3040297421607379,2.3360528369758367,0.27551802437825607,-0.9254007325196485,-0.00549046979669098,-0.6147366093826588,0.3418217332312617,0.5079233607420311,0.28693633701942267,2.060417561611555,0.8963441274549668,False,False,False,True,False,True,False,False,False,False,False,False,False,False,False,True,False,False,True,True,False
0.10920929851680099,0,-0.9773654974227771,1.187116286646038,-0.8847969712710111,-0.6560592745909929,0.34731979431719534,0.37840702535570064,-1.0029610262683273,-0.6673540997861319,-0.7475268806017817,-0.5775550889988196,0.5485444592996741,1.5783068214797948,2.3360528369758367,-1.5739990105569672,-0.9254007325196485,-0.3093711654829352,-1.3851458906422571,0.3418217332312617,-1.0359131809586002,-1.1768923800548332,-0.6683591089246615,-1.1469071832564992,False,True,True,False,True,False,False,False,False,False,False,False,False,False,True,False,False,True,False,True,False
1.1312877334086988,0,1.013460681058982,-0.5353092396217994,1.064487664055538,-1.573189559483144,1.5815064848154063,0.37840702535570064,0.1765837713204426,1.1479561495819623,0.08112893792039985,0.8557386216372082,0.5485444592996741,1.5783068214797948,2.3360528369758367,0.27551802437825607,-0.9254007325196485,0.6022709215757975,0.9260819531365376,0.3418217332312617,0.5079233607420311,0.5797020804342738,-0.6683591089246615,1.188237171842319,True,False,False,True,False,True,False,False,False,False,False,False,False,False,False,True,False,False,True,True,True
-0.11791924257028744,0,1.0580869216725208,-0.1662180554215485,-1.8594392889342857,1.1782012951933094,-1.4792765076201568,1.7765539637271726,-1.0029610262683273,1.1479561495819623,-0.9744279101825827,-1.3259032927806955,-0.6576603301225281,1.0297526628416807,-0.42807250939347835,1.2002765418458676,-0.9254007325196485,-1.37295360038479,-0.6147366093826588,0.3418217332312617,-1.0359131809586002,-1.1768923800548332,-0.6683591089246615,-0.8550141388691469,False,True,True,False,True,False,False,False,False,False,True,False,False,False,False,False,False,True,False,True,False
1.3584162744957873,1,-0.4368921388810293,-1.0274308185554673,-0.8847969712710111,-1.573189559483144,1.5815064848154063,-1.0197399130157712,1.3561285689092124,0.24030102489791522,-0.03669085300402669,0.6942861787969197,2.5588857750033447,-0.6159098130726615,-0.42807250939347835,1.2002765418458676,-0.9254007325196485,1.9697340521638966,-0.6147366093826588,0.3418217332312617,-1.0359131809586002,-1.1768923800548332,-0.6683591089246615,-1.1469071832564992,False,True,True,False,True,False,False,False,False,False,True,False,False,False,False,False,False,False,True,True,True
-0.9128691363750969,1,1.5663302175489349,-0.5353092396217994,1.064487664055538,0.26107101030115826,-0.7881319609411588,0.37840702535570064,-1.0029610262683273,0.24030102489791522,-0.6212698667978566,-0.4440166653811352,-0.6576603301225281,-0.6159098130726615,-0.42807250939347835,0.27551802437825607,-0.9254007325196485,-1.221013252541668,0.1556726718769394,-1.0670240730349723,-0.8429336132460213,-0.5913608932251309,0.013835058709392709,-0.5631210944817947,False,True,True,False,False,False,False,False,True,False,True,False,False,False,False,False,False,False,True,True,True
0.9041591923216105,0,1.7002089393895514,-1.0274308185554673,2.0391299817188124,-0.6560592745909929,0.4460547295570522,0.37840702535570064,0.1765837713204426,-1.575009224470179,-0.014693807639619692,-1.4497629861151653,0.9506127224404082,1.5783068214797948,2.3360528369758367,0.27551802437825607,0.2332727608290527,-0.1574308176398131,-0.6147366093826588,-1.0670240730349723,-0.4569744778208635,-0.2985951498102796,-0.3272620251076344,-0.27122805009444234,False,True,False,True,False,True,False,False,False,False,False,False,False,False,False,True,False,False,False,False,True
-0.11791924257028744,0,0.7308278238399029,0.2028731287787024,-0.8847969712710111,0.26107101030115826,0.6435246000367659,-1.0197399130157712,1.3561285689092124,-1.575009224470179,1.3201953836524765,-0.8475776367551665,-0.25559206698179404,-0.6159098130726615,-0.42807250939347835,0.27551802437825607,0.2332727608290527,-0.00549046979669098,0.1556726718769394,0.3418217332312617,-0.4569744778208635,-1.1768923800548332,0.013835058709392709,-0.27122805009444234,False,False,True,False,False,False,True,False,False,False,False,False,False,False,False,False,False,True,False,True,True
-1.1399976774621854,0,1.5886433378557043,1.679237865579706,0.08984534639226345,0.26107101030115826,-0.936234363800944,-1.0197399130157712,0.1765837713204426,1.1479561495819623,-0.40551802459353586,0.9947476319367095,1.7547492487218765,1.0297526628416807,-0.42807250939347835,0.27551802437825607,0.2332727608290527,-0.7651922090123016,-0.6147366093826588,-1.0670240730349723,-0.8429336132460213,-0.5913608932251309,-0.6683591089246615,-1.1469071832564992,False,True,False,True,False,True,False,False,False,False,False,False,False,False,False,True,False,True,False,False,True
-0.3450477836573759,0,-0.7120872893311853,-1.0274308185554673,-0.8847969712710111,-1.573189559483144,1.5815064848154063,0.37840702535570064,1.3561285689092124,1.1479561495819623,2.397146618342759,0.11244019017700943,-0.6576603301225281,-0.8901868923917186,-0.42807250939347835,0.27551802437825607,-0.9254007325196485,0.7542112694189196,-1.3851458906422571,0.3418217332312617,1.6658007670175043,2.921828027753083,2.060417561611555,2.3558093493917283,True,False,True,False,True,False,False,False,False,False,False,False,False,True,False,False,False,False,True,False,True
-0.11791924257028744,0,0.1258943399674879,1.0640858919126213,2.0391299817188124,-0.6560592745909929,0.24858485907733846,0.37840702535570064,1.3561285689092124,-1.575009224470179,1.0746119319813572,-0.4647768404813635,-0.6576603301225281,1.8525839007988518,2.3360528369758367,1.2002765418458676,0.2332727608290527,-0.1574308176398131,0.1556726718769394,-1.0670240730349723,0.5079233607420311,1.1652335672639762,-0.3272620251076344,1.188237171842319,True,False,False,True,True,False,False,False,False,False,False,False,False,False,False,True,False,True,False,True,False
-0.11791924257028744,0,0.8423934253737498,1.679237865579706,1.064487664055538,0.26107101030115826,-1.7754813133397276,0.37840702535570064,-1.0029610262683273,-1.575009224470179,-0.4486081271566893,0.23251255427022138,0.14647619615894003,-0.0673556544345474,-0.42807250939347835,0.27551802437825607,0.2332727608290527,-0.9171325568554237,0.1556726718769394,0.3418217332312617,-0.8429336132460213,-0.5913608932251309,0.013835058709392709,-0.5631210944817947,False,True,True,False,False,False,True,False,False,False,True,False,False,False,False,False,False,True,False,False,True
-0.5721763247444642,0,-0.364994306781439,-0.2892484501549655,1.064487664055538,1.1782012951933094,-0.8868668961810157,0.37840702535570064,0.1765837713204426,1.1479561495819623,0.12421904048355328,-0.675604834911384,0.14647619615894003,1.8525839007988518,2.3360528369758367,1.2002765418458676,0.2332727608290527,-0.00549046979669098,0.1556726718769394,-1.0670240730349723,0.12196422531687327,0.872467823849125,-0.3272620251076344,0.8963441274549668,False,True,True,False,True,False,False,False,False,False,True,False,False,False,False,False,False,False,False,True,False
0.10920929851680099,0,0.7754540644534417,-1.0274308185554673,1.064487664055538,-1.573189559483144,-0.7387644933212303,-1.0197399130157712,0.1765837713204426,0.24030102489791522,0.1477227327907279,-1.6349213045766604,-0.6576603301225281,0.7554755835226237,-0.42807250939347835,0.27551802437825607,0.2332727608290527,-0.46131151332605735,-0.6147366093826588,1.7506675394974955,0.12196422531687327,0.28693633701942267,-0.6683591089246615,0.8963441274549668,False,True,True,False,True,False,False,False,False,False,False,False,True,False,False,False,False,False,False,True,False
-0.45861205420092005,0,-0.9302600212195972,-1.0274308185554673,0.08984534639226345,-1.573189559483144,-1.627378910479942,0.37840702535570064,0.1765837713204426,1.1479561495819623,0.19864739945627286,-0.4863786443018712,-0.6576603301225281,1.8525839007988518,2.3360528369758367,-0.6492404930893556,0.2332727608290527,-0.1574308176398131,0.1556726718769394,0.3418217332312617,0.5079233607420311,1.1652335672639762,1.7193204777945283,1.188237171842319,False,True,True,False,False,False,True,False,False,False,False,False,True,False,False,False,False,True,False,True,True
0.22277356906034518,0,-0.36995277796072107,2.417420233980208,2.0391299817188124,1.1782012951933094,-0.7881319609411588,0.37840702535570064,0.1765837713204426,1.1479561495819623,-0.9331457839507504,-1.2467901930744203,-0.6576603301225281,-1.1644639717107754,-0.42807250939347835,1.2002765418458676,-0.9254007325196485,-0.00549046979669098,-0.6147366093826588,0.3418217332312617,0.70090292845461,-0.2985951498102796,2.4015146454285827,1.4801302162296714,True,False,True,False,True,False,False,False,False,False,True,False,False,False,False,False,False,False,True,False,False
2.6076232504747736,0,1.568809453138576,1.92529865504654,0.08984534639226345,-1.573189559483144,1.6308739524353348,0.37840702535570064,1.3561285689092124,-1.575009224470179,0.6431082475727157,-1.6819122414589336,1.7547492487218765,-1.1644639717107754,-0.42807250939347835,1.2002765418458676,-0.9254007325196485,2.7294357913795073,0.1556726718769394,-1.0670240730349723,2.823678173292978,3.5073595145827854,1.7193204777945283,1.4801302162296714,False,True,False,True,True,False,False,False,False,False,False,False,False,False,False,True,False,False,True,False,False
-0.004354972026743229,0,1.0432115081346744,-0.1662180554215485,0.08984534639226345,0.26107101030115826,-0.34382475236180277,0.37840702535570064,1.3561285689092124,0.24030102489791522,1.3840772140258228,-0.8616047820931586,-0.6576603301225281,-0.6159098130726615,-0.42807250939347835,-0.6492404930893556,2.550619747526455,1.058091965105164,-0.6147366093826588,0.3418217332312617,2.051759902442662,2.921828027753083,3.424805896879664,1.188237171842319,False,True,True,False,False,False,False,False,True,False,False,False,False,False,False,False,False,False,False,False,False
2.1533661683005967,0,0.08374733494359013,-0.1662180554215485,0.08984534639226345,1.1782012951933094,-1.627378910479942,0.37840702535570064,2.535673366497982,0.24030102489791522,2.7882721646852286,0.755444532470565,-0.25559206698179404,-0.3416327337536044,-0.42807250939347835,0.27551802437825607,2.550619747526455,1.6658533564776523,-0.6147366093826588,0.3418217332312617,-0.2639949101082846,-1.1768923800548332,-0.6683591089246615,-0.5631210944817947,False,True,True,False,False,False,True,False,False,False,False,True,False,False,False,False,False,False,False,False,True
-0.004354972026743229,0,0.9737929116247253,0.2028731287787024,0.08984534639226345,-0.6560592745909929,1.433404081955621,-1.0197399130157712,0.1765837713204426,-0.6673540997861319,0.3001954033988093,1.1658788050602125,-0.6576603301225281,-0.6159098130726615,-0.42807250939347835,0.27551802437825607,-0.9254007325196485,-0.6132518611691794,0.1556726718769394,0.3418217332312617,-0.07101534239570564,0.28693633701942267,-0.6683591089246615,-0.27122805009444234,True,False,True,False,True,False,False,False,False,False,False,False,True,False,False,False,False,False,True,True,False
1.0177234628651546,0,1.3308028365330358,-0.2892484501549655,0.08984534639226345,-0.6560592745909929,-0.34382475236180277,0.37840702535570064,1.3561285689092124,-1.575009224470179,1.271982681483913,0.6231685519333,-0.25559206698179404,0.48119850420356663,-0.42807250939347835,0.27551802437825607,0.2332727608290527,2.2736147478501407,-0.6147366093826588,0.3418217332312617,-1.0359131809586002,-1.1768923800548332,-0.6683591089246615,-1.1469071832564992,False,True,True,False,True,False,False,False,False,False,False,False,False,False,True,False,False,False,False,True,False
-0.11791924257028744,0,-0.3426811864746696,-1.0274308185554673,0.08984534639226345,-0.6560592745909929,0.6435246000367659,0.37840702535570064,-1.0029610262683273,-1.575009224470179,-0.9970276143240967,-1.188998354281893,0.5485444592996741,-0.6159098130726615,-0.42807250939347835,1.2002765418458676,0.2332727608290527,-0.7651922090123016,-0.6147366093826588,-1.0670240730349723,-0.6499540455334424,-0.5913608932251309,-0.3272620251076344,-0.5631210944817947,True,False,True,False,False,False,True,False,False,False,False,False,False,False,True,False,False,True,False,True,False
-0.004354972026743229,1,-1.2004967004904712,-0.043187660688131534,0.08984534639226345,1.1782012951933094,0.6435246000367659,-1.0197399130157712,-1.0029610262683273,0.24030102489791522,-0.6372403243911932,1.0425801975392623,-1.0597285932632623,0.48119850420356663,-0.42807250939347835,-1.5739990105569672,0.2332727608290527,-1.221013252541668,-2.1555551719018555,-1.0670240730349723,-1.0359131809586002,-1.1768923800548332,-0.6683591089246615,-1.1469071832564992,False,True,True,False,False,False,True,False,False,False,False,False,False,False,True,False,False,True,False,True,True
2.6076232504747736,0,1.0481699793139565,-1.0274308185554673,-1.8594392889342857,-1.573189559483144,-0.44255968760165965,-1.0197399130157712,0.1765837713204426,0.24030102489791522,-0.008968549257102802,1.4481049692606125,1.7547492487218765,-1.1644639717107754,-0.42807250939347835,1.2002765418458676,-0.9254007325196485,1.5139130086345303,-0.6147366093826588,-1.0670240730349723,-0.4569744778208635,-0.2985951498102796,-0.3272620251076344,-0.27122805009444234,True,False,False,True,True,False,False,False,False,False,False,False,False,False,False,True,False,False,True,False,False
-0.7993048658315527,0,1.3035312450469843,-0.9044004238220503,0.08984534639226345,0.26107101030115826,0.49542219717698066,0.37840702535570064,-1.0029610262683273,-0.6673540997861319,-0.8436509555503547,-1.3169259197643806,-1.0597285932632623,2.126860980117909,2.3360528369758367,1.2002765418458676,0.2332727608290527,-0.6132518611691794,0.1556726718769394,0.3418217332312617,-0.2639949101082846,-0.005829406395428478,-0.6683591089246615,0.020664994292909928,False,True,True,False,True,False,False,False,False,False,False,False,False,False,True,False,False,True,False,True,False
-0.5721763247444642,0,0.6936392899952871,-1.0274308185554673,1.064487664055538,0.26107101030115826,1.0384643409961936,0.37840702535570064,-1.0029610262683273,-0.6673540997861319,-0.904519492038166,0.6214852944927409,-0.6576603301225281,0.48119850420356663,-0.42807250939347835,-0.6492404930893556,-0.9254007325196485,-1.37295360038479,0.9260819531365376,0.3418217332312617,-1.0359131809586002,-0.884126636639982,-0.3272620251076344,-1.1469071832564992,False,True,True,False,False,False,True,False,False,False,False,False,False,False,True,False,False,False,True,True,False
-0.45861205420092005,0,-0.6302725148730308,-1.0274308185554673,0.08984534639226345,-0.6560592745909929,0.0017475209776962777,0.37840702535570064,0.1765837713204426,-0.6673540997861319,0.21612450399237706,-0.9816771461863705,-0.6576603301225281,0.48119850420356663,-0.42807250939347835,-0.6492404930893556,1.3919462541777539,-0.00549046979669098,0.1556726718769394,0.3418217332312617,0.70090292845461,-0.005829406395428478,-0.6683591089246615,1.4801302162296714,False,True,True,False,True,False,False,False,False,False,False,False,False,False,True,False,False,True,False,True,False
-0.004354972026743229,0,-1.6616345201637055,-0.41227884488838246,0.08984534639226345,-0.6560592745909929,-0.5412946228415165,1.7765539637271726,-1.0029610262683273,1.1479561495819623,-0.7427056103849253,1.0741412745497445,0.14647619615894003,-0.8901868923917186,-0.42807250939347835,-0.6492404930893556,-0.9254007325196485,-0.7651922090123016,0.1556726718769394,0.3418217332312617,-1.0359131809586002,-1.1768923800548332,-0.6683591089246615,-1.1469071832564992,False,True,True,False,True,False,False,False,False,False,True,False,False,False,False,False,False,True,False,False,False
-0.5721763247444642,0,-0.13938386812410392,-0.1662180554215485,1.064487664055538,0.26107101030115826,-0.2450898171219459,0.37840702535570064,0.1765837713204426,1.1479561495819623,-0.32506307784974586,0.8889829560882494,-0.6576603301225281,2.126860980117909,2.3360528369758367,1.2002765418458676,-0.9254007325196485,0.14644987804643114,-0.6147366093826588,0.3418217332312617,0.893882496167189,0.872467823849125,-0.3272620251076344,1.188237171842319,False,True,True,False,True,False,False,False,False,False,False,False,True,False,False,False,False,False,True,False,False
-0.11791924257028744,0,-0.06500680043487257,-1.0274308185554673,1.064487664055538,0.26107101030115826,-1.6767463780998706,-1.0197399130157712,0.1765837713204426,-1.575009224470179,-0.3588119693677402,1.2163765282769838,-1.0597285932632623,-0.3416327337536044,-0.42807250939347835,-0.6492404930893556,-0.9254007325196485,0.9061516172620417,-0.6147366093826588,0.3418217332312617,1.6658007670175043,2.629062284338232,0.013835058709392709,1.188237171842319,False,True,False,True,False,True,False,False,False,False,False,False,False,False,False,True,False,False,True,True,False
1.0177234628651546,0,-1.5104011491956018,-0.41227884488838246,1.064487664055538,1.1782012951933094,-0.6893970257013019,0.37840702535570064,1.3561285689092124,-1.575009224470179,2.332963458580859,0.10135874535999571,0.5485444592996741,-0.3416327337536044,-0.42807250939347835,-0.6492404930893556,-0.9254007325196485,1.058091965105164,0.1556726718769394,1.7506675394974955,-1.2288927486711791,-1.1768923800548332,-0.6683591089246615,-1.1469071832564992,False,True,True,False,False,False,False,True,False,False,False,False,False,True,False,False,False,True,False,True,True
0.10920929851680099,0,-1.0046370889088285,-0.2892484501549655,1.064487664055538,-1.573189559483144,-1.7754813133397276,0.37840702535570064,1.3561285689092124,0.24030102489791522,2.4592204723847844,1.5308651267547655,0.5485444592996741,-0.6159098130726615,-0.42807250939347835,-1.5739990105569672,-0.9254007325196485,0.9061516172620417,0.1556726718769394,1.7506675394974955,-0.2639949101082846,-0.5913608932251309,-0.6683591089246615,-0.5631210944817947,False,True,True,False,False,False,True,False,False,False,False,False,False,True,False,False,False,False,True,True,False
1.1312877334086988,0,0.353984014214464,-0.5353092396217994,-0.8847969712710111,-0.6560592745909929,0.6928920676566944,0.37840702535570064,0.1765837713204426,-0.6673540997861319,-0.1451694328832941,-0.5497813412295953,2.1568175118626107,1.8525839007988518,2.3360528369758367,1.2002765418458676,0.2332727608290527,0.9061516172620417,-0.6147366093826588,0.3418217332312617,-0.4569744778208635,-0.5913608932251309,-0.6683591089246615,-0.5631210944817947,False,True,False,False,False,False,True,False,False,True,False,False,False,False,False,False,False,False,False,True,True
-0.6857405952880085,0,0.12341510437784683,-1.0274308185554673,-1.8594392889342857,1.1782012951933094,-0.5412946228415165,-1.0197399130157712,0.1765837713204426,1.1479561495819623,-0.11352984708517444,0.2319514684567017,-0.6576603301225281,-0.8901868923917186,-0.42807250939347835,0.27551802437825607,1.3919462541777539,-0.00549046979669098,-1.3851458906422571,-1.0670240730349723,0.70090292845461,1.1652335672639762,0.3549321425264198,-1.1469071832564992,False,True,True,False,True,False,False,False,False,False,True,False,False,False,False,False,False,True,False,True,True
-0.11791924257028744,0,1.020898387827905,-1.0274308185554673,0.08984534639226345,-0.6560592745909929,-1.7754813133397276,-1.0197399130157712,-1.0029610262683273,0.24030102489791522,-0.7966435709360056,1.6739420092022845,-0.6576603301225281,0.7554755835226237,-0.42807250939347835,-1.5739990105569672,-0.9254007325196485,-0.6132518611691794,0.1556726718769394,0.3418217332312617,-0.07101534239570564,-0.005829406395428478,-0.6683591089246615,0.020664994292909928,False,True,True,False,False,False,True,False,False,False,False,False,False,False,True,False,False,False,True,True,False
2.1533661683005967,0,-1.7136984675461673,-1.0274308185554673,-0.8847969712710111,-1.573189559483144,0.19921739145741002,0.37840702535570064,1.3561285689092124,1.1479561495819623,1.4271673165889762,0.5256798918342552,0.14647619615894003,-0.3416327337536044,-0.42807250939347835,1.2002765418458676,0.2332727608290527,2.1216744000070187,0.9260819531365376,0.3418217332312617,-1.0359131809586002,-1.1768923800548332,-0.3272620251076344,-1.1469071832564992,False,True,False,True,True,False,False,False,False,False,False,False,False,False,False,True,False,True,False,True,False
0.22277356906034518,0,-0.5682916251320047,-0.41227884488838246,0.08984534639226345,-0.6560592745909929,0.6435246000367659,-2.417886851387243,0.1765837713204426,1.1479561495819623,-0.05235998120880976,0.19253519005694403,1.7547492487218765,-0.8901868923917186,-0.42807250939347835,1.2002765418458676,2.550619747526455,1.058091965105164,0.1556726718769394,0.3418217332312617,1.2798416315923467,2.04353079750853,-0.3272620251076344,1.4801302162296714,False,False,True,False,False,False,True,False,False,False,False,False,False,False,True,False,False,False,False,False,True
-0.23148351311383164,0,0.8696650168598014,-1.0274308185554673,-0.8847969712710111,-1.573189559483144,1.3840366143356926,0.37840702535570064,0.1765837713204426,-0.6673540997861319,-0.3548946873165444,0.4757432544310035,-0.6576603301225281,-0.0673556544345474,-0.42807250939347835,0.27551802437825607,-0.9254007325196485,-0.7651922090123016,-0.6147366093826588,0.3418217332312617,-0.2639949101082846,-0.5913608932251309,-0.3272620251076344,-0.27122805009444234,False,True,True,False,False,False,True,False,False,False,False,False,True,False,False,False,False,True,False,True,False
2.266930438844141,0,1.4820362075011395,-0.2892484501549655,0.08984534639226345,1.1782012951933094,-0.8374994285610872,-2.417886851387243,1.3561285689092124,1.1479561495819623,0.5295070680880385,1.0314987527222486,0.5485444592996741,-1.1644639717107754,-0.42807250939347835,-1.5739990105569672,-0.9254007325196485,4.096898921967606,0.1556726718769394,-1.0670240730349723,-0.07101534239570564,-0.005829406395428478,-0.6683591089246615,-0.5631210944817947,False,True,True,False,True,False,False,False,False,False,False,False,True,False,False,False,False,False,True,True,False
-1.4806904890928179,0,-0.6476271640005181,-0.9044004238220503,-1.8594392889342857,0.26107101030115826,-0.19572234950201747,0.37840702535570064,-1.0029610262683273,-1.575009224470179,-0.9584574525892461,-0.6770075494451832,0.14647619615894003,-0.6159098130726615,-0.42807250939347835,0.27551802437825607,0.2332727608290527,-1.0690729046985459,0.1556726718769394,0.3418217332312617,-1.2288927486711791,-1.1768923800548332,-0.6683591089246615,-1.1469071832564992,False,True,False,True,False,False,False,False,True,False,False,False,False,False,False,False,True,False,False,True,False
1.69910908612642,0,-0.917863843271392,-0.043187660688131534,1.064487664055538,1.1782012951933094,1.4827715495755494,0.37840702535570064,-1.0029610262683273,1.1479561495819623,-1.0328858115619657,0.6144717218237449,0.14647619615894003,2.126860980117909,2.3360528369758367,-0.6492404930893556,1.3919462541777539,-0.00549046979669098,0.9260819531365376,0.3418217332312617,-0.4569744778208635,-0.5913608932251309,-0.6683591089246615,-0.27122805009444234,False,True,True,False,True,False,False,False,False,False,True,False,False,False,False,False,False,True,False,True,False
-0.6857405952880085,0,-1.2748737681797024,-0.9044004238220503,0.08984534639226345,0.26107101030115826,1.6308739524353348,-1.0197399130157712,0.1765837713204426,1.1479561495819623,-0.40702467153630345,0.20838586428887504,-0.6576603301225281,1.0297526628416807,-0.42807250939347835,-1.5739990105569672,2.550619747526455,0.14644987804643114,0.1556726718769394,0.3418217332312617,0.893882496167189,1.7507650540936786,2.74261172924561,1.188237171842319,False,True,True,False,True,False,False,False,False,False,False,False,False,False,False,False,False,True,False,True,False
1.1312877334086988,1,-0.33028500852646436,-0.043187660688131534,-0.8847969712710111,0.26107101030115826,-0.09698741426216059,-1.0197399130157712,1.3561285689092124,1.1479561495819623,1.2403430956857935,-0.10498056256186736,-0.6576603301225281,0.20692142488450962,-0.42807250939347835,1.2002765418458676,-0.9254007325196485,-0.1574308176398131,0.1556726718769394,0.3418217332312617,0.5079233607420311,1.1652335672639762,0.696029226343447,0.8963441274549668,False,True,False,True,False,False,True,False,False,False,False,False,False,False,False,True,False,False,True,True,False
0.4499021101474336,0,-0.6748987554865696,-1.0274308185554673,1.064487664055538,0.26107101030115826,0.5941571324168375,-1.0197399130157712,2.535673366497982,-0.6673540997861319,2.4107064408276675,-0.03217967825768862,-0.6576603301225281,1.8525839007988518,2.3360528369758367,1.2002765418458676,0.2332727608290527,1.8177937043207744,0.1556726718769394,-1.0670240730349723,3.016657741005557,-0.2985951498102796,3.083708813062637,2.063916305004376,True,False,True,False,True,False,False,False,False,False,False,False,False,False,False,False,False,True,False,True,False
1.69910908612642,0,-0.422016725343183,1.4331770761128722,1.064487664055538,0.26107101030115826,0.24858485907733846,0.37840702535570064,0.1765837713204426,1.1479561495819623,-0.018611089690815458,-0.8306047908961961,-1.0597285932632623,1.8525839007988518,2.3360528369758367,1.2002765418458676,-0.9254007325196485,0.14644987804643114,-0.6147366093826588,-2.475869879301206,0.70090292845461,0.872467823849125,-0.3272620251076344,-1.1469071832564992,False,True,False,True,False,True,False,False,False,False,False,False,False,False,False,True,False,False,True,True,True
-0.6857405952880085,0,1.3184066585848304,-0.6583396343552164,-0.8847969712710111,0.26107101030115826,-0.14635488188208903,-1.0197399130157712,0.1765837713204426,-0.6673540997861319,-0.08851950783523223,0.7596526760719626,-0.6576603301225281,-0.8901868923917186,-0.42807250939347835,-0.6492404930893556,2.550619747526455,0.14644987804643114,0.9260819531365376,-1.0670240730349723,0.893882496167189,1.1652335672639762,0.013835058709392709,0.8963441274549668,False,True,False,True,False,False,True,False,False,False,False,False,False,False,False,True,False,False,False,False,True
1.1312877334086988,0,-0.40714131180533675,-1.0274308185554673,0.08984534639226345,0.26107101030115826,-1.281806637140443,-1.0197399130157712,1.3561285689092124,-1.575009224470179,1.5579442712212042,-1.5713783361955562,-0.25559206698179404,-0.6159098130726615,-0.42807250939347835,0.27551802437825607,0.2332727608290527,1.6658533564776523,1.696491234396136,-1.0670240730349723,0.70090292845461,1.4579993106788274,2.4015146454285827,0.3125580386802622,True,False,True,False,False,False,True,False,False,False,False,False,False,False,False,False,False,True,False,True,True
-0.45861205420092005,0,0.7209108814813386,-0.41227884488838246,1.064487664055538,-0.6560592745909929,1.0384643409961936,0.37840702535570064,0.1765837713204426,0.24030102489791522,-0.14848405615738283,1.3966253458701816,-0.6576603301225281,0.20692142488450962,-0.42807250939347835,-1.5739990105569672,-0.9254007325196485,0.2983902258895533,-2.1555551719018555,0.3418217332312617,0.893882496167189,1.1652335672639762,1.037126310160474,0.8963441274549668,False,True,False,True,False,False,True,False,False,False,False,False,False,False,False,True,False,False,True,True,False
2.0398018977570525,0,1.0283360945968283,-0.9044004238220503,1.064487664055538,-1.573189559483144,-0.2944572847418743,0.37840702535570064,1.3561285689092124,0.24030102489791522,2.424567592701129,1.3545439098562055,2.5588857750033447,-0.8901868923917186,-0.42807250939347835,-1.5739990105569672,0.2332727608290527,0.9061516172620417,1.696491234396136,-2.475869879301206,-0.4569744778208635,-0.2985951498102796,-0.6683591089246615,-0.27122805009444234,False,True,True,False,False,False,False,False,True,False,False,False,False,True,False,False,False,True,False,False,False
-1.3671262185492736,0,1.3655121347880104,-0.7813700290886334,-0.8847969712710111,-1.573189559483144,-1.627378910479942,0.37840702535570064,0.1765837713204426,0.24030102489791522,-0.15179867943147154,0.4453043490475608,-1.0597285932632623,1.5783068214797948,2.3360528369758367,-1.5739990105569672,0.2332727608290527,-0.9171325568554237,-0.6147366093826588,-1.0670240730349723,-0.6499540455334424,-0.5913608932251309,-0.6683591089246615,-0.5631210944817947,False,True,False,True,False,False,False,True,False,False,False,False,False,False,False,True,False,True,False,False,False
-0.9128691363750969,0,-1.691385347239398,-0.6583396343552164,0.08984534639226345,-0.6560592745909929,-1.1337042342806578,0.37840702535570064,0.1765837713204426,0.24030102489791522,-0.38623294372611056,-0.7688853514090311,-0.6576603301225281,-0.0673556544345474,-0.42807250939347835,-0.6492404930893556,-0.9254007325196485,-0.7651922090123016,0.1556726718769394,1.7506675394974955,-0.2639949101082846,-0.005829406395428478,-0.6683591089246615,0.020664994292909928,False,False,False,True,False,False,True,False,False,False,False,False,False,False,False,True,False,True,False,True,False
2.4940589799312294,0,-0.2980549458611308,0.07984273404528544,1.064487664055538,1.1782012951933094,-1.4299090400002283,0.37840702535570064,2.535673366497982,0.24030102489791522,2.5218969852039166,1.411774662835213,-1.0597285932632623,-0.6159098130726615,-0.42807250939347835,0.27551802437825607,-0.9254007325196485,4.248839269810729,-1.3851458906422571,-1.0670240730349723,5.911351256694241,1.7507650540936786,-0.3272620251076344,1.188237171842319,False,True,False,True,False,False,True,False,False,False,False,False,False,False,False,True,False,False,True,True,False
0.9041591923216105,0,-0.7765474146618524,1.679237865579706,0.08984534639226345,-0.6560592745909929,0.051114988597624714,0.37840702535570064,0.1765837713204426,-0.6673540997861319,-1.042829681384232,1.5007067642780827,0.5485444592996741,-0.8901868923917186,-0.42807250939347835,0.27551802437825607,0.2332727608290527,1.058091965105164,0.1556726718769394,1.7506675394974955,-0.6499540455334424,-0.5913608932251309,-0.3272620251076344,-0.5631210944817947,False,False,True,False,False,False,True,False,False,False,True,False,False,False,False,False,False,True,False,True,False
0.10920929851680099,1,0.011849502843999824,-0.41227884488838246,1.064487664055538,0.26107101030115826,-0.14635488188208903,0.37840702535570064,-1.0029610262683273,-1.575009224470179,-1.0334884703390728,1.3050280868130935,0.5485444592996741,1.8525839007988518,2.3360528369758367,1.2002765418458676,-0.9254007325196485,-0.46131151332605735,0.1556726718769394,0.3418217332312617,-0.6499540455334424,-0.5913608932251309,-0.6683591089246615,-0.5631210944817947,False,True,False,False,False,False,False,False,False,True,False,False,False,False,False,False,False,False,False,True,True
-0.45861205420092005,0,0.06143421463682072,-1.0274308185554673,-1.8594392889342857,1.1782012951933094,0.24858485907733846,0.37840702535570064,-1.0029610262683273,-1.575009224470179,-0.767414620246314,0.11692887668516688,-0.6576603301225281,-0.6159098130726615,-0.42807250939347835,1.2002765418458676,-0.9254007325196485,-1.37295360038479,-0.6147366093826588,0.3418217332312617,-1.0359131809586002,-1.1768923800548332,-0.6683591089246615,-1.1469071832564992,False,True,True,False,True,False,False,False,False,False,False,False,False,False,True,False,False,False,True,True,False
-1.8213833007234506,1,0.1705205805810267,-0.41227884488838246,0.08984534639226345,1.1782012951933094,0.0017475209776962777,-1.0197399130157712,-1.0029610262683273,1.1479561495819623,-0.7764545019029196,0.7628789194997008,-0.6576603301225281,0.7554755835226237,-0.42807250939347835,-0.6492404930893556,-0.9254007325196485,-1.37295360038479,1.696491234396136,0.3418217332312617,-1.0359131809586002,-1.1768923800548332,-0.3272620251076344,-1.1469071832564992,True,False,True,False,True,False,False,False,False,False,True,False,False,False,False,False,False,False,True,False,True
-0.23148351311383164,0,-0.3402019508850285,-0.41227884488838246,1.064487664055538,-1.573189559483144,-1.2324391695205146,0.37840702535570064,0.1765837713204426,0.24030102489791522,-0.20905126325664045,-0.2612429616270988,-0.6576603301225281,-0.3416327337536044,-0.42807250939347835,0.27551802437825607,-0.9254007325196485,0.9061516172620417,0.1556726718769394,0.3418217332312617,1.8587803347300833,2.629062284338232,0.013835058709392709,1.7720232606170236,False,True,True,False,False,False,False,True,False,False,False,False,False,False,True,False,False,False,True,False,False
0.10920929851680099,0,0.5895113952303632,-0.9044004238220503,-0.8847969712710111,0.26107101030115826,1.6802414200552631,-1.0197399130157712,0.1765837713204426,1.1479561495819623,-0.10238065970869417,0.21119129335647346,0.9506127224404082,-0.3416327337536044,-0.42807250939347835,1.2002765418458676,0.2332727608290527,1.058091965105164,-0.6147366093826588,1.7506675394974955,-1.0359131809586002,-1.1768923800548332,-0.6683591089246615,-1.1469071832564992,False,False,True,False,True,False,False,False,False,False,False,False,False,False,False,False,False,False,False,True,False
-1.2535619480057296,1,-1.3938770764824726,-0.5353092396217994,0.08984534639226345,0.26107101030115826,-0.9856018314208724,-1.0197399130157712,0.1765837713204426,0.24030102489791522,0.07269171504090127,1.7694668689540103,-0.6576603301225281,-1.1644639717107754,-0.42807250939347835,1.2002765418458676,-0.9254007325196485,-0.6132518611691794,-1.3851458906422571,0.3418217332312617,-0.07101534239570564,-0.005829406395428478,-0.6683591089246615,-0.27122805009444234,False,True,False,True,False,True,False,False,False,False,False,False,False,False,False,True,False,False,True,True,True
-1.2535619480057296,0,1.184527936744214,-0.2892484501549655,-1.8594392889342857,1.1782012951933094,-0.09698741426216059,-1.0197399130157712,-1.0029610262683273,1.1479561495819623,-0.7876036892793999,1.7607700388444554,-0.6576603301225281,-1.1644639717107754,-0.42807250939347835,0.27551802437825607,1.3919462541777539,-1.221013252541668,-0.6147366093826588,0.3418217332312617,-0.8429336132460213,-0.5913608932251309,0.013835058709392709,-0.8550141388691469,False,True,True,False,False,False,True,False,False,False,False,False,False,False,True,False,False,True,False,True,False
-1.594254759636362,0,-0.6649818131280054,0.6949947077123703,0.08984534639226345,-0.6560592745909929,-0.34382475236180277,0.37840702535570064,-1.0029610262683273,1.1479561495819623,-0.7930276182733633,1.3242452759261427,-0.6576603301225281,-0.0673556544345474,-0.42807250939347835,0.27551802437825607,-0.9254007325196485,-1.37295360038479,1.696491234396136,0.3418217332312617,-1.2288927486711791,-1.1768923800548332,-0.6683591089246615,-1.1469071832564992,False,True,True,False,False,False,True,False,False,False,True,False,False,False,False,False,False,False,True,False,False
1.69910908612642,0,1.620873400521038,-1.0274308185554673,1.064487664055538,-1.573189559483144,-1.7754813133397276,-1.0197399130157712,1.3561285689092124,-1.575009224470179,0.597004851124027,1.6063311686731627,0.14647619615894003,1.3040297421607379,2.3360528369758367,0.27551802437825607,-0.9254007325196485,1.9697340521638966,-1.3851458906422571,-1.0670240730349723,1.2798416315923467,2.336296540923381,3.424805896879664,1.188237171842319,True,False,True,False,False,False,True,False,False,False,False,False,False,False,False,False,False,False,True,False,False
-0.23148351311383164,1,-0.3575566000125159,-0.2892484501549655,0.08984534639226345,-1.573189559483144,0.0017475209776962777,-2.417886851387243,0.1765837713204426,0.24030102489791522,0.17213041326356307,1.1982815107909741,-0.6576603301225281,2.401138059436966,2.3360528369758367,1.2002765418458676,-0.9254007325196485,-0.1574308176398131,0.1556726718769394,0.3418217332312617,0.5079233607420311,0.872467823849125,-0.6683591089246615,0.6044510830676145,True,False,True,False,True,False,False,False,False,False,True,False,False,False,False,False,False,False,True,True,True
-1.3671262185492736,0,0.8052048915291342,1.0640858919126213,-1.8594392889342857,-0.6560592745909929,-0.6893970257013019,0.37840702535570064,-1.0029610262683273,0.24030102489791522,-0.8222565689630548,-0.15253258525766042,-1.0597285932632623,-0.8901868923917186,-0.42807250939347835,0.27551802437825607,0.2332727608290527,-0.6132518611691794,-0.6147366093826588,0.3418217332312617,-0.2639949101082846,-0.2985951498102796,-0.3272620251076344,-0.5631210944817947,False,True,True,False,True,False,False,False,False,False,True,False,False,False,False,False,False,True,False,True,False
-0.23148351311383164,0,0.5671982749235939,-0.41227884488838246,1.064487664055538,0.26107101030115826,-1.0349692990408008,-1.0197399130157712,0.1765837713204426,-0.6673540997861319,-0.3006553973769107,0.09196055798354104,1.3526809855811424,-0.0673556544345474,-0.42807250939347835,0.27551802437825607,0.2332727608290527,0.2983902258895533,0.1556726718769394,0.3418217332312617,-1.0359131809586002,-1.1768923800548332,-0.6683591089246615,-1.1469071832564992,False,True,True,False,True,False,False,False,False,False,False,False,False,False,True,False,False,False,False,False,False
0.10920929851680099,0,0.958917498086879,-0.7813700290886334,0.08984534639226345,0.26107101030115826,1.0384643409961936,0.37840702535570064,1.3561285689092124,1.1479561495819623,0.5801304053650299,0.022666460013860305,-0.25559206698179404,-0.8901868923917186,-0.42807250939347835,-1.5739990105569672,-0.9254007325196485,0.2983902258895533,0.1556726718769394,0.3418217332312617,-0.2639949101082846,-0.2985951498102796,-0.3272620251076344,-0.27122805009444234,False,True,False,True,True,False,False,False,False,False,False,False,False,False,False,True,False,False,True,True,False
-0.23148351311383164,0,1.3679913703776514,-0.5353092396217994,0.08984534639226345,0.26107101030115826,-1.0349692990408008,-1.0197399130157712,1.3561285689092124,-1.575009224470179,1.8466178254554768,-1.224487031987013,-0.25559206698179404,-0.8901868923917186,-0.42807250939347835,1.2002765418458676,-0.9254007325196485,0.6022709215757975,2.466900515655734,0.3418217332312617,0.893882496167189,1.7507650540936786,1.037126310160474,1.188237171842319,False,True,True,False,False,False,True,False,False,False,False,True,False,False,False,False,False,False,True,False,False
-0.004354972026743229,0,1.6481449920070894,0.2028731287787024,-0.8847969712710111,-0.6560592745909929,1.2853016790958356,0.37840702535570064,1.3561285689092124,1.1479561495819623,1.2762012929236624,1.2073991552606689,-1.0597285932632623,-0.3416327337536044,-0.42807250939347835,0.27551802437825607,0.2332727608290527,-0.00549046979669098,2.466900515655734,0.3418217332312617,0.5079233607420311,0.872467823849125,0.013835058709392709,1.188237171842319,True,False,False,True,False,False,False,False,True,False,False,False,False,False,False,True,False,True,False,False,False
-0.004354972026743229,0,0.29696159565271996,-0.7813700290886334,-0.8847969712710111,-1.573189559483144,-1.3311741047603716,0.37840702535570064,-1.0029610262683273,1.1479561495819623,-0.8038754762612901,-1.65287605060929,0.9506127224404082,1.8525839007988518,2.3360528369758367,-1.5739990105569672,0.2332727608290527,-0.46131151332605735,-0.6147366093826588,0.3418217332312617,-1.0359131809586002,-1.1768923800548332,-0.6683591089246615,-1.1469071832564992,False,True,True,False,True,False,False,False,False,False,True,False,False,False,False,False,False,False,False,False,False
-0.6857405952880085,0,1.2638634756127274,1.679237865579706,0.08984534639226345,-1.573189559483144,1.4827715495755494,-2.417886851387243,-1.0029610262683273,0.24030102489791522,-0.8707706005201716,1.11734488219076,-0.6576603301225281,2.6754151387560228,2.3360528369758367,0.27551802437825607,2.550619747526455,-0.00549046979669098,-0.6147366093826588,-1.0670240730349723,0.70090292845461,0.872467823849125,-0.6683591089246615,1.4801302162296714,True,False,True,False,True,False,False,False,False,False,False,False,False,False,True,False,False,False,False,True,False
-0.3450477836573759,0,-0.12946692576553973,1.556207470846289,-0.8847969712710111,0.26107101030115826,1.433404081955621,0.37840702535570064,0.1765837713204426,-0.6673540997861319,0.19382612923941653,0.15929085560590286,-1.0597285932632623,-0.6159098130726615,-0.42807250939347835,-1.5739990105569672,0.2332727608290527,-0.3093711654829352,-0.6147366093826588,1.7506675394974955,0.12196422531687327,0.872467823849125,-0.6683591089246615,0.8963441274549668,False,False,False,True,False,True,False,False,False,False,False,False,False,False,False,True,False,True,False,True,False
2.266930438844141,1,-0.8955507229646226,0.5719643129789533,1.064487664055538,-0.6560592745909929,0.2979523266972669,0.37840702535570064,-1.0029610262683273,-0.6673540997861319,-0.1626465374193983,-1.379486987971825,2.5588857750033447,0.7554755835226237,-0.42807250939347835,-1.5739990105569672,2.550619747526455,-0.46131151332605735,-0.6147366093826588,0.3418217332312617,-0.2639949101082846,-0.005829406395428478,0.696029226343447,-0.27122805009444234,False,True,True,False,True,False,False,False,False,False,False,False,False,False,True,False,False,True,False,False,True
-0.5721763247444642,1,-1.3715639561757031,-0.41227884488838246,1.064487664055538,-0.6560592745909929,0.49542219717698066,-2.417886851387243,0.1765837713204426,0.24030102489791522,0.20166069334180808,0.8969784289309048,0.5485444592996741,0.7554755835226237,-0.42807250939347835,-0.6492404930893556,-0.9254007325196485,0.2983902258895533,0.1556726718769394,-1.0670240730349723,0.12196422531687327,0.872467823849125,1.7193204777945283,0.8963441274549668,False,True,False,True,True,False,False,False,False,False,False,False,False,False,False,True,False,True,False,True,True
-1.1399976774621854,0,0.09614351289179535,-0.41227884488838246,0.08984534639226345,0.26107101030115826,-0.9856018314208724,-1.0197399130157712,-1.0029610262683273,-0.6673540997861319,-0.9445963007157842,1.2562136210368813,-0.6576603301225281,1.0297526628416807,-0.42807250939347835,0.27551802437825607,-0.9254007325196485,-0.7651922090123016,0.1556726718769394,-1.0670240730349723,-0.2639949101082846,-0.005829406395428478,0.696029226343447,-0.27122805009444234,False,True,True,False,False,False,False,True,False,False,False,False,False,False,True,False,False,True,False,False,False
2.4940589799312294,1,-1.6244459863190899,1.679237865579706,1.064487664055538,1.1782012951933094,1.3840366143356926,0.37840702535570064,1.3561285689092124,1.1479561495819623,1.4491643619533832,-1.526070656753842,-0.6576603301225281,-0.8901868923917186,-0.42807250939347835,1.2002765418458676,0.2332727608290527,4.552719965496973,0.1556726718769394,-1.0670240730349723,6.490289959831977,1.7507650540936786,4.448097148330746,0.6044510830676145,False,True,True,False,False,False,True,False,False,False,False,False,False,False,False,False,False,True,False,False,False
-1.9349475712669948,1,-0.6798572266658517,1.556207470846289,-1.8594392889342857,1.1782012951933094,-0.7881319609411588,0.37840702535570064,-1.0029610262683273,0.24030102489791522,-1.153417566983374,1.7499691369342014,-0.6576603301225281,1.0297526628416807,-0.42807250939347835,1.2002765418458676,-0.9254007325196485,-1.5248939482279122,-0.6147366093826588,-1.0670240730349723,-1.2288927486711791,-1.1768923800548332,-0.6683591089246615,-1.1469071832564992,False,True,False,True,False,True,False,False,False,False,False,False,False,False,False,False,True,False,True,True,True
-1.594254759636362,0,-0.5162276777495427,-0.9044004238220503,-1.8594392889342857,0.26107101030115826,1.6802414200552631,0.37840702535570064,-1.0029610262683273,1.1479561495819623,-0.8978902454899884,0.6949875360638192,-1.0597285932632623,-0.3416327337536044,-0.42807250939347835,0.27551802437825607,0.2332727608290527,-1.0690729046985459,-0.6147366093826588,0.3418217332312617,-0.8429336132460213,-0.884126636639982,0.013835058709392709,-0.8550141388691469,False,True,True,False,False,False,False,False,True,False,True,False,False,False,False,False,False,True,False,True,False
1.4719805450393315,0,-0.8236528908650322,1.3101466813794551,1.064487664055538,0.26107101030115826,1.4827715495755494,0.37840702535570064,0.1765837713204426,-1.575009224470179,0.3206858018204487,-1.2337449479100877,-0.6576603301225281,-0.3416327337536044,-0.42807250939347835,0.27551802437825607,-0.9254007325196485,0.9061516172620417,-0.6147366093826588,-1.0670240730349723,1.6658007670175043,2.04353079750853,1.037126310160474,2.063916305004376,False,True,True,False,False,False,True,False,False,False,False,False,True,False,False,False,False,True,False,False,False
0.7905949217780662,0,0.38373484129015656,2.294389839246791,0.08984534639226345,-0.6560592745909929,0.2979523266972669,1.7765539637271726,-1.0029610262683273,0.24030102489791522,-0.2301443204553869,0.24485644216765437,0.5485444592996741,-0.8901868923917186,-0.42807250939347835,1.2002765418458676,-0.9254007325196485,1.210032312948286,-0.6147366093826588,0.3418217332312617,-0.6499540455334424,-0.5913608932251309,-0.3272620251076344,-0.5631210944817947,True,False,True,False,False,False,True,False,False,False,False,False,False,False,True,False,False,False,True,False,False
1.5855448155828757,0,0.016807974023281914,0.3259035235121194,0.08984534639226345,0.26107101030115826,0.544789664796909,0.37840702535570064,1.3561285689092124,1.1479561495819623,1.1164967169902964,-1.0800074350056947,0.5485444592996741,-1.1644639717107754,-0.42807250939347835,1.2002765418458676,-0.9254007325196485,0.9061516172620417,0.1556726718769394,0.3418217332312617,-0.8429336132460213,-0.5913608932251309,0.013835058709392709,-0.8550141388691469,True,False,False,True,False,True,False,False,False,False,False,False,False,False,False,True,False,False,True,False,False
-0.5721763247444642,1,-0.6451479284108771,1.3101466813794551,0.08984534639226345,-0.6560592745909929,0.24858485907733846,-2.417886851387243,0.1765837713204426,0.24030102489791522,-0.2843836103950206,1.4649375436662029,0.14647619615894003,-1.1644639717107754,-0.42807250939347835,0.27551802437825607,0.2332727608290527,-0.9171325568554237,-0.6147366093826588,0.3418217332312617,-0.8429336132460213,-0.5913608932251309,0.013835058709392709,-0.5631210944817947,False,True,False,True,True,False,False,False,False,False,False,False,False,False,False,True,False,True,False,False,True
0.5634663806909778,0,-0.0005466751042054,-0.043187660688131534,-1.8594392889342857,0.26107101030115826,1.4827715495755494,0.37840702535570064,1.3561285689092124,0.24030102489791522,0.809442070054259,0.9610824831255285,0.14647619615894003,-0.6159098130726615,-0.42807250939347835,0.27551802437825607,0.2332727608290527,0.2983902258895533,-0.6147366093826588,0.3418217332312617,0.5079233607420311,0.872467823849125,-0.6683591089246615,0.8963441274549668,False,True,False,True,True,False,False,False,False,False,False,False,False,False,False,True,False,False,False,True,True
-1.1399976774621854,0,1.3704706059672924,1.92529865504654,-1.8594392889342857,0.26107101030115826,-0.2450898171219459,0.37840702535570064,-1.0029610262683273,0.24030102489791522,-0.7716332316860633,-0.7614509643798953,-0.6576603301225281,2.126860980117909,2.3360528369758367,1.2002765418458676,0.2332727608290527,-0.3093711654829352,0.1556726718769394,0.3418217332312617,0.3149437930294522,0.872467823849125,1.037126310160474,0.8963441274549668,False,True,False,False,True,False,False,False,False,True,False,False,False,False,False,False,False,True,False,False,False
-0.004354972026743229,0,-1.4533787306338577,-0.41227884488838246,-0.8847969712710111,-0.6560592745909929,0.8903619381364082,0.37840702535570064,0.1765837713204426,-0.6673540997861319,-0.16927578396757575,-1.6166860156372707,1.3526809855811424,1.3040297421607379,2.3360528369758367,1.2002765418458676,1.3919462541777539,-0.46131151332605735,-2.1555551719018555,0.3418217332312617,-0.6499540455334424,-0.5913608932251309,-0.6683591089246615,-0.8550141388691469,False,True,True,False,False,False,True,False,False,False,False,False,True,False,False,False,False,False,False,True,False
1.69910908612642,1,0.8622273100908782,-0.1662180554215485,1.064487664055538,-1.573189559483144,-0.6400295580813734,-2.417886851387243,1.3561285689092124,1.1479561495819623,1.551013695284473,1.515715809789734,-0.25559206698179404,-0.0673556544345474,-0.42807250939347835,1.2002765418458676,-0.9254007325196485,1.210032312948286,-0.6147366093826588,0.3418217332312617,-0.4569744778208635,-0.5913608932251309,-0.6683591089246615,-0.27122805009444234,True,False,True,False,True,False,False,False,False,False,False,False,True,False,False,False,False,False,True,True,False
0.3363378396038894,0,1.3060104806366253,-0.6583396343552164,1.064487664055538,1.1782012951933094,-0.936234363800944,-1.0197399130157712,0.1765837713204426,0.24030102489791522,0.12030175843235752,0.034449262097773624,0.5485444592996741,-0.3416327337536044,-0.42807250939347835,0.27551802437825607,0.2332727608290527,1.058091965105164,-1.3851458906422571,1.7506675394974955,1.6658007670175043,2.04353079750853,1.037126310160474,1.4801302162296714,False,True,False,True,True,False,False,False,False,False,False,False,False,False,False,True,False,True,False,False,False
-1.2535619480057296,0,0.3886933124694386,2.294389839246791,0.08984534639226345,-1.573189559483144,-1.2324391695205146,-1.0197399130157712,0.1765837713204426,0.24030102489791522,0.9450402949033433,1.4715303019750592,-0.25559206698179404,0.7554755835226237,-0.42807250939347835,1.2002765418458676,-0.9254007325196485,-0.6132518611691794,0.1556726718769394,0.3418217332312617,-0.8429336132460213,-0.5913608932251309,0.013835058709392709,-0.5631210944817947,False,True,False,True,True,False,False,False,False,False,False,False,False,False,False,True,False,True,False,True,False
-0.6857405952880085,0,1.0853585131585723,-0.043187660688131534,0.08984534639226345,0.26107101030115826,-0.8868668961810157,0.37840702535570064,0.1765837713204426,1.1479561495819623,0.25439333633867417,-0.05083578155721804,-1.0597285932632623,1.0297526628416807,-0.42807250939347835,1.2002765418458676,-0.9254007325196485,0.2983902258895533,-0.6147366093826588,-2.475869879301206,0.893882496167189,1.4579993106788274,0.696029226343447,0.8963441274549668,False,True,False,False,False,False,False,False,False,True,False,False,False,False,False,False,False,True,False,True,True
-0.45861205420092005,1,0.5721567461028759,-0.043187660688131534,0.08984534639226345,-1.573189559483144,-1.2324391695205146,0.37840702535570064,-1.0029610262683273,-1.575009224470179,-0.3925608608857345,-0.5779759033589593,1.7547492487218765,1.8525839007988518,2.3360528369758367,-1.5739990105569672,-0.9254007325196485,-0.00549046979669098,-0.6147366093826588,1.7506675394974955,-0.2639949101082846,-0.005829406395428478,-0.6683591089246615,0.020664994292909928,False,True,True,False,False,False,True,False,False,False,True,False,False,False,False,False,False,False,True,False,False
1.0177234628651546,0,1.2737804179712917,2.417420233980208,0.08984534639226345,0.26107101030115826,0.8409944705164797,0.37840702535570064,-1.0029610262683273,1.1479561495819623,-0.6179552435237678,-0.6441840293542818,0.9506127224404082,-0.6159098130726615,-0.42807250939347835,-0.6492404930893556,-0.9254007325196485,-0.1574308176398131,-0.6147366093826588,-1.0670240730349723,-0.07101534239570564,0.28693633701942267,-0.6683591089246615,-0.27122805009444234,False,True,True,False,False,False,True,False,False,False,False,False,False,False,True,False,False,False,True,True,False
0.22277356906034518,0,-1.086451863366983,-0.7813700290886334,2.0391299817188124,1.1782012951933094,-1.6767463780998706,0.37840702535570064,0.1765837713204426,0.24030102489791522,-0.3573053224249726,-1.6892063570346896,0.14647619615894003,1.3040297421607379,2.3360528369758367,-0.6492404930893556,-0.9254007325196485,1.361972660791408,-0.6147366093826588,0.3418217332312617,-0.6499540455334424,-0.5913608932251309,0.013835058709392709,-0.5631210944817947,False,True,True,False,False,False,False,False,True,False,False,False,False,False,True,False,False,False,True,False,True
-0.6857405952880085,0,-0.9029884297335458,1.0640858919126213,0.08984534639226345,-1.573189559483144,0.4460547295570522,0.37840702535570064,-1.0029610262683273,0.24030102489791522,-0.8650453421376547,1.3417792075986328,-0.6576603301225281,-0.3416327337536044,-0.42807250939347835,0.27551802437825607,-0.9254007325196485,-0.7651922090123016,0.9260819531365376,-1.0670240730349723,-0.2639949101082846,-0.005829406395428478,-0.6683591089246615,0.020664994292909928,False,True,True,False,True,False,False,False,False,False,False,False,False,False,True,False,False,False,True,False,False
-0.45861205420092005,0,-0.28070029673364344,-0.043187660688131534,-0.8847969712710111,1.1782012951933094,-1.5286439752400853,-2.417886851387243,0.1765837713204426,1.1479561495819623,-0.2515387070426869,1.18776115178748,-1.0597285932632623,0.48119850420356663,-0.42807250939347835,1.2002765418458676,2.550619747526455,-0.1574308176398131,-0.6147366093826588,1.7506675394974955,0.3149437930294522,0.872467823849125,-0.6683591089246615,0.8963441274549668,True,False,False,True,False,False,True,False,False,False,False,False,False,False,False,True,False,False,False,True,False
-0.6857405952880085,0,-1.4905672644784733,-0.5353092396217994,0.08984534639226345,1.1782012951933094,0.8903619381364082,0.37840702535570064,-1.0029610262683273,-1.575009224470179,-0.692684931885041,-0.5511840557633945,0.9506127224404082,-0.3416327337536044,-0.42807250939347835,1.2002765418458676,0.2332727608290527,-0.3093711654829352,0.1556726718769394,0.3418217332312617,-0.6499540455334424,-0.5913608932251309,0.013835058709392709,-0.5631210944817947,False,True,True,False,False,False,False,False,True,False,False,False,False,False,True,False,False,False,False,False,False
-0.6857405952880085,0,1.5489755684214477,-0.9044004238220503,-1.8594392889342857,-0.6560592745909929,-1.5286439752400853,-1.0197399130157712,-1.0029610262683273,1.1479561495819623,-0.8385283559449449,-0.44640128008859387,-1.0597285932632623,-0.6159098130726615,-0.42807250939347835,1.2002765418458676,-0.9254007325196485,-0.6132518611691794,0.1556726718769394,0.3418217332312617,-0.2639949101082846,-0.2985951498102796,-0.3272620251076344,-0.5631210944817947,False,True,True,False,False,False,True,False,False,False,True,False,False,False,False,False,False,False,True,True,False
0.5634663806909778,0,0.3242331871387715,-0.043187660688131534,1.064487664055538,0.26107101030115826,1.3840366143356926,0.37840702535570064,-1.0029610262683273,-1.575009224470179,-0.9837691212277418,-1.0356816557376398,-0.25559206698179404,1.5783068214797948,2.3360528369758367,1.2002765418458676,0.2332727608290527,-0.46131151332605735,-0.6147366093826588,0.3418217332312617,-0.2639949101082846,-1.1768923800548332,-0.3272620251076344,0.020664994292909928,False,True,True,False,True,False,False,False,False,False,True,False,False,False,False,False,False,True,False,True,False
-1.9349475712669948,0,0.9390836133697505,-0.7813700290886334,-1.8594392889342857,-0.6560592745909929,0.6435246000367659,0.37840702535570064,-1.0029610262683273,-0.6673540997861319,-1.2112728095856498,0.24653969960821343,-0.6576603301225281,-0.3416327337536044,-0.42807250939347835,1.2002765418458676,-0.9254007325196485,-1.37295360038479,0.1556726718769394,0.3418217332312617,-1.0359131809586002,-1.1768923800548332,-0.6683591089246615,-1.1469071832564992,False,True,True,False,False,False,True,False,False,False,True,False,False,False,False,False,False,False,True,False,False
0.4499021101474336,0,1.4696400295529342,2.048329049779957,0.08984534639226345,-0.6560592745909929,-0.590662090461445,0.37840702535570064,0.1765837713204426,-0.6673540997861319,0.030806930031961912,-0.8192428031724226,-0.6576603301225281,-1.1644639717107754,-0.42807250939347835,-1.5739990105569672,0.2332727608290527,1.5139130086345303,-0.6147366093826588,0.3418217332312617,2.630698605580399,0.872467823849125,0.013835058709392709,2.6477023937790807,True,False,True,False,False,False,True,False,False,False,False,False,False,False,True,False,False,False,False,False,False
-0.11791924257028744,0,-0.34763965765395166,-1.0274308185554673,2.0391299817188124,0.26107101030115826,1.3840366143356926,0.37840702535570064,1.3561285689092124,-0.6673540997861319,0.5400535966874117,-0.4075460875023559,-0.6576603301225281,-0.6159098130726615,-0.42807250939347835,-1.5739990105569672,1.3919462541777539,-0.00549046979669098,0.1556726718769394,0.3418217332312617,0.70090292845461,1.1652335672639762,-0.6683591089246615,0.6044510830676145,False,True,False,True,False,True,False,False,False,False,False,False,False,False,False,True,False,True,False,True,False
1.9262376272135084,0,1.571288688728217,-0.41227884488838246,-0.8847969712710111,-0.6560592745909929,-1.5780114428600138,0.37840702535570064,0.1765837713204426,0.24030102489791522,-0.9632787228061024,0.2388247696723178,-0.25559206698179404,1.3040297421607379,2.3360528369758367,1.2002765418458676,0.2332727608290527,0.4503305737326754,0.1556726718769394,-2.475869879301206,0.12196422531687327,0.872467823849125,0.696029226343447,0.3125580386802622,False,True,False,True,False,True,False,False,False,False,False,False,False,False,False,False,True,True,False,True,True
1.0177234628651546,0,-1.5079219136059607,-0.043187660688131534,0.08984534639226345,-0.6560592745909929,-0.2944572847418743,0.37840702535570064,0.1765837713204426,-0.6673540997861319,-0.9506228884868546,-0.4830121294207531,2.1568175118626107,0.7554755835226237,-0.42807250939347835,0.27551802437825607,0.2332727608290527,1.5139130086345303,-0.6147366093826588,-2.475869879301206,2.051759902442662,1.4579993106788274,-0.6683591089246615,3.231488482553785,False,True,True,False,True,False,False,False,False,False,True,False,False,False,False,False,False,False,False,True,False
-0.45861205420092005,0,0.408527197186567,-0.1662180554215485,0.08984534639226345,-0.6560592745909929,-1.1337042342806578,0.37840702535570064,1.3561285689092124,1.1479561495819623,1.053217545394057,0.17458044402431422,-0.6576603301225281,-0.3416327337536044,-0.42807250939347835,1.2002765418458676,-0.9254007325196485,-0.1574308176398131,-0.6147366093826588,0.3418217332312617,0.5079233607420311,1.1652335672639762,0.3549321425264198,0.8963441274549668,True,False,False,True,False,True,False,False,False,False,False,False,False,False,False,True,False,False,True,False,False
-0.7993048658315527,0,1.7200428241066796,-1.0274308185554673,-1.8594392889342857,1.1782012951933094,-1.2324391695205146,0.37840702535570064,0.1765837713204426,0.24030102489791522,-0.3567026636478655,1.674643366469184,-0.6576603301225281,-0.6159098130726615,-0.42807250939347835,-1.5739990105569672,0.2332727608290527,-0.00549046979669098,-1.3851458906422571,0.3418217332312617,0.70090292845461,0.872467823849125,-0.6683591089246615,1.4801302162296714,False,False,True,False,False,False,False,False,True,False,False,False,True,False,False,False,False,True,False,True,False
1.69910908612642,0,0.909332786294058,-0.2892484501549655,1.064487664055538,-0.6560592745909929,-1.5780114428600138,-1.0197399130157712,0.1765837713204426,0.24030102489791522,0.18960751779966725,-0.05069551010383812,-0.25559206698179404,0.48119850420356663,-0.42807250939347835,0.27551802437825607,-0.9254007325196485,-0.00549046979669098,-0.6147366093826588,0.3418217332312617,-1.0359131809586002,-1.1768923800548332,-0.6683591089246615,-1.1469071832564992,False,True,True,False,False,False,True,False,False,False,False,False,True,False,False,False,False,True,False,True,False
2.4940589799312294,0,0.849831132142673,-0.043187660688131534,0.08984534639226345,-0.6560592745909929,0.4460547295570522,-1.0197399130157712,-1.0029610262683273,-0.6673540997861319,-0.649896158710441,-0.3466682767354704,0.5485444592996741,1.3040297421607379,2.3360528369758367,-0.6492404930893556,0.2332727608290527,-0.1574308176398131,0.1556726718769394,-1.0670240730349723,-1.0359131809586002,-1.1768923800548332,-0.6683591089246615,-1.1469071832564992,False,True,True,False,False,False,True,False,False,False,False,False,False,False,True,False,False,True,False,False,True
0.4499021101474336,0,-0.42697519652246513,-0.6583396343552164,1.064487664055538,0.26107101030115826,0.051114988597624714,-1.0197399130157712,1.3561285689092124,1.1479561495819623,1.6127862199379448,-0.8125097734101864,1.7547492487218765,-1.1644639717107754,-0.42807250939347835,-1.5739990105569672,0.2332727608290527,0.7542112694189196,-0.6147366093826588,-1.0670240730349723,1.086862063879768,2.04353079750853,0.013835058709392709,2.063916305004376,False,True,False,True,False,True,False,False,False,False,False,False,False,False,False,True,False,True,False,True,False
-0.23148351311383164,0,-1.2376852343350868,-0.9044004238220503,1.064487664055538,0.26107101030115826,0.4460547295570522,0.37840702535570064,-1.0029610262683273,0.24030102489791522,-0.9858784269476165,-0.42508001917484595,1.3526809855811424,0.7554755835226237,-0.42807250939347835,1.2002765418458676,0.2332727608290527,-0.6132518611691794,0.1556726718769394,0.3418217332312617,-0.4569744778208635,-0.2985951498102796,-0.3272620251076344,-0.5631210944817947,True,False,False,True,False,True,False,False,False,False,False,False,False,False,False,False,True,True,False,False,False
-1.594254759636362,0,1.125026282592829,1.187116286646038,-1.8594392889342857,0.26107101030115826,0.6928920676566944,0.37840702535570064,-1.0029610262683273,1.1479561495819623,-0.9581561232006925,-0.3299759737832598,-0.6576603301225281,2.401138059436966,2.3360528369758367,-1.5739990105569672,1.3919462541777539,-1.221013252541668,2.466900515655734,0.3418217332312617,-0.8429336132460213,-0.5913608932251309,0.013835058709392709,-0.5631210944817947,False,True,True,False,False,False,True,False,False,False,False,False,False,False,True,False,False,True,False,True,False
-1.0264334069186412,0,-0.2757418255543614,-0.043187660688131534,0.08984534639226345,1.1782012951933094,-0.44255968760165965,0.37840702535570064,-1.0029610262683273,-0.6673540997861319,-1.0482536103781952,-1.1746906660371412,1.3526809855811424,0.7554755835226237,-0.42807250939347835,1.2002765418458676,0.2332727608290527,-0.6132518611691794,-1.3851458906422571,-2.475869879301206,-0.8429336132460213,-0.5913608932251309,0.013835058709392709,-0.5631210944817947,False,False,True,False,False,False,True,False,False,False,False,False,False,False,True,False,False,False,False,True,False
-0.9128691363750969,0,-0.8980299585542636,1.4331770761128722,0.08984534639226345,0.26107101030115826,-1.1830717019005863,0.37840702535570064,-1.0029610262683273,1.1479561495819623,-0.8406376616648196,-1.076220105764437,-0.6576603301225281,-1.1644639717107754,-0.42807250939347835,0.27551802437825607,0.2332727608290527,-0.7651922090123016,-0.6147366093826588,-2.475869879301206,-0.2639949101082846,-0.5913608932251309,-0.6683591089246615,-0.5631210944817947,False,True,True,False,False,False,True,False,False,False,False,False,False,False,True,False,False,True,False,True,False
2.380494709387685,0,-1.1608289310562143,1.802268260313123,-0.8847969712710111,0.26107101030115826,0.8409944705164797,1.7765539637271726,1.3561285689092124,1.1479561495819623,1.1861038057461597,1.2705213092816332,0.14647619615894003,0.20692142488450962,-0.42807250939347835,-0.6492404930893556,0.2332727608290527,0.2983902258895533,-0.6147366093826588,-2.475869879301206,-0.2639949101082846,-0.2985951498102796,-0.3272620251076344,0.020664994292909928,False,True,True,False,True,False,False,False,False,False,False,False,False,False,False,False,False,False,False,True,True
-1.0264334069186412,0,1.6059979869831917,-0.7813700290886334,0.08984534639226345,0.26107101030115826,0.6435246000367659,-1.0197399130157712,-1.0029610262683273,0.24030102489791522,-0.8849330817821871,1.5404035855846,-0.6576603301225281,-0.0673556544345474,-0.42807250939347835,1.2002765418458676,0.2332727608290527,-1.37295360038479,-0.6147366093826588,-1.0670240730349723,-1.0359131809586002,-0.884126636639982,-0.6683591089246615,-0.8550141388691469,False,False,True,False,False,False,True,False,False,False,False,False,False,False,True,False,False,False,False,True,True
0.5634663806909778,0,-0.8360490688132375,0.5719643129789533,0.08984534639226345,-1.573189559483144,-0.4919271552215881,0.37840702535570064,-1.0029610262683273,0.24030102489791522,-0.9195859614658419,-1.365600114087213,0.5485444592996741,-0.8901868923917186,-0.42807250939347835,-1.5739990105569672,0.2332727608290527,0.4503305737326754,-0.6147366093826588,0.3418217332312617,0.5079233607420311,1.1652335672639762,-0.3272620251076344,1.188237171842319,False,True,True,False,True,False,False,False,False,False,False,False,False,False,True,False,False,False,False,True,False
-0.6857405952880085,0,1.3308028365330358,-0.5353092396217994,0.08984534639226345,-0.6560592745909929,-1.2324391695205146,0.37840702535570064,1.3561285689092124,1.1479561495819623,1.1800772179750894,-0.8825052286467667,-0.25559206698179404,-0.8901868923917186,-0.42807250939347835,0.27551802437825607,0.2332727608290527,0.2983902258895533,-0.6147366093826588,0.3418217332312617,0.70090292845461,1.4579993106788274,1.7193204777945283,0.020664994292909928,False,True,False,True,True,False,False,False,False,False,False,False,False,False,False,True,False,True,False,False,False
0.22277356906034518,0,-0.24847023406830987,-1.0274308185554673,1.064487664055538,-1.573189559483144,-0.34382475236180277,-1.0197399130157712,0.1765837713204426,1.1479561495819623,0.9592027761653588,-0.19840135051289443,0.5485444592996741,1.8525839007988518,2.3360528369758367,0.27551802437825607,-0.9254007325196485,0.2983902258895533,-0.6147366093826588,1.7506675394974955,0.3149437930294522,-0.2985951498102796,-0.6683591089246615,0.8963441274549668,False,True,False,True,True,False,False,False,False,False,False,False,False,False,False,True,False,False,True,False,False
-0.45861205420092005,0,-1.691385347239398,-0.41227884488838246,2.0391299817188124,0.26107101030115826,-1.1337042342806578,0.37840702535570064,-1.0029610262683273,0.24030102489791522,-0.7427056103849253,-0.2685370772028547,0.14647619615894003,1.3040297421607379,2.3360528369758367,-1.5739990105569672,-0.9254007325196485,-0.3093711654829352,-0.6147366093826588,0.3418217332312617,-0.2639949101082846,-0.005829406395428478,-0.3272620251076344,0.020664994292909928,False,True,True,False,True,False,False,False,False,False,False,False,False,False,True,False,False,False,True,True,False
-1.0264334069186412,0,0.8795819592183655,0.9410554971792042,0.08984534639226345,0.26107101030115826,-0.7387644933212303,0.37840702535570064,-1.0029610262683273,-0.6673540997861319,-0.736679022613855,-0.13752353974600892,-1.0597285932632623,0.20692142488450962,-0.42807250939347835,1.2002765418458676,0.2332727608290527,-0.6132518611691794,0.1556726718769394,-1.0670240730349723,-0.2639949101082846,-0.5913608932251309,-0.3272620251076344,-0.8550141388691469,False,True,True,False,False,False,False,False,True,False,False,False,False,False,True,False,False,True,False,True,True
-1.9349475712669948,1,-0.4963937930324144,-1.0274308185554673,-1.8594392889342857,0.26107101030115826,1.6802414200552631,-2.417886851387243,-1.0029610262683273,-1.575009224470179,-0.9575534644235856,0.932046292275885,-1.0597285932632623,1.5783068214797948,2.3360528369758367,-1.5739990105569672,-0.9254007325196485,-1.37295360038479,1.696491234396136,1.7506675394974955,-1.2288927486711791,-1.1768923800548332,-0.6683591089246615,-1.1469071832564992,True,False,False,True,False,False,False,False,True,False,False,False,False,False,False,False,True,False,True,False,False
-0.004354972026743229,0,1.680375054672423,-0.7813700290886334,-0.8847969712710111,1.1782012951933094,-1.7754813133397276,0.37840702535570064,-1.0029610262683273,-0.6673540997861319,-1.02896852951077,0.1006573880930961,0.5485444592996741,-0.8901868923917186,-0.42807250939347835,0.27551802437825607,-0.9254007325196485,0.4503305737326754,0.1556726718769394,-1.0670240730349723,0.3149437930294522,0.872467823849125,1.7193204777945283,-0.5631210944817947,True,False,True,False,False,False,True,False,False,False,True,False,False,False,False,False,False,False,True,True,False
-0.6857405952880085,0,-1.7136984675461673,-0.043187660688131534,0.08984534639226345,0.26107101030115826,0.0017475209776962777,0.37840702535570064,0.1765837713204426,-1.575009224470179,-0.7324604111741057,-0.46744199809558196,-0.6576603301225281,-1.1644639717107754,-0.42807250939347835,0.27551802437825607,1.3919462541777539,0.2983902258895533,0.9260819531365376,0.3418217332312617,1.086862063879768,1.4579993106788274,1.3782233939775013,1.7720232606170236,False,False,True,False,False,False,True,False,False,False,True,False,False,False,False,False,False,False,False,True,False
1.0177234628651546,0,1.1547771096685215,-0.6583396343552164,-0.8847969712710111,0.26107101030115826,-1.7754813133397276,0.37840702535570064,0.1765837713204426,-1.575009224470179,-0.1496893737115969,-1.1257359288075488,0.5485444592996741,-1.1644639717107754,-0.42807250939347835,-1.5739990105569672,0.2332727608290527,-0.1574308176398131,0.1556726718769394,1.7506675394974955,-0.2639949101082846,-0.005829406395428478,-0.6683591089246615,-0.27122805009444234,False,True,False,True,True,False,False,False,False,False,False,False,False,False,False,True,False,False,False,False,True
2.266930438844141,0,-0.22119864258225838,-0.1662180554215485,0.08984534639226345,0.26107101030115826,0.051114988597624714,0.37840702535570064,-1.0029610262683273,-1.575009224470179,-0.3753850857381838,-0.056867454052554625,0.5485444592996741,0.7554755835226237,-0.42807250939347835,0.27551802437825607,0.2332727608290527,1.361972660791408,0.1556726718769394,0.3418217332312617,-0.8429336132460213,-0.5913608932251309,0.013835058709392709,-0.5631210944817947,False,True,True,False,True,False,False,False,False,False,False,False,False,False,True,False,False,False,False,False,True
-0.3450477836573759,0,-1.6566760489844234,-0.9044004238220503,0.08984534639226345,0.26107101030115826,1.1865667438559788,0.37840702535570064,-1.0029610262683273,1.1479561495819623,-0.9048208214267195,-0.5371569104254025,-1.0597285932632623,-0.3416327337536044,-0.42807250939347835,-1.5739990105569672,-0.9254007325196485,-0.9171325568554237,-0.6147366093826588,1.7506675394974955,-0.6499540455334424,-0.884126636639982,-0.6683591089246615,-0.5631210944817947,False,True,True,False,True,False,False,False,False,False,False,False,False,False,True,False,False,False,True,True,False
-1.9349475712669948,1,-1.2376852343350868,-0.9044004238220503,0.08984534639226345,-0.6560592745909929,-0.936234363800944,-1.0197399130157712,-1.0029610262683273,1.1479561495819623,-1.326079306624541,-0.7158627420314212,-0.6576603301225281,1.8525839007988518,2.3360528369758367,0.27551802437825607,-0.9254007325196485,-1.37295360038479,0.1556726718769394,-1.0670240730349723,-1.0359131809586002,-1.1768923800548332,-0.3272620251076344,-1.1469071832564992,False,True,True,False,True,False,False,False,False,False,True,False,False,False,False,False,False,False,True,True,False
1.1312877334086988,0,-0.6848156978451337,-1.0274308185554673,-0.8847969712710111,-0.6560592745909929,1.2853016790958356,0.37840702535570064,1.3561285689092124,-1.575009224470179,1.4916518057394297,-1.7123511468423764,-0.6576603301225281,2.6754151387560228,2.3360528369758367,0.27551802437825607,2.550619747526455,2.1216744000070187,-0.6147366093826588,0.3418217332312617,3.4026168764307148,2.629062284338232,4.448097148330746,0.8963441274549668,False,True,False,True,False,True,False,False,False,False,False,False,False,False,False,True,False,False,False,False,False
0.22277356906034518,0,1.4324514957083185,-0.043187660688131534,-0.8847969712710111,0.26107101030115826,0.4460547295570522,0.37840702535570064,-1.0029610262683273,1.1479561495819623,-0.9687026518000658,-1.1257359288075488,-0.6576603301225281,-0.8901868923917186,-0.42807250939347835,0.27551802437825607,-0.9254007325196485,-1.221013252541668,0.1556726718769394,0.3418217332312617,-0.8429336132460213,-0.5913608932251309,0.013835058709392709,-0.8550141388691469,False,True,True,False,True,False,False,False,False,False,True,False,False,False,False,False,False,False,True,False,False
-0.5721763247444642,0,-1.641800635446577,0.3259035235121194,-1.8594392889342857,0.26107101030115826,1.433404081955621,0.37840702535570064,-1.0029610262683273,1.1479561495819623,-0.47422112518373855,-1.0324554123099017,2.1568175118626107,2.126860980117909,2.3360528369758367,0.27551802437825607,0.2332727608290527,-0.46131151332605735,-2.1555551719018555,0.3418217332312617,-0.4569744778208635,-0.5913608932251309,-0.6683591089246615,-0.5631210944817947,False,True,True,False,False,False,True,False,False,False,False,False,False,False,True,False,False,True,False,False,True
-0.23148351311383164,0,-0.42945443211210615,2.171359444513374,-0.8847969712710111,1.1782012951933094,1.433404081955621,0.37840702535570064,-1.0029610262683273,-0.6673540997861319,-0.9617720758633348,-1.2110209724625405,-0.25559206698179404,-0.0673556544345474,-0.42807250939347835,1.2002765418458676,-0.9254007325196485,-0.1574308176398131,0.1556726718769394,0.3418217332312617,-0.6499540455334424,-0.5913608932251309,-0.3272620251076344,-0.5631210944817947,False,True,True,False,False,False,True,False,False,False,False,False,False,False,True,False,False,False,True,False,False
0.5634663806909778,1,1.3729498415569334,1.3101466813794551,-0.8847969712710111,-0.6560592745909929,0.19921739145741002,0.37840702535570064,-1.0029610262683273,-0.6673540997861319,-0.7119700127524663,1.0357068963236462,-0.6576603301225281,1.8525839007988518,2.3360528369758367,1.2002765418458676,-0.9254007325196485,-0.9171325568554237,1.696491234396136,-1.0670240730349723,-0.4569744778208635,-0.2985951498102796,-0.6683591089246615,-0.5631210944817947,False,True,False,True,False,True,False,False,False,False,False,False,False,False,False,False,True,False,True,False,True
1.5855448155828757,0,-1.1757043445940607,-1.0274308185554673,0.08984534639226345,0.26107101030115826,0.9890968733762651,-1.0197399130157712,-1.0029610262683273,0.24030102489791522,-0.54623884904803,-1.5316815148890388,-0.25559206698179404,-0.0673556544345474,-0.42807250939347835,1.2002765418458676,0.2332727608290527,-0.7651922090123016,-0.6147366093826588,-1.0670240730349723,-0.6499540455334424,-0.5913608932251309,-0.6683591089246615,-0.5631210944817947,False,True,True,False,False,False,True,False,False,False,True,False,False,False,False,False,False,True,False,True,False
1.9262376272135084,0,0.6985977611745693,0.44893391824553636,-0.8847969712710111,1.1782012951933094,-0.44255968760165965,1.7765539637271726,0.1765837713204426,-1.575009224470179,-0.31722851374735433,1.6700144085076467,-0.6576603301225281,-1.1644639717107754,-0.42807250939347835,0.27551802437825607,1.3919462541777539,-0.7651922090123016,0.1556726718769394,0.3418217332312617,-0.4569744778208635,-0.5913608932251309,-0.3272620251076344,-0.27122805009444234,False,True,True,False,False,False,True,False,False,False,False,False,True,False,False,False,False,False,False,False,False
-0.3450477836573759,0,0.31927471595948936,0.5719643129789533,0.08984534639226345,1.1782012951933094,0.2979523266972669,0.37840702535570064,-1.0029610262683273,-0.6673540997861319,-0.8276804979570181,-1.356622741070898,-0.6576603301225281,-0.6159098130726615,-0.42807250939347835,1.2002765418458676,0.2332727608290527,-0.3093711654829352,1.696491234396136,0.3418217332312617,0.3149437930294522,0.872467823849125,-0.3272620251076344,0.6044510830676145,False,True,True,False,False,False,True,False,False,False,False,False,False,False,True,False,False,True,False,False,False
-0.23148351311383164,0,0.6614092273299536,-0.9044004238220503,-1.8594392889342857,1.1782012951933094,-1.0349692990408008,-1.0197399130157712,0.1765837713204426,0.24030102489791522,1.21864737970994,-0.03793080784626535,-0.6576603301225281,0.48119850420356663,-0.42807250939347835,0.27551802437825607,-0.9254007325196485,-0.00549046979669098,-0.6147366093826588,-1.0670240730349723,0.70090292845461,1.4579993106788274,-0.3272620251076344,1.4801302162296714,True,False,True,False,True,False,False,False,False,False,False,False,True,False,False,False,False,True,False,True,False
1.69910908612642,0,-1.2128928784386763,-0.7813700290886334,0.08984534639226345,1.1782012951933094,1.5815064848154063,0.37840702535570064,2.535673366497982,-0.6673540997861319,2.4803135295835306,-1.0032789500068782,0.14647619615894003,0.7554755835226237,-0.42807250939347835,0.27551802437825607,-0.9254007325196485,1.6658533564776523,2.466900515655734,0.3418217332312617,0.12196422531687327,0.872467823849125,-0.3272620251076344,-1.1469071832564992,False,True,True,False,False,False,True,False,False,False,False,False,False,False,False,False,False,False,True,False,False
-1.0264334069186412,0,0.22754299914277074,-0.043187660688131534,0.08984534639226345,1.1782012951933094,1.6308739524353348,0.37840702535570064,-1.0029610262683273,-0.6673540997861319,-0.9714146162970475,-0.3595732504464231,-0.6576603301225281,0.20692142488450962,-0.42807250939347835,1.2002765418458676,-0.9254007325196485,-0.46131151332605735,-0.6147366093826588,-1.0670240730349723,0.12196422531687327,0.872467823849125,-0.6683591089246615,-0.27122805009444234,False,True,True,False,False,False,True,False,False,False,False,False,False,False,True,False,False,False,True,False,False
-0.11791924257028744,1,-0.6104386301559024,1.679237865579706,-0.8847969712710111,-0.6560592745909929,-0.7881319609411588,-1.0197399130157712,0.1765837713204426,0.24030102489791522,0.12452036987210681,0.16167547031336152,0.14647619615894003,-0.6159098130726615,-0.42807250939347835,-1.5739990105569672,-0.9254007325196485,-0.3093711654829352,-1.3851458906422571,0.3418217332312617,-1.0359131809586002,-1.1768923800548332,-0.6683591089246615,-0.8550141388691469,False,True,True,False,True,False,False,False,False,False,False,False,True,False,False,False,False,True,False,True,True
0.7905949217780662,0,1.343199014481241,-0.2892484501549655,0.08984534639226345,1.1782012951933094,-1.4299090400002283,1.7765539637271726,-1.0029610262683273,1.1479561495819623,-1.0286672001222164,-1.278772084445042,0.5485444592996741,-0.3416327337536044,-0.42807250939347835,1.2002765418458676,2.550619747526455,-0.46131151332605735,0.1556726718769394,1.7506675394974955,-0.2639949101082846,-0.005829406395428478,0.013835058709392709,-0.5631210944817947,False,False,True,False,False,False,True,False,False,False,False,False,False,False,True,False,False,False,False,True,False
0.10920929851680099,0,-1.2699152970004204,1.4331770761128722,0.08984534639226345,-0.6560592745909929,-0.04761994664223216,1.7765539637271726,-1.0029610262683273,-1.575009224470179,-0.5842063520057735,1.2109059415951668,-0.6576603301225281,-0.8901868923917186,-0.42807250939347835,-1.5739990105569672,0.2332727608290527,-0.3093711654829352,0.1556726718769394,-1.0670240730349723,0.3149437930294522,0.872467823849125,-0.3272620251076344,0.8963441274549668,False,True,True,False,True,False,False,False,False,False,False,False,False,False,True,False,False,True,False,True,True
-0.11791924257028744,0,-1.6467591066258591,-0.9044004238220503,0.08984534639226345,-0.6560592745909929,-1.4299090400002283,0.37840702535570064,0.1765837713204426,-0.6673540997861319,-0.3247617484611924,0.23026821101614264,0.9506127224404082,-1.1644639717107754,-0.42807250939347835,1.2002765418458676,-0.9254007325196485,-0.00549046979669098,1.696491234396136,0.3418217332312617,-0.07101534239570564,-0.5913608932251309,-0.3272620251076344,-0.5631210944817947,True,False,True,False,False,False,True,False,False,False,True,False,False,False,False,False,False,False,True,False,False
0.677030651234522,0,0.3068785380112842,1.4331770761128722,-0.8847969712710111,0.26107101030115826,-1.4792765076201568,0.37840702535570064,0.1765837713204426,0.24030102489791522,-0.07164506207623508,0.29381117939724666,-0.25559206698179404,0.20692142488450962,-0.42807250939347835,-0.6492404930893556,0.2332727608290527,0.14644987804643114,1.696491234396136,0.3418217332312617,-0.2639949101082846,-0.2985951498102796,-0.6683591089246615,-0.5631210944817947,False,False,True,False,False,False,True,False,False,False,False,False,True,False,False,False,False,False,False,False,False
0.22277356906034518,0,1.1374224605410341,-0.9044004238220503,1.064487664055538,1.1782012951933094,1.0878318086161218,0.37840702535570064,0.1765837713204426,0.24030102489791522,0.3164671903806994,-0.9938807626304236,2.5588857750033447,-0.3416327337536044,-0.42807250939347835,-0.6492404930893556,-0.9254007325196485,0.6022709215757975,0.1556726718769394,0.3418217332312617,-1.0359131809586002,-1.1768923800548332,-0.6683591089246615,-1.1469071832564992,False,True,True,False,True,False,False,False,False,False,False,False,True,False,False,False,False,True,False,True,False
0.22277356906034518,0,0.6985977611745693,2.417420233980208,0.08984534639226345,1.1782012951933094,-0.590662090461445,0.37840702535570064,0.1765837713204426,1.1479561495819623,0.2284790089230714,-1.4250752103202993,0.14647619615894003,0.7554755835226237,-0.42807250939347835,-1.5739990105569672,0.2332727608290527,-0.1574308176398131,0.1556726718769394,-2.475869879301206,0.12196422531687327,0.872467823849125,-0.3272620251076344,0.8963441274549668,False,True,True,False,False,False,False,False,True,False,False,False,True,False,False,False,False,True,False,True,False
-1.0264334069186412,0,-0.8186944196857502,-1.0274308185554673,-1.8594392889342857,0.26107101030115826,-0.2944572847418743,-1.0197399130157712,0.1765837713204426,-1.575009224470179,-0.36303058080748946,-0.654423845451016,0.9506127224404082,1.0297526628416807,-0.42807250939347835,0.27551802437825607,0.2332727608290527,-0.6132518611691794,-1.3851458906422571,0.3418217332312617,-0.8429336132460213,-0.5913608932251309,0.013835058709392709,-1.1469071832564992,True,False,True,False,False,False,False,False,True,False,False,False,True,False,False,False,False,True,False,True,False
1.4719805450393315,0,0.49530044282400354,1.0640858919126213,1.064487664055538,1.1782012951933094,1.2853016790958356,0.37840702535570064,0.1765837713204426,1.1479561495819623,0.39210086690763307,1.325367447553182,-0.6576603301225281,-0.0673556544345474,-0.42807250939347835,-1.5739990105569672,1.3919462541777539,-0.46131151332605735,-2.1555551719018555,0.3418217332312617,0.12196422531687327,0.872467823849125,-0.3272620251076344,0.8963441274549668,False,False,True,False,True,False,False,False,False,False,False,False,True,False,False,False,False,False,False,True,True
-0.23148351311383164,0,0.187875229708514,0.07984273404528544,1.064487664055538,1.1782012951933094,-1.1337042342806578,0.37840702535570064,-1.0029610262683273,0.24030102489791522,-0.5085726754788399,-1.1744101231303812,-0.6576603301225281,0.48119850420356663,-0.42807250939347835,1.2002765418458676,0.2332727608290527,-0.7651922090123016,0.9260819531365376,1.7506675394974955,-0.2639949101082846,-0.2985951498102796,0.013835058709392709,-1.1469071832564992,True,False,True,False,False,False,True,False,False,False,False,False,False,False,True,False,False,False,False,True,True
0.4499021101474336,0,0.2548145906288222,1.187116286646038,-0.8847969712710111,0.26107101030115826,1.6308739524353348,0.37840702535570064,0.1765837713204426,1.1479561495819623,-0.832200438785321,0.30559398148115996,2.1568175118626107,-0.0673556544345474,-0.42807250939347835,0.27551802437825607,0.2332727608290527,0.7542112694189196,-0.6147366093826588,1.7506675394974955,0.12196422531687327,-0.5913608932251309,0.3549321425264198,0.8963441274549668,False,True,True,False,False,False,True,False,False,False,True,False,False,False,False,False,False,True,False,True,True
0.22277356906034518,1,0.9366043777801095,2.417420233980208,-1.8594392889342857,-0.6560592745909929,0.19921739145741002,0.37840702535570064,0.1765837713204426,-1.575009224470179,0.3526267170071219,-0.41946916103964915,1.7547492487218765,1.0297526628416807,-0.42807250939347835,-0.6492404930893556,-0.9254007325196485,1.058091965105164,-0.6147366093826588,0.3418217332312617,-1.0359131809586002,-1.1768923800548332,-0.6683591089246615,-1.1469071832564992,False,True,True,False,False,False,True,False,False,False,False,False,False,False,False,False,False,True,False,True,True
-0.7993048658315527,1,-1.688906111649757,2.171359444513374,0.08984534639226345,-0.6560592745909929,-1.5286439752400853,0.37840702535570064,1.3561285689092124,1.1479561495819623,0.6437109063498228,1.4280461514272837,-0.6576603301225281,1.8525839007988518,2.3360528369758367,1.2002765418458676,2.550619747526455,-0.00549046979669098,0.1556726718769394,-1.0670240730349723,0.70090292845461,-0.005829406395428478,-0.3272620251076344,1.4801302162296714,False,True,False,True,False,True,False,False,False,False,False,False,False,False,False,True,False,True,False,False,False
-1.594254759636362,0,0.8275180118359036,-0.5353092396217994,0.08984534639226345,1.1782012951933094,-0.2944572847418743,1.7765539637271726,-1.0029610262683273,-0.6673540997861319,-0.956649476257925,-0.27386739243129166,-0.6576603301225281,0.20692142488450962,-0.42807250939347835,-1.5739990105569672,0.2332727608290527,-0.9171325568554237,-0.6147366093826588,-1.0670240730349723,-0.4569744778208635,-0.5913608932251309,0.013835058709392709,-0.5631210944817947,False,True,True,False,True,False,False,False,False,False,False,False,False,False,True,False,False,False,False,True,True
-0.004354972026743229,0,-0.4145790185742599,1.0640858919126213,-1.8594392889342857,-0.6560592745909929,0.34731979431719534,0.37840702535570064,-1.0029610262683273,1.1479561495819623,-1.0093821192547912,-0.9316002373297388,-0.6576603301225281,-0.6159098130726615,-0.42807250939347835,-1.5739990105569672,-0.9254007325196485,-0.3093711654829352,-0.6147366093826588,0.3418217332312617,0.3149437930294522,-0.884126636639982,-0.3272620251076344,0.8963441274549668,True,False,True,False,False,False,True,False,False,False,True,False,False,False,False,False,False,False,True,False,False
0.4499021101474336,0,0.8647065456805193,-0.043187660688131534,2.0391299817188124,1.1782012951933094,-0.14635488188208903,-1.0197399130157712,0.1765837713204426,1.1479561495819623,-0.18886219422355457,-0.01436520367843871,2.5588857750033447,-0.3416327337536044,-0.42807250939347835,1.2002765418458676,0.2332727608290527,-0.7651922090123016,1.696491234396136,-2.475869879301206,-0.6499540455334424,-0.5913608932251309,-0.6683591089246615,-0.5631210944817947,False,False,True,False,True,False,False,False,False,False,False,False,False,False,False,False,False,True,False,True,False
1.1312877334086988,0,-0.3922658982674905,-1.0274308185554673,1.064487664055538,1.1782012951933094,1.5321390171954778,0.37840702535570064,1.3561285689092124,-1.575009224470179,1.1731466420383583,-0.2772339073124097,1.7547492487218765,0.20692142488450962,-0.42807250939347835,0.27551802437825607,0.2332727608290527,1.058091965105164,0.1556726718769394,0.3418217332312617,-0.4569744778208635,-0.5913608932251309,-0.6683591089246615,-0.27122805009444234,False,True,True,False,False,False,True,False,False,False,False,False,False,False,False,False,False,False,False,True,False
-0.45861205420092005,1,0.6019075731785685,-0.6583396343552164,1.064487664055538,1.1782012951933094,-1.6767463780998706,-2.417886851387243,1.3561285689092124,1.1479561495819623,1.475681348146093,1.6085755119272416,-0.6576603301225281,-1.1644639717107754,-0.42807250939347835,0.27551802437825607,-0.9254007325196485,0.6022709215757975,-0.6147366093826588,-1.0670240730349723,1.4728211993049256,1.1652335672639762,2.4015146454285827,1.188237171842319,False,True,False,True,False,False,True,False,False,False,False,False,False,False,False,True,False,True,False,True,False
-0.6857405952880085,0,0.06639268581610282,-1.0274308185554673,-1.8594392889342857,0.26107101030115826,1.0878318086161218,-1.0197399130157712,1.3561285689092124,0.24030102489791522,0.8953209457920124,0.92306891925957,-0.6576603301225281,1.8525839007988518,2.3360528369758367,0.27551802437825607,-0.9254007325196485,0.2983902258895533,-0.6147366093826588,0.3418217332312617,0.893882496167189,1.1652335672639762,1.037126310160474,1.188237171842319,False,False,True,False,True,False,False,False,False,False,False,False,True,False,False,False,False,False,True,True,False
-1.0264334069186412,0,1.0903169843378544,1.3101466813794551,0.08984534639226345,1.1782012951933094,1.1865667438559788,0.37840702535570064,0.1765837713204426,0.24030102489791522,1.349424334342168,-0.2003651508602133,-0.6576603301225281,-0.3416327337536044,-0.42807250939347835,1.2002765418458676,-0.9254007325196485,-0.46131151332605735,-0.6147366093826588,0.3418217332312617,0.12196422531687327,0.872467823849125,-0.6683591089246615,0.8963441274549668,True,False,False,True,True,False,False,False,False,False,False,False,False,False,False,True,False,False,True,False,False
1.69910908612642,0,1.6531034631863715,-0.1662180554215485,1.064487664055538,-0.6560592745909929,0.7422595352766228,-1.0197399130157712,1.3561285689092124,-0.6673540997861319,2.105459770222951,0.19520034767116254,0.9506127224404082,0.20692142488450962,-0.42807250939347835,1.2002765418458676,1.3919462541777539,0.9061516172620417,1.696491234396136,-2.475869879301206,0.70090292845461,1.4579993106788274,0.696029226343447,0.8963441274549668,False,True,True,False,True,False,False,False,False,False,False,False,False,True,False,False,False,True,False,True,False
-0.6857405952880085,1,0.5027381495929267,-0.7813700290886334,0.08984534639226345,1.1782012951933094,1.0878318086161218,0.37840702535570064,-1.0029610262683273,-1.575009224470179,-0.8575121074238167,-0.8119486875966667,0.9506127224404082,-1.1644639717107754,-0.42807250939347835,0.27551802437825607,-0.9254007325196485,-0.3093711654829352,1.696491234396136,0.3418217332312617,-0.2639949101082846,-0.5913608932251309,-0.6683591089246615,0.020664994292909928,False,True,True,False,False,False,False,False,True,False,False,False,False,False,True,False,False,False,True,False,True
0.5634663806909778,0,0.23250147032205282,-0.41227884488838246,0.08984534639226345,1.1782012951933094,0.4460547295570522,0.37840702535570064,1.3561285689092124,1.1479561495819623,2.437223427020377,0.04623206418168695,0.14647619615894003,0.7554755835226237,-0.42807250939347835,0.27551802437825607,-0.9254007325196485,0.9061516172620417,0.1556726718769394,0.3418217332312617,-1.0359131809586002,-1.1768923800548332,-0.6683591089246615,-1.1469071832564992,False,True,False,True,True,False,False,False,False,False,False,True,False,False,False,False,False,False,True,False,True
-0.6857405952880085,1,-1.1608289310562143,2.048329049779957,1.064487664055538,0.26107101030115826,-0.6893970257013019,-1.0197399130157712,0.1765837713204426,-1.575009224470179,0.35955729294385286,1.2095032270613677,0.9506127224404082,-0.0673556544345474,-0.42807250939347835,0.27551802437825607,-0.9254007325196485,-0.1574308176398131,1.696491234396136,-1.0670240730349723,-0.07101534239570564,-0.2985951498102796,-0.6683591089246615,-0.8550141388691469,True,False,False,True,False,True,False,False,False,False,False,False,False,False,False,True,False,False,True,False,False
-0.7993048658315527,1,0.4705080869275931,-1.0274308185554673,0.08984534639226345,0.26107101030115826,0.9397294057563366,0.37840702535570064,-1.0029610262683273,0.24030102489791522,-1.0380084111673755,0.7592318617118229,-1.0597285932632623,-0.3416327337536044,-0.42807250939347835,1.2002765418458676,-0.9254007325196485,-0.46131151332605735,-1.3851458906422571,-1.0670240730349723,-0.07101534239570564,-0.5913608932251309,-0.3272620251076344,0.3125580386802622,False,True,True,False,False,False,False,False,True,False,False,False,False,False,True,False,False,False,True,True,False
1.0177234628651546,0,0.6192622223060558,-0.41227884488838246,0.08984534639226345,1.1782012951933094,-0.44255968760165965,-1.0197399130157712,1.3561285689092124,1.1479561495819623,1.013140736716439,0.35006003220259474,1.3526809855811424,-0.8901868923917186,-0.42807250939347835,1.2002765418458676,-0.9254007325196485,1.9697340521638966,-0.6147366093826588,0.3418217332312617,2.43771903786782,0.872467823849125,3.424805896879664,1.188237171842319,False,False,False,True,False,False,True,False,False,False,False,False,False,False,False,True,False,False,True,False,False
2.0398018977570525,0,0.8547896033219551,-0.7813700290886334,0.08984534639226345,1.1782012951933094,-0.6893970257013019,0.37840702535570064,0.1765837713204426,-1.575009224470179,0.1317522751973913,0.37404645073056114,-0.25559206698179404,-0.3416327337536044,-0.42807250939347835,1.2002765418458676,0.2332727608290527,0.9061516172620417,0.9260819531365376,0.3418217332312617,-0.07101534239570564,-0.5913608932251309,-0.6683591089246615,0.3125580386802622,False,True,False,True,False,True,False,False,False,False,False,False,False,False,False,True,False,True,False,False,False
-0.004354972026743229,0,1.4721192651425752,-0.5353092396217994,-0.8847969712710111,1.1782012951933094,-0.19572234950201747,0.37840702535570064,0.1765837713204426,-0.6673540997861319,0.12391771109499977,-0.6171116388519571,2.1568175118626107,0.20692142488450962,-0.42807250939347835,1.2002765418458676,-0.9254007325196485,0.9061516172620417,0.1556726718769394,1.7506675394974955,1.2798416315923467,2.04353079750853,0.3549321425264198,0.8963441274549668,False,True,True,False,True,False,False,False,False,False,True,False,False,False,False,False,False,False,True,True,False
-0.3450477836573759,0,-1.6244459863190899,-0.6583396343552164,1.064487664055538,0.26107101030115826,-0.936234363800944,-1.0197399130157712,-1.0029610262683273,-0.6673540997861319,-0.8680586360231899,-0.1537950283380797,1.3526809855811424,1.5783068214797948,2.3360528369758367,1.2002765418458676,-0.9254007325196485,-0.46131151332605735,0.1556726718769394,0.3418217332312617,-0.6499540455334424,-0.5913608932251309,-0.3272620251076344,-0.8550141388691469,False,True,True,False,False,False,True,False,False,False,False,False,False,False,True,False,False,True,False,False,False
0.10920929851680099,0,-0.34516042206431063,0.2028731287787024,0.08984534639226345,-0.6560592745909929,-0.936234363800944,0.37840702535570064,1.3561285689092124,1.1479561495819623,2.013554306714127,-0.6015415075267859,-0.6576603301225281,-0.3416327337536044,-0.42807250939347835,0.27551802437825607,2.550619747526455,-0.00549046979669098,-1.3851458906422571,0.3418217332312617,0.70090292845461,1.1652335672639762,-0.6683591089246615,0.8963441274549668,True,False,True,False,False,False,False,True,False,False,False,False,False,True,False,False,False,False,False,True,True
0.22277356906034518,0,-1.693864582829039,-0.7813700290886334,0.08984534639226345,-1.573189559483144,0.49542219717698066,0.37840702535570064,1.3561285689092124,0.24030102489791522,1.5386591903537787,-0.6589125319591734,-1.0597285932632623,-0.8901868923917186,-0.42807250939347835,0.27551802437825607,1.3919462541777539,1.058091965105164,2.466900515655734,-1.0670240730349723,1.8587803347300833,1.7507650540936786,1.037126310160474,2.6477023937790807,False,True,False,True,True,False,False,False,False,False,False,False,False,False,False,True,False,False,False,True,False
-0.5721763247444642,0,0.43827802426225954,-1.0274308185554673,1.064487664055538,0.26107101030115826,1.1865667438559788,-2.417886851387243,0.1765837713204426,0.24030102489791522,-0.348868099545474,-1.3975820054578347,-1.0597285932632623,-0.8901868923917186,-0.42807250939347835,1.2002765418458676,0.2332727608290527,-0.6132518611691794,-0.6147366093826588,0.3418217332312617,-0.2639949101082846,-0.005829406395428478,-0.3272620251076344,0.020664994292909928,False,False,True,False,False,False,True,False,False,False,False,False,True,False,False,False,False,True,False,True,False
2.6076232504747736,0,-1.636842164267295,-0.7813700290886334,0.08984534639226345,0.26107101030115826,0.19921739145741002,-1.0197399130157712,-1.0029610262683273,1.1479561495819623,-1.0021502139295067,-0.8259758329346587,0.14647619615894003,0.48119850420356663,-0.42807250939347835,-1.5739990105569672,0.2332727608290527,-0.46131151332605735,2.466900515655734,0.3418217332312617,-1.0359131809586002,-1.1768923800548332,-0.6683591089246615,-1.1469071832564992,False,True,True,False,True,False,False,False,False,False,False,False,False,False,True,False,False,True,False,True,False
0.10920929851680099,0,-1.1980174649008302,-0.6583396343552164,1.064487664055538,-1.573189559483144,-1.2324391695205146,0.37840702535570064,-1.0029610262683273,1.1479561495819623,-0.816531310580538,-1.6559620225836484,0.5485444592996741,0.48119850420356663,-0.42807250939347835,0.27551802437825607,0.2332727608290527,0.4503305737326754,-0.6147366093826588,0.3418217332312617,0.5079233607420311,1.1652335672639762,1.037126310160474,1.188237171842319,True,False,False,True,False,True,False,False,False,False,False,False,False,False,False,False,True,False,False,True,False
-0.7993048658315527,0,1.514266270166473,-1.0274308185554673,-1.8594392889342857,-0.6560592745909929,-1.1830717019005863,0.37840702535570064,1.3561285689092124,1.1479561495819623,0.727781805756255,-1.0864599218611712,-0.6576603301225281,-0.3416327337536044,-0.42807250939347835,1.2002765418458676,0.2332727608290527,0.14644987804643114,1.696491234396136,0.3418217332312617,0.893882496167189,1.7507650540936786,0.696029226343447,-0.8550141388691469,True,False,False,True,False,False,True,False,False,False,False,False,False,False,False,True,False,True,False,False,False
-0.11791924257028744,0,0.351504778624823,-1.0274308185554673,0.08984534639226345,0.26107101030115826,1.2853016790958356,0.37840702535570064,1.3561285689092124,0.24030102489791522,0.9902397031863714,-0.7362021027715097,-0.6576603301225281,-0.3416327337536044,-0.42807250939347835,-1.5739990105569672,-0.9254007325196485,-0.00549046979669098,0.1556726718769394,1.7506675394974955,0.70090292845461,0.872467823849125,-0.6683591089246615,1.188237171842319,True,False,False,True,False,True,False,False,False,False,False,False,False,False,False,True,False,False,True,False,False
-0.7993048658315527,1,0.23250147032205282,1.0640858919126213,-1.8594392889342857,0.26107101030115826,0.9890968733762651,-1.0197399130157712,-1.0029610262683273,1.1479561495819623,-0.9382683835561603,0.08648997130172413,-0.6576603301225281,-0.6159098130726615,-0.42807250939347835,0.27551802437825607,-0.9254007325196485,-0.9171325568554237,0.1556726718769394,-1.0670240730349723,-0.4569744778208635,-0.2985951498102796,-0.6683591089246615,-0.8550141388691469,False,True,True,False,False,False,True,False,False,False,False,False,False,False,True,False,False,False,True,True,True
1.8126733566699642,0,1.291135067098779,-0.9044004238220503,0.08984534639226345,0.26107101030115826,1.1371992762360503,-1.0197399130157712,-1.0029610262683273,1.1479561495819623,-0.6902742967766128,-1.5492154465615289,1.7547492487218765,-0.0673556544345474,-0.42807250939347835,-0.6492404930893556,-0.9254007325196485,-0.6132518611691794,0.1556726718769394,-1.0670240730349723,-0.8429336132460213,-0.5913608932251309,0.013835058709392709,-0.5631210944817947,False,True,True,False,True,False,False,False,False,False,True,False,False,False,False,False,False,False,True,False,False
2.6076232504747736,0,0.039121094330051315,-0.41227884488838246,-0.8847969712710111,-0.6560592745909929,-0.6893970257013019,0.37840702535570064,-1.0029610262683273,0.24030102489791522,-0.9750305689596898,1.5868334366533539,2.1568175118626107,0.48119850420356663,-0.42807250939347835,1.2002765418458676,-0.9254007325196485,-0.46131151332605735,-0.6147366093826588,-1.0670240730349723,-0.8429336132460213,-0.5913608932251309,0.013835058709392709,-0.5631210944817947,False,True,False,False,False,False,True,False,False,True,False,False,False,False,False,False,False,True,False,True,False
-0.3450477836573759,1,0.026724916381846094,0.5719643129789533,0.08984534639226345,0.26107101030115826,-0.3931922199817312,0.37840702535570064,-1.0029610262683273,1.1479561495819623,-0.9241059022941448,1.0947611781965927,0.9506127224404082,-0.6159098130726615,-0.42807250939347835,0.27551802437825607,0.2332727608290527,-0.3093711654829352,-0.6147366093826588,-2.475869879301206,-0.2639949101082846,-0.005829406395428478,-0.6683591089246615,0.020664994292909928,False,True,True,False,False,False,True,False,False,False,True,False,False,False,False,False,False,True,False,True,True
0.7905949217780662,0,0.574635981692517,0.8180251024457873,0.08984534639226345,1.1782012951933094,0.6928920676566944,0.37840702535570064,2.535673366497982,1.1479561495819623,3.1824110049132335,-0.9258491077411621,0.9506127224404082,1.8525839007988518,2.3360528369758367,0.27551802437825607,0.2332727608290527,1.8177937043207744,0.1556726718769394,0.3418217332312617,2.051759902442662,2.629062284338232,-0.3272620251076344,1.4801302162296714,False,True,False,True,False,True,False,False,False,False,False,True,False,False,False,False,False,True,False,False,True
-0.3450477836573759,1,-0.8360490688132375,-0.9044004238220503,-0.8847969712710111,-1.573189559483144,-1.3311741047603716,0.37840702535570064,-1.0029610262683273,-1.575009224470179,-0.8424456379961407,1.0049874480334435,1.7547492487218765,1.3040297421607379,2.3360528369758367,-1.5739990105569672,-0.9254007325196485,0.4503305737326754,0.1556726718769394,1.7506675394974955,0.5079233607420311,0.872467823849125,-0.3272620251076344,0.8963441274549668,False,True,True,False,True,False,False,False,False,False,True,False,False,False,False,False,False,True,False,False,False
-0.45861205420092005,0,1.4845154430907805,-0.6583396343552164,-0.8847969712710111,0.26107101030115826,-0.4919271552215881,0.37840702535570064,-1.0029610262683273,-0.6673540997861319,-0.4736184664066315,0.9321865637292649,-0.25559206698179404,-1.1644639717107754,-0.42807250939347835,-1.5739990105569672,0.2332727608290527,-0.6132518611691794,1.696491234396136,0.3418217332312617,-0.4569744778208635,-0.2985951498102796,-0.3272620251076344,-0.5631210944817947,False,True,False,True,True,False,False,False,False,False,False,False,False,False,False,False,True,True,False,False,False
-0.45861205420092005,1,-0.7120872893311853,-1.0274308185554673,0.08984534639226345,1.1782012951933094,-0.19572234950201747,-1.0197399130157712,-1.0029610262683273,0.24030102489791522,-0.5341856735058892,-0.6695731624160474,-1.0597285932632623,-0.3416327337536044,-0.42807250939347835,1.2002765418458676,-0.9254007325196485,-0.9171325568554237,-0.6147366093826588,-2.475869879301206,-0.6499540455334424,-0.5913608932251309,-0.3272620251076344,-0.5631210944817947,False,True,True,False,True,False,False,False,False,False,True,False,False,False,False,False,False,False,True,True,True
0.3363378396038894,0,1.5588925107800118,-1.0274308185554673,1.064487664055538,0.26107101030115826,1.4827715495755494,0.37840702535570064,-1.0029610262683273,0.24030102489791522,-0.985577097559063,0.15045375404296787,1.7547492487218765,-0.3416327337536044,-0.42807250939347835,0.27551802437825607,2.550619747526455,-0.46131151332605735,-1.3851458906422571,0.3418217332312617,-0.6499540455334424,-0.5913608932251309,-0.3272620251076344,-0.5631210944817947,False,True,True,False,False,False,True,False,False,False,True,False,False,False,False,False,False,False,False,False,False
-0.45861205420092005,0,0.4308403174933364,2.048329049779957,1.064487664055538,0.26107101030115826,1.6802414200552631,0.37840702535570064,0.1765837713204426,1.1479561495819623,-0.3127085729190515,-0.319175071873006,-1.0597285932632623,0.7554755835226237,-0.42807250939347835,-1.5739990105569672,-0.9254007325196485,-0.9171325568554237,-0.6147366093826588,0.3418217332312617,-0.6499540455334424,-0.5913608932251309,0.013835058709392709,-0.5631210944817947,False,False,False,True,False,True,False,False,False,False,False,False,False,False,False,True,False,True,False,True,False
0.5634663806909778,0,1.5093077989871908,1.187116286646038,-0.8847969712710111,0.26107101030115826,-1.4792765076201568,0.37840702535570064,0.1765837713204426,-1.575009224470179,-0.7324604111741057,0.7760644361174134,-0.25559206698179404,0.20692142488450962,-0.42807250939347835,-1.5739990105569672,1.3919462541777539,1.058091965105164,-0.6147366093826588,-1.0670240730349723,-1.0359131809586002,-1.1768923800548332,-0.6683591089246615,-1.1469071832564992,False,True,True,False,True,False,False,False,False,False,False,False,False,False,True,False,False,False,False,True,False
0.4499021101474336,0,1.2341126485370348,1.802268260313123,-0.8847969712710111,-1.573189559483144,-0.19572234950201747,0.37840702535570064,0.1765837713204426,1.1479561495819623,-0.658032052201386,1.41710497806365,-0.6576603301225281,0.48119850420356663,-0.42807250939347835,-1.5739990105569672,1.3919462541777539,-0.1574308176398131,0.1556726718769394,0.3418217332312617,0.5079233607420311,1.1652335672639762,0.696029226343447,0.8963441274549668,False,True,True,False,False,False,False,False,True,False,False,False,False,False,True,False,False,False,False,True,False
-0.5721763247444642,0,1.3010520094573432,-0.7813700290886334,1.064487664055538,-0.6560592745909929,0.34731979431719534,0.37840702535570064,1.3561285689092124,0.24030102489791522,2.4625350956588727,-0.11522037865860155,2.5588857750033447,-0.8901868923917186,-0.42807250939347835,-1.5739990105569672,0.2332727608290527,-0.1574308176398131,0.1556726718769394,0.3418217332312617,-0.8429336132460213,-0.5913608932251309,0.013835058709392709,-0.5631210944817947,True,False,True,False,False,False,True,False,False,False,False,False,False,True,False,False,False,False,False,True,False
-0.3450477836573759,0,0.07383039258502594,-0.5353092396217994,1.064487664055538,0.26107101030115826,-0.14635488188208903,-1.0197399130157712,-1.0029610262683273,1.1479561495819623,-0.7809744427312225,0.06053975242643884,-0.6576603301225281,-0.6159098130726615,-0.42807250939347835,0.27551802437825607,0.2332727608290527,-1.221013252541668,-0.6147366093826588,-1.0670240730349723,-0.8429336132460213,-0.5913608932251309,-0.6683591089246615,-0.5631210944817947,False,True,True,False,True,False,False,False,False,False,False,False,False,False,True,False,False,True,False,False,False
-0.23148351311383164,0,-0.8236528908650322,-0.9044004238220503,1.064487664055538,1.1782012951933094,0.8903619381364082,-1.0197399130157712,0.1765837713204426,-1.575009224470179,0.13687487480280114,1.3104986734949104,1.3526809855811424,-0.6159098130726615,-0.42807250939347835,-0.6492404930893556,0.2332727608290527,0.4503305737326754,0.1556726718769394,0.3418217332312617,0.893882496167189,1.4579993106788274,1.037126310160474,1.4801302162296714,False,True,True,False,True,False,False,False,False,False,False,False,True,False,False,False,False,True,False,True,False
0.10920929851680099,0,0.5324889766686193,-1.0274308185554673,-0.8847969712710111,0.26107101030115826,0.8409944705164797,-1.0197399130157712,-1.0029610262683273,-1.575009224470179,-0.47693308968072023,0.6105441211291072,-0.25559206698179404,-0.3416327337536044,-0.42807250939347835,-1.5739990105569672,0.2332727608290527,1.058091965105164,-0.6147366093826588,-1.0670240730349723,-0.6499540455334424,-0.884126636639982,-0.6683591089246615,-0.5631210944817947,False,True,True,False,False,False,True,False,False,False,False,False,False,False,True,False,False,True,False,False,False
1.0177234628651546,0,0.9837098539832894,-0.2892484501549655,1.064487664055538,-1.573189559483144,0.544789664796909,1.7765539637271726,0.1765837713204426,0.24030102489791522,0.28060899314283044,-1.2942019443168333,0.5485444592996741,0.48119850420356663,-0.42807250939347835,1.2002765418458676,0.2332727608290527,-0.1574308176398131,-1.3851458906422571,0.3418217332312617,-0.6499540455334424,-0.5913608932251309,-0.6683591089246615,-0.5631210944817947,True,False,True,False,True,False,False,False,False,False,False,False,True,False,False,False,False,True,False,True,False
0.10920929851680099,1,-0.7393588808172368,0.07984273404528544,0.08984534639226345,-1.573189559483144,-0.2450898171219459,0.37840702535570064,1.3561285689092124,0.24030102489791522,1.3696134033752538,1.154236274429679,1.3526809855811424,-1.1644639717107754,-0.42807250939347835,-0.6492404930893556,1.3919462541777539,1.058091965105164,1.696491234396136,0.3418217332312617,-1.0359131809586002,-1.1768923800548332,-0.6683591089246615,-1.1469071832564992,True,False,True,False,False,False,True,False,False,False,False,False,True,False,False,False,False,False,False,True,False
0.3363378396038894,0,-0.7368796452275957,-0.9044004238220503,1.064487664055538,0.26107101030115826,-0.09698741426216059,0.37840702535570064,1.3561285689092124,0.24030102489791522,1.6377965591878871,-1.111568512016177,-1.0597285932632623,2.6754151387560228,2.3360528369758367,1.2002765418458676,-0.9254007325196485,1.5139130086345303,-1.3851458906422571,0.3418217332312617,2.43771903786782,0.5797020804342738,3.083708813062637,1.188237171842319,True,False,True,False,False,False,False,False,True,False,False,False,False,False,False,False,False,False,True,False,False
-0.7993048658315527,0,-0.3402019508850285,0.6949947077123703,0.08984534639226345,0.26107101030115826,-0.2944572847418743,0.37840702535570064,-1.0029610262683273,1.1479561495819623,-0.9530335235952827,1.1682634197676711,-0.6576603301225281,1.0297526628416807,-0.42807250939347835,-1.5739990105569672,-0.9254007325196485,-0.6132518611691794,-1.3851458906422571,0.3418217332312617,-0.07101534239570564,0.28693633701942267,-0.3272620251076344,0.3125580386802622,False,True,True,False,True,False,False,False,False,False,False,False,False,False,True,False,False,False,True,True,False
0.677030651234522,0,0.2820861821148737,0.9410554971792042,-0.8847969712710111,1.1782012951933094,0.7916270028965513,1.7765539637271726,0.1765837713204426,-1.575009224470179,0.3140565552722712,1.2163765282769838,0.14647619615894003,-0.6159098130726615,-0.42807250939347835,0.27551802437825607,-0.9254007325196485,-0.00549046979669098,-1.3851458906422571,0.3418217332312617,-0.6499540455334424,-0.5913608932251309,-0.6683591089246615,-0.5631210944817947,False,True,True,False,True,False,False,False,False,False,False,False,False,False,True,False,False,False,True,False,True
-0.7993048658315527,0,1.1027131622860595,1.3101466813794551,-0.8847969712710111,1.1782012951933094,-1.0349692990408008,0.37840702535570064,0.1765837713204426,1.1479561495819623,0.4303696992539302,-0.5067180050419596,-0.25559206698179404,-0.3416327337536044,-0.42807250939347835,1.2002765418458676,0.2332727608290527,-0.00549046979669098,-0.6147366093826588,0.3418217332312617,-0.6499540455334424,-0.5913608932251309,-0.6683591089246615,-0.5631210944817947,False,True,False,True,False,True,False,False,False,False,False,False,False,False,False,True,False,False,False,True,False
-1.2535619480057296,0,-0.29061723909220766,-1.0274308185554673,0.08984534639226345,-1.573189559483144,-0.19572234950201747,0.37840702535570064,0.1765837713204426,0.24030102489791522,-0.18223294767537712,-0.9593739850989631,-1.0597285932632623,-0.8901868923917186,-0.42807250939347835,1.2002765418458676,1.3919462541777539,-0.7651922090123016,0.1556726718769394,0.3418217332312617,-0.4569744778208635,-0.5913608932251309,-0.3272620251076344,-0.5631210944817947,False,True,True,False,True,False,False,False,False,False,False,False,True,False,False,False,False,True,False,False,False
0.677030651234522,0,-1.3219792443828824,-0.9044004238220503,0.08984534639226345,1.1782012951933094,-0.4919271552215881,-1.0197399130157712,-1.0029610262683273,-1.575009224470179,-0.876797188291242,-0.888957715502243,-1.0597285932632623,-1.1644639717107754,-0.42807250939347835,0.27551802437825607,0.2332727608290527,-0.00549046979669098,0.9260819531365376,0.3418217332312617,0.5079233607420311,0.5797020804342738,1.7193204777945283,1.188237171842319,False,True,True,False,False,False,True,False,False,False,True,False,False,False,False,False,False,False,False,False,True
1.69910908612642,0,0.076309628174667,-1.0274308185554673,0.08984534639226345,0.26107101030115826,1.4827715495755494,0.37840702535570064,-1.0029610262683273,1.1479561495819623,-0.8376243677792844,1.2465348907536666,-0.6576603301225281,-1.1644639717107754,-0.42807250939347835,-0.6492404930893556,-0.9254007325196485,-1.37295360038479,-2.1555551719018555,-1.0670240730349723,-1.0359131809586002,-1.1768923800548332,-0.6683591089246615,-1.1469071832564992,False,True,True,False,True,False,False,False,False,False,False,False,False,False,True,False,False,True,False,True,False
-0.5721763247444642,1,-1.2277682919765225,2.417420233980208,-0.8847969712710111,0.26107101030115826,0.24858485907733846,-1.0197399130157712,-1.0029610262683273,-0.6673540997861319,-0.6098193500328228,-0.3776682679324328,-1.0597285932632623,-1.1644639717107754,-0.42807250939347835,-0.6492404930893556,-0.9254007325196485,-0.6132518611691794,-0.6147366093826588,1.7506675394974955,-0.2639949101082846,-0.005829406395428478,-0.3272620251076344,0.020664994292909928,True,False,True,False,False,False,True,False,False,False,True,False,False,False,False,False,False,False,True,True,False
-0.45861205420092005,0,1.2613842400230864,-0.2892484501549655,0.08984534639226345,-0.6560592745909929,1.6802414200552631,1.7765539637271726,-1.0029610262683273,-0.6673540997861319,-0.8162299811919844,1.6436433752722217,-0.6576603301225281,1.3040297421607379,2.3360528369758367,0.27551802437825607,-0.9254007325196485,-0.7651922090123016,0.1556726718769394,-2.475869879301206,-0.2639949101082846,-0.884126636639982,-0.6683591089246615,-0.27122805009444234,True,False,True,False,True,False,False,False,False,False,True,False,False,False,False,False,False,True,False,True,False
0.22277356906034518,0,1.3010520094573432,-0.9044004238220503,-0.8847969712710111,1.1782012951933094,-1.3311741047603716,-1.0197399130157712,0.1765837713204426,1.1479561495819623,-0.07646633229309141,0.7487115027083289,0.14647619615894003,0.7554755835226237,-0.42807250939347835,1.2002765418458676,0.2332727608290527,0.4503305737326754,-2.1555551719018555,0.3418217332312617,0.3149437930294522,0.872467823849125,1.7193204777945283,0.3125580386802622,False,False,False,True,True,False,False,False,False,False,False,False,False,False,False,True,False,True,False,True,False
-0.45861205420092005,0,-1.6715514625222696,-0.9044004238220503,-1.8594392889342857,1.1782012951933094,0.8903619381364082,-1.0197399130157712,0.1765837713204426,-1.575009224470179,-1.00245154331806,0.7564264326442245,0.5485444592996741,-0.6159098130726615,-0.42807250939347835,1.2002765418458676,-0.9254007325196485,-0.1574308176398131,1.696491234396136,0.3418217332312617,-0.07101534239570564,-0.5913608932251309,-0.6683591089246615,0.020664994292909928,False,True,True,False,False,False,False,False,True,False,True,False,False,False,False,False,False,False,True,True,False
-0.9128691363750969,1,-0.6773779910762107,-0.9044004238220503,1.064487664055538,-1.573189559483144,0.6435246000367659,0.37840702535570064,-1.0029610262683273,0.24030102489791522,-0.6080113737015017,0.0828429135138462,-0.25559206698179404,-1.1644639717107754,-0.42807250939347835,0.27551802437825607,-0.9254007325196485,-0.7651922090123016,1.696491234396136,-2.475869879301206,-1.2288927486711791,-1.1768923800548332,-0.6683591089246615,-1.1469071832564992,False,True,True,False,True,False,False,False,False,False,True,False,False,False,False,False,False,False,True,True,False
-0.7993048658315527,0,1.0109814454693409,-0.9044004238220503,0.08984534639226345,-1.573189559483144,0.5941571324168375,-1.0197399130157712,0.1765837713204426,-0.6673540997861319,0.3438881647390698,-1.4949303941034997,-0.25559206698179404,1.0297526628416807,-0.42807250939347835,-0.6492404930893556,1.3919462541777539,-0.00549046979669098,-0.6147366093826588,0.3418217332312617,-1.2288927486711791,-1.1768923800548332,-0.6683591089246615,-1.1469071832564992,False,True,False,True,False,False,True,False,False,False,False,False,False,False,False,True,False,True,False,True,False
-0.5721763247444642,0,1.6382280496485253,1.679237865579706,0.08984534639226345,-0.6560592745909929,-0.09698741426216059,-1.0197399130157712,0.1765837713204426,1.1479561495819623,0.02387635409523094,0.008919857582628095,-1.0597285932632623,1.5783068214797948,2.3360528369758367,-0.6492404930893556,0.2332727608290527,-0.00549046979669098,-0.6147366093826588,0.3418217332312617,0.5079233607420311,-1.1768923800548332,1.7193204777945283,1.188237171842319,False,True,True,False,False,False,True,False,False,False,False,False,False,False,False,False,False,True,False,True,False
-1.2535619480057296,0,-0.3154095949886181,-0.5353092396217994,-0.8847969712710111,-0.6560592745909929,0.9397294057563366,1.7765539637271726,0.1765837713204426,-1.575009224470179,-0.45282673859643857,0.566639156221192,-0.6576603301225281,-0.8901868923917186,-0.42807250939347835,1.2002765418458676,1.3919462541777539,-0.6132518611691794,-0.6147366093826588,0.3418217332312617,-0.07101534239570564,-0.2985951498102796,-0.3272620251076344,0.3125580386802622,False,False,True,False,True,False,False,False,False,False,False,False,False,False,False,False,False,False,False,True,False
1.0177234628651546,0,1.4448476736565237,1.3101466813794551,-0.8847969712710111,0.26107101030115826,0.6435246000367659,0.37840702535570064,2.535673366497982,1.1479561495819623,2.408597135107793,-0.9599350709124829,-1.0597285932632623,-0.3416327337536044,-0.42807250939347835,-0.6492404930893556,-0.9254007325196485,1.6658533564776523,-0.6147366093826588,0.3418217332312617,2.630698605580399,0.872467823849125,0.696029226343447,1.7720232606170236,False,True,True,False,False,False,True,False,False,False,False,False,False,False,False,False,False,True,False,True,True
-0.004354972026743229,0,1.4894739142700626,-0.41227884488838246,0.08984534639226345,1.1782012951933094,-0.936234363800944,0.37840702535570064,-1.0029610262683273,1.1479561495819623,-0.6908769555537199,0.8285259596815036,-1.0597285932632623,-1.1644639717107754,-0.42807250939347835,0.27551802437825607,0.2332727608290527,0.9061516172620417,0.9260819531365376,0.3418217332312617,1.6658007670175043,2.629062284338232,2.74261172924561,2.063916305004376,False,True,True,False,True,False,False,False,False,False,True,False,False,False,False,False,False,True,False,True,False
1.244852003952243,1,-0.3377227152953875,2.417420233980208,1.064487664055538,-1.573189559483144,1.0878318086161218,0.37840702535570064,1.3561285689092124,-0.6673540997861319,1.9123076321601444,-0.5718039594102428,-0.6576603301225281,-0.8901868923917186,-0.42807250939347835,1.2002765418458676,0.2332727608290527,-0.00549046979669098,-0.6147366093826588,-1.0670240730349723,0.70090292845461,0.872467823849125,2.4015146454285827,1.4801302162296714,False,False,True,False,True,False,False,False,False,False,False,True,False,False,False,False,False,True,False,True,True
-0.9128691363750969,0,0.8820611948080066,-0.043187660688131534,0.08984534639226345,1.1782012951933094,1.3840366143356926,0.37840702535570064,-1.0029610262683273,1.1479561495819623,-1.0343924585047333,-1.6455819350335343,-0.6576603301225281,2.126860980117909,2.3360528369758367,1.2002765418458676,0.2332727608290527,-0.7651922090123016,0.1556726718769394,-1.0670240730349723,-0.2639949101082846,-0.5913608932251309,-0.6683591089246615,0.020664994292909928,False,True,True,False,False,False,True,False,False,False,False,False,False,False,True,False,False,True,False,True,False
0.10920929851680099,0,-1.4236279035581652,-0.41227884488838246,1.064487664055538,0.26107101030115826,1.5815064848154063,0.37840702535570064,0.1765837713204426,1.1479561495819623,0.30109939156446985,1.189584680681419,0.5485444592996741,-0.3416327337536044,-0.42807250939347835,-0.6492404930893556,0.2332727608290527,-0.46131151332605735,1.696491234396136,1.7506675394974955,-0.2639949101082846,-0.005829406395428478,-0.6683591089246615,-0.8550141388691469,False,True,False,True,False,False,True,False,False,False,False,False,False,False,False,True,False,True,False,True,False
-1.7078190301799063,0,0.4804250292861573,-0.7813700290886334,-0.8847969712710111,1.1782012951933094,1.6802414200552631,-1.0197399130157712,-1.0029610262683273,0.24030102489791522,-0.6848503677826494,-0.5349125671713237,-0.6576603301225281,0.48119850420356663,-0.42807250939347835,-1.5739990105569672,-0.9254007325196485,-1.0690729046985459,0.9260819531365376,1.7506675394974955,-0.6499540455334424,-0.5913608932251309,-0.3272620251076344,-1.1469071832564992,False,True,True,False,False,False,True,False,False,False,False,False,False,False,True,False,False,False,True,True,False
0.10920929851680099,0,-0.18401010873764273,-1.0274308185554673,1.064487664055538,-1.573189559483144,0.6928920676566944,0.37840702535570064,1.3561285689092124,1.1479561495819623,2.4408393796830192,-0.37416148159793483,-0.25559206698179404,0.7554755835226237,-0.42807250939347835,-1.5739990105569672,1.3919462541777539,0.7542112694189196,-0.6147366093826588,0.3418217332312617,-0.2639949101082846,-0.5913608932251309,-0.6683591089246615,-0.5631210944817947,False,False,True,False,False,False,True,False,False,False,False,False,False,True,False,False,False,False,False,False,True
-0.11791924257028744,0,1.2713011823816507,1.556207470846289,0.08984534639226345,-0.6560592745909929,0.24858485907733846,1.7765539637271726,1.3561285689092124,-0.6673540997861319,1.9566030522775117,0.6670735168412151,1.7547492487218765,0.7554755835226237,-0.42807250939347835,-0.6492404930893556,0.2332727608290527,-0.00549046979669098,2.466900515655734,-1.0670240730349723,0.12196422531687327,0.872467823849125,1.3782233939775013,-0.5631210944817947,False,True,True,False,True,False,False,False,False,False,False,True,False,False,False,False,False,False,False,False,False
0.22277356906034518,0,-1.1905797581319069,-0.2892484501549655,-0.8847969712710111,-1.573189559483144,-1.0843367666607293,1.7765539637271726,0.1765837713204426,-1.575009224470179,0.030806930031961912,0.6798382190987878,-0.6576603301225281,2.401138059436966,2.3360528369758367,0.27551802437825607,0.2332727608290527,-0.3093711654829352,0.1556726718769394,0.3418217332312617,0.3149437930294522,-1.1768923800548332,1.7193204777945283,0.8963441274549668,False,True,False,True,False,False,True,False,False,False,False,False,False,False,False,True,False,False,False,False,True
-1.1399976774621854,0,1.677895819082782,-1.0274308185554673,0.08984534639226345,0.26107101030115826,0.8903619381364082,0.37840702535570064,0.1765837713204426,-0.6673540997861319,0.2694598057663502,1.7425347499050656,-0.6576603301225281,1.3040297421607379,2.3360528369758367,-1.5739990105569672,0.2332727608290527,-0.6132518611691794,2.466900515655734,-2.475869879301206,-0.07101534239570564,0.28693633701942267,-0.3272620251076344,0.020664994292909928,True,False,True,False,True,False,False,False,False,False,False,False,True,False,False,False,False,False,False,False,False
0.677030651234522,0,-0.4145790185742599,-1.0274308185554673,-1.8594392889342857,-0.6560592745909929,1.6308739524353348,0.37840702535570064,0.1765837713204426,0.24030102489791522,-0.17952098317839543,1.4290280516009433,-0.6576603301225281,2.6754151387560228,2.3360528369758367,0.27551802437825607,-0.9254007325196485,1.5139130086345303,0.1556726718769394,0.3418217332312617,2.630698605580399,3.5073595145827854,3.083708813062637,0.6044510830676145,False,True,False,True,True,False,False,False,False,False,False,False,False,False,False,True,False,True,False,True,False
-0.7993048658315527,0,-0.8930714873749815,-0.9044004238220503,-0.8847969712710111,-0.6560592745909929,-1.0843367666607293,0.37840702535570064,0.1765837713204426,1.1479561495819623,-0.2858902573377882,0.8297884027619229,-0.6576603301225281,0.7554755835226237,-0.42807250939347835,-1.5739990105569672,-0.9254007325196485,-0.00549046979669098,0.1556726718769394,-1.0670240730349723,0.70090292845461,0.872467823849125,-0.6683591089246615,1.4801302162296714,True,False,False,True,True,False,False,False,False,False,False,False,False,False,False,True,False,False,True,True,False
2.1533661683005967,0,-1.6244459863190899,1.3101466813794551,-0.8847969712710111,-0.6560592745909929,-1.4299090400002283,0.37840702535570064,0.1765837713204426,1.1479561495819623,-0.026445653793206993,0.22830441066882376,0.14647619615894003,1.0297526628416807,-0.42807250939347835,1.2002765418458676,0.2332727608290527,0.2983902258895533,0.9260819531365376,0.3418217332312617,0.70090292845461,0.872467823849125,-0.6683591089246615,1.188237171842319,False,True,True,False,False,False,False,False,True,False,True,False,False,False,False,False,False,True,False,True,True
-1.1399976774621854,0,-0.7591927655343651,0.2028731287787024,-0.8847969712710111,-1.573189559483144,-0.2944572847418743,0.37840702535570064,0.1765837713204426,-1.575009224470179,-0.22954166167827986,1.1751367209832873,-0.6576603301225281,-0.6159098130726615,-0.42807250939347835,0.27551802437825607,0.2332727608290527,-0.7651922090123016,0.1556726718769394,0.3418217332312617,-0.2639949101082846,-0.2985951498102796,0.3549321425264198,-0.27122805009444234,True,False,True,False,False,False,True,False,False,False,False,False,False,False,False,False,False,True,False,True,True
0.10920929851680099,0,1.41261761099119,-1.0274308185554673,0.08984534639226345,1.1782012951933094,-1.1830717019005863,0.37840702535570064,-1.0029610262683273,1.1479561495819623,-1.0208326360198248,0.215539708411251,-0.6576603301225281,-0.8901868923917186,-0.42807250939347835,-0.6492404930893556,-0.9254007325196485,1.058091965105164,0.1556726718769394,0.3418217332312617,2.051759902442662,2.336296540923381,1.037126310160474,0.8963441274549668,False,True,True,False,True,False,False,False,False,False,False,False,False,False,True,False,False,False,True,False,False
0.9041591923216105,1,0.2920031244734379,1.802268260313123,0.08984534639226345,1.1782012951933094,-1.1337042342806578,0.37840702535570064,-1.0029610262683273,0.24030102489791522,-0.7056420955928423,0.7820961086127499,0.14647619615894003,1.8525839007988518,2.3360528369758367,1.2002765418458676,0.2332727608290527,1.361972660791408,-2.1555551719018555,-2.475869879301206,-1.0359131809586002,-1.1768923800548332,-0.6683591089246615,-1.1469071832564992,True,False,True,False,True,False,False,False,False,False,True,False,False,False,False,False,False,False,False,True,True
0.22277356906034518,0,-0.2831795323232845,1.679237865579706,1.064487664055538,1.1782012951933094,0.7916270028965513,0.37840702535570064,0.1765837713204426,1.1479561495819623,0.0729930444294548,0.6388789547118511,2.5588857750033447,-0.3416327337536044,-0.42807250939347835,-0.6492404930893556,0.2332727608290527,-0.00549046979669098,-0.6147366093826588,0.3418217332312617,-0.8429336132460213,-0.5913608932251309,-0.3272620251076344,-0.5631210944817947,False,True,True,False,True,False,False,False,False,False,False,False,False,False,False,False,False,False,False,True,False
-1.1399976774621854,1,1.6035187513935507,0.8180251024457873,1.064487664055538,-1.573189559483144,-1.0349692990408008,0.37840702535570064,-1.0029610262683273,-0.6673540997861319,-0.9430896537730166,-0.02306203378799378,-0.25559206698179404,-0.6159098130726615,-0.42807250939347835,1.2002765418458676,0.2332727608290527,-0.7651922090123016,-0.6147366093826588,0.3418217332312617,-0.6499540455334424,-0.5913608932251309,-0.6683591089246615,-0.5631210944817947,False,True,True,False,False,False,True,False,False,False,True,False,False,False,False,False,False,False,False,True,True
-0.9128691363750969,0,0.7804125356327237,-0.1662180554215485,-0.8847969712710111,1.1782012951933094,0.0017475209776962777,0.37840702535570064,-1.0029610262683273,1.1479561495819623,-0.6607440166983678,-1.3825729599461833,-0.6576603301225281,1.5783068214797948,2.3360528369758367,1.2002765418458676,-0.9254007325196485,-0.7651922090123016,0.1556726718769394,0.3418217332312617,-0.2639949101082846,-0.2985951498102796,-0.6683591089246615,-0.5631210944817947,False,True,True,False,True,False,False,False,False,False,False,False,False,False,True,False,False,False,True,False,False
-0.004354972026743229,0,-0.7344004096379547,-0.7813700290886334,0.08984534639226345,0.26107101030115826,-1.7754813133397276,0.37840702535570064,0.1765837713204426,-0.6673540997861319,-0.3066819851479811,1.674923909375944,0.5485444592996741,-0.8901868923917186,-0.42807250939347835,1.2002765418458676,-0.9254007325196485,-0.00549046979669098,-0.6147366093826588,0.3418217332312617,0.3149437930294522,-1.1768923800548332,1.7193204777945283,0.8963441274549668,False,True,True,False,False,False,False,False,True,False,False,False,False,False,True,False,False,False,True,True,False
-0.5721763247444642,0,-0.8881130161956995,-0.5353092396217994,0.08984534639226345,1.1782012951933094,0.8903619381364082,0.37840702535570064,-1.0029610262683273,-0.6673540997861319,-0.817736628134752,-1.4637901314531574,-0.6576603301225281,-1.1644639717107754,-0.42807250939347835,0.27551802437825607,0.2332727608290527,-1.221013252541668,1.696491234396136,-1.0670240730349723,-0.8429336132460213,-0.5913608932251309,0.013835058709392709,-0.5631210944817947,True,False,False,True,False,True,False,False,False,False,False,False,False,False,False,False,True,False,False,False,False
-1.1399976774621854,1,0.36638019216266926,-0.6583396343552164,1.064487664055538,1.1782012951933094,-0.8868668961810157,-1.0197399130157712,0.1765837713204426,1.1479561495819623,0.098003383679397,-0.8268174616549383,-0.6576603301225281,-0.8901868923917186,-0.42807250939347835,-0.6492404930893556,-0.9254007325196485,-0.3093711654829352,-2.1555551719018555,0.3418217332312617,0.3149437930294522,0.872467823849125,1.7193204777945283,0.020664994292909928,False,True,False,True,False,True,False,False,False,False,False,False,False,False,False,True,False,False,True,True,True
0.10920929851680099,0,0.2151468211945655,-0.043187660688131534,0.08984534639226345,-0.6560592745909929,-0.6400295580813734,0.37840702535570064,-1.0029610262683273,1.1479561495819623,-0.957252135035032,-0.41147368819699365,-0.6576603301225281,-0.8901868923917186,-0.42807250939347835,0.27551802437825607,2.550619747526455,-0.9171325568554237,0.1556726718769394,-1.0670240730349723,-0.4569744778208635,-0.5913608932251309,-0.3272620251076344,-0.5631210944817947,True,False,True,False,False,False,True,False,False,False,False,False,False,False,True,False,False,True,False,True,True
0.677030651234522,0,-0.6129178657455435,2.048329049779957,0.08984534639226345,0.26107101030115826,0.544789664796909,0.37840702535570064,2.535673366497982,-0.6673540997861319,2.4173356873758447,0.07288364032387185,0.9506127224404082,-0.3416327337536044,-0.42807250939347835,1.2002765418458676,0.2332727608290527,1.9697340521638966,-0.6147366093826588,1.7506675394974955,2.630698605580399,-0.005829406395428478,0.696029226343447,1.188237171842319,True,False,False,True,False,True,False,False,False,False,False,False,False,False,False,True,False,True,False,False,False
-2.048511841810539,1,-1.418669432378883,-0.7813700290886334,0.08984534639226345,0.26107101030115826,-0.590662090461445,0.37840702535570064,-1.0029610262683273,0.24030102489791522,-1.2302565610645217,1.5273583404202675,-0.6576603301225281,-0.6159098130726615,-0.42807250939347835,0.27551802437825607,-0.9254007325196485,-1.5248939482279122,-0.6147366093826588,0.3418217332312617,-1.2288927486711791,-1.1768923800548332,-0.6683591089246615,-1.1469071832564992,False,True,True,False,True,False,False,False,False,False,True,False,False,False,False,False,False,False,True,True,False
-0.11791924257028744,0,1.065524628441444,0.8180251024457873,0.08984534639226345,0.26107101030115826,1.4827715495755494,0.37840702535570064,1.3561285689092124,-0.6673540997861319,0.7585174033887141,-1.296726830477672,-1.0597285932632623,-0.0673556544345474,-0.42807250939347835,0.27551802437825607,1.3919462541777539,0.2983902258895533,0.1556726718769394,-1.0670240730349723,0.893882496167189,1.4579993106788274,1.3782233939775013,1.4801302162296714,False,True,False,True,False,True,False,False,False,False,False,False,False,False,False,True,False,True,False,True,False
-0.004354972026743229,0,-0.585646274259492,1.0640858919126213,1.064487664055538,0.26107101030115826,0.7422595352766228,1.7765539637271726,-1.0029610262683273,1.1479561495819623,-0.546841507825137,-1.0130979517434726,0.5485444592996741,0.7554755835226237,-0.42807250939347835,1.2002765418458676,1.3919462541777539,-0.9171325568554237,-0.6147366093826588,0.3418217332312617,-1.0359131809586002,-1.1768923800548332,-0.6683591089246615,-1.1469071832564992,True,False,True,False,True,False,False,False,False,False,True,False,False,False,False,False,False,True,False,True,False
1.69910908612642,0,1.2390711197163171,-0.9044004238220503,0.08984534639226345,1.1782012951933094,0.8903619381364082,-2.417886851387243,0.1765837713204426,-0.6673540997861319,-0.006256584760121116,0.27725914789841605,0.9506127224404082,0.7554755835226237,-0.42807250939347835,1.2002765418458676,0.2332727608290527,0.4503305737326754,0.1556726718769394,0.3418217332312617,-0.4569744778208635,-0.884126636639982,-0.3272620251076344,-0.5631210944817947,False,True,True,False,False,False,True,False,False,False,False,False,True,False,False,False,False,False,False,True,False
0.5634663806909778,0,-1.1608289310562143,-0.9044004238220503,1.064487664055538,1.1782012951933094,1.0878318086161218,0.37840702535570064,2.535673366497982,-0.6673540997861319,3.167645864874111,0.2176437802119498,-0.6576603301225281,1.0297526628416807,-0.42807250939347835,-0.6492404930893556,-0.9254007325196485,1.8177937043207744,-0.6147366093826588,0.3418217332312617,3.016657741005557,1.7507650540936786,-0.6683591089246615,0.020664994292909928,False,True,False,True,True,False,False,False,False,False,False,True,False,False,False,False,False,False,True,True,False
-2.048511841810539,0,0.024245680792205047,0.07984273404528544,0.08984534639226345,1.1782012951933094,0.14984992383748158,-1.0197399130157712,-1.0029610262683273,0.24030102489791522,-1.2965490265462962,-0.6481116300489196,-0.6576603301225281,-0.8901868923917186,-0.42807250939347835,-1.5739990105569672,-0.9254007325196485,-1.5248939482279122,-0.6147366093826588,0.3418217332312617,-1.2288927486711791,-1.1768923800548332,-0.6683591089246615,-1.1469071832564992,False,True,False,True,False,False,True,False,False,False,False,False,False,False,False,False,True,False,True,False,False
-0.9128691363750969,0,1.6704581123138589,0.8180251024457873,-0.8847969712710111,-0.6560592745909929,0.10048245621755315,1.7765539637271726,0.1765837713204426,-1.575009224470179,0.04768137579095907,-1.3354417516105301,-1.0597285932632623,1.0297526628416807,-0.42807250939347835,0.27551802437825607,-0.9254007325196485,-0.1574308176398131,-0.6147366093826588,0.3418217332312617,0.3149437930294522,-0.2985951498102796,-0.6683591089246615,0.8963441274549668,False,True,True,False,False,False,True,False,False,False,False,False,False,False,False,False,False,False,True,True,False
-0.5721763247444642,0,-1.4484202594545756,-0.2892484501549655,0.08984534639226345,-0.6560592745909929,1.6802414200552631,1.7765539637271726,0.1765837713204426,1.1479561495819623,0.4297670404768231,-0.29504838189165966,0.5485444592996741,-1.1644639717107754,-0.42807250939347835,-0.6492404930893556,0.2332727608290527,-0.00549046979669098,0.1556726718769394,-1.0670240730349723,0.3149437930294522,0.872467823849125,1.7193204777945283,0.8963441274549668,False,True,False,True,False,False,False,False,True,False,False,False,False,False,False,True,False,True,False,True,False
0.3363378396038894,0,0.8176010694773393,-1.0274308185554673,0.08984534639226345,0.26107101030115826,-0.8868668961810157,1.7765539637271726,1.3561285689092124,1.1479561495819623,1.2385351193544722,-0.4772609998321764,-1.0597285932632623,0.48119850420356663,-0.42807250939347835,-1.5739990105569672,2.550619747526455,1.361972660791408,1.696491234396136,-1.0670240730349723,2.244739470155241,1.7507650540936786,0.3549321425264198,0.8963441274549668,False,True,True,False,False,False,True,False,False,False,False,False,False,False,False,False,False,False,False,True,False
-0.004354972026743229,0,0.7506617085570312,1.802268260313123,1.064487664055538,-0.6560592745909929,-0.936234363800944,0.37840702535570064,0.1765837713204426,-0.6673540997861319,0.05159865784215483,-1.0404508851525571,1.7547492487218765,-0.0673556544345474,-0.42807250939347835,0.27551802437825607,0.2332727608290527,0.14644987804643114,0.1556726718769394,0.3418217332312617,0.5079233607420311,1.1652335672639762,-0.6683591089246615,1.188237171842319,False,False,True,False,True,False,False,False,False,False,True,False,False,False,False,False,False,True,False,False,False
-0.45861205420092005,0,0.25729382621846325,-0.2892484501549655,0.08984534639226345,1.1782012951933094,1.2359342114759073,-1.0197399130157712,0.1765837713204426,0.24030102489791522,-0.005653925983014075,0.37039939294268326,-0.6576603301225281,-0.3416327337536044,-0.42807250939347835,0.27551802437825607,0.2332727608290527,0.4503305737326754,0.1556726718769394,-1.0670240730349723,1.2798416315923467,1.1652335672639762,0.696029226343447,1.188237171842319,False,True,False,True,True,False,False,False,False,False,False,False,False,False,False,True,False,True,False,True,False
0.22277356906034518,0,0.11597739760892371,1.92529865504654,-0.8847969712710111,-1.573189559483144,0.7422595352766228,-1.0197399130157712,1.3561285689092124,-0.6673540997861319,1.9761894625334906,1.7341184627022703,0.14647619615894003,0.48119850420356663,-0.42807250939347835,0.27551802437825607,0.2332727608290527,1.361972660791408,-0.6147366093826588,0.3418217332312617,0.70090292845461,1.1652335672639762,-0.6683591089246615,-0.8550141388691469,False,True,True,False,True,False,False,False,False,False,False,False,False,True,False,False,False,True,False,False,False
2.4940589799312294,0,-1.021991738036316,-1.0274308185554673,1.064487664055538,1.1782012951933094,-1.6767463780998706,-2.417886851387243,0.1765837713204426,0.24030102489791522,0.04738004640240554,0.3803586661326576,-0.25559206698179404,-0.6159098130726615,-0.42807250939347835,1.2002765418458676,0.2332727608290527,0.2983902258895533,-0.6147366093826588,0.3418217332312617,-0.2639949101082846,-0.2985951498102796,-0.3272620251076344,-0.5631210944817947,False,False,True,False,True,False,False,False,False,False,False,False,False,False,False,False,False,False,False,True,True
-0.5721763247444642,0,-0.2757418255543614,-0.5353092396217994,1.064487664055538,0.26107101030115826,0.9890968733762651,0.37840702535570064,-1.0029610262683273,1.1479561495819623,-0.20543531059399822,-0.5985958070058076,-1.0597285932632623,-0.8901868923917186,-0.42807250939347835,0.27551802437825607,0.2332727608290527,-0.6132518611691794,0.9260819531365376,0.3418217332312617,-0.2639949101082846,-0.5913608932251309,-0.6683591089246615,-0.27122805009444234,False,True,True,False,False,False,False,False,True,False,False,False,False,False,True,False,False,True,False,True,True
-0.5721763247444642,0,-1.7260946454943726,-0.9044004238220503,0.08984534639226345,-1.573189559483144,-0.19572234950201747,-1.0197399130157712,0.1765837713204426,-1.575009224470179,0.273377087817546,0.4878065994216767,0.14647619615894003,-0.8901868923917186,-0.42807250939347835,1.2002765418458676,-0.9254007325196485,-0.1574308176398131,-1.3851458906422571,0.3418217332312617,-0.8429336132460213,-0.5913608932251309,-0.3272620251076344,-1.1469071832564992,False,True,False,False,False,False,False,False,False,True,False,False,False,False,False,False,False,True,False,True,False
1.0177234628651546,0,1.1076716334653416,-0.2892484501549655,0.08984534639226345,-1.573189559483144,1.5321390171954778,0.37840702535570064,1.3561285689092124,-1.575009224470179,-0.08821817844667872,0.8365214325241591,-0.6576603301225281,0.7554755835226237,-0.42807250939347835,-1.5739990105569672,0.2332727608290527,2.1216744000070187,-0.6147366093826588,0.3418217332312617,3.4026168764307148,1.4579993106788274,2.4015146454285827,2.063916305004376,True,False,True,False,True,False,False,False,False,False,True,False,False,False,False,False,False,False,False,True,False
-0.5721763247444642,0,-1.5128803847852428,-0.9044004238220503,1.064487664055538,0.26107101030115826,-1.6767463780998706,0.37840702535570064,-1.0029610262683273,1.1479561495819623,-0.846061590658783,-0.9254282933810224,-1.0597285932632623,0.7554755835226237,-0.42807250939347835,-0.6492404930893556,0.2332727608290527,-1.0690729046985459,-0.6147366093826588,-2.475869879301206,-0.8429336132460213,-0.5913608932251309,0.013835058709392709,-0.5631210944817947,False,True,True,False,True,False,False,False,False,False,False,False,False,False,True,False,False,False,False,True,True
-0.3450477836573759,0,-0.6178763369248256,-0.5353092396217994,1.064487664055538,1.1782012951933094,0.3966872619371238,0.37840702535570064,1.3561285689092124,-0.6673540997861319,1.9210461844281965,1.2651909940531962,1.3526809855811424,-1.1644639717107754,-0.42807250939347835,-0.6492404930893556,1.3919462541777539,0.2983902258895533,-0.6147366093826588,0.3418217332312617,0.70090292845461,0.5797020804342738,2.060417561611555,1.188237171842319,True,False,True,False,True,False,False,False,False,False,False,True,False,False,False,False,False,True,False,False,False
0.7905949217780662,0,-1.53023503391273,0.07984273404528544,1.064487664055538,0.26107101030115826,-1.627378910479942,0.37840702535570064,-1.0029610262683273,1.1479561495819623,-0.9183806439116279,-0.5147134778846152,-1.0597285932632623,1.0297526628416807,-0.42807250939347835,-1.5739990105569672,-0.9254007325196485,-0.1574308176398131,1.696491234396136,0.3418217332312617,0.3149437930294522,0.872467823849125,-0.3272620251076344,0.8963441274549668,True,False,True,False,True,False,False,False,False,False,True,False,False,False,False,False,False,False,True,False,False
1.4719805450393315,0,0.7159524103020566,-1.0274308185554673,-0.8847969712710111,0.26107101030115826,1.1865667438559788,-1.0197399130157712,2.535673366497982,0.24030102489791522,2.5496192889508404,0.4861233419811177,1.7547492487218765,-0.8901868923917186,-0.42807250939347835,1.2002765418458676,-0.9254007325196485,2.2736147478501407,-0.6147366093826588,0.3418217332312617,0.12196422531687327,-0.884126636639982,-0.6683591089246615,0.8963441274549668,False,True,True,False,False,False,False,False,True,False,False,False,False,False,False,False,False,False,True,False,True
1.8126733566699642,1,-0.19640628668584795,-0.1662180554215485,1.064487664055538,0.26107101030115826,0.9397294057563366,-1.0197399130157712,0.1765837713204426,-0.6673540997861319,-0.16927578396757575,0.4772862404181827,-0.25559206698179404,-0.0673556544345474,-0.42807250939347835,-1.5739990105569672,-0.9254007325196485,0.14644987804643114,0.1556726718769394,-1.0670240730349723,0.3149437930294522,-0.5913608932251309,1.7193204777945283,0.8963441274549668,False,True,True,False,False,False,True,False,False,False,False,False,False,False,True,False,False,True,False,True,False
-1.0264334069186412,0,1.0357738013657514,-0.5353092396217994,0.08984534639226345,0.26107101030115826,0.9397294057563366,0.37840702535570064,-1.0029610262683273,-0.6673540997861319,-0.9114500679748969,0.924892448153509,-0.6576603301225281,-0.8901868923917186,-0.42807250939347835,-0.6492404930893556,-0.9254007325196485,-0.9171325568554237,-0.6147366093826588,-1.0670240730349723,-0.4569744778208635,-0.2985951498102796,-0.3272620251076344,-0.5631210944817947,False,True,True,False,True,False,False,False,False,False,False,False,False,False,True,False,False,False,True,False,True
-0.45861205420092005,0,-0.531103091287389,-0.1662180554215485,-0.8847969712710111,0.26107101030115826,-0.04761994664223216,-1.0197399130157712,0.1765837713204426,-0.6673540997861319,-0.08279424945271534,1.441933025311896,-0.6576603301225281,-1.1644639717107754,-0.42807250939347835,1.2002765418458676,-0.9254007325196485,0.4503305737326754,-0.6147366093826588,0.3418217332312617,1.2798416315923467,2.336296540923381,3.083708813062637,1.4801302162296714,False,True,False,True,False,False,False,False,True,False,False,False,False,False,False,True,False,True,False,False,True
-1.0264334069186412,0,1.4250137889393955,-0.9044004238220503,0.08984534639226345,1.1782012951933094,0.3966872619371238,0.37840702535570064,0.1765837713204426,0.24030102489791522,-0.3087912908678558,-1.2768082840977233,-0.6576603301225281,-1.1644639717107754,-0.42807250939347835,-1.5739990105569672,-0.9254007325196485,-0.7651922090123016,0.1556726718769394,0.3418217332312617,-0.2639949101082846,-0.005829406395428478,-0.6683591089246615,0.020664994292909928,False,True,False,True,True,False,False,False,False,False,False,False,False,False,False,True,False,False,True,True,True
-0.5721763247444642,0,-0.2757418255543614,-0.2892484501549655,0.08984534639226345,1.1782012951933094,0.34731979431719534,0.37840702535570064,0.1765837713204426,1.1479561495819623,0.6159886026028989,-1.0101522512224943,0.5485444592996741,-0.8901868923917186,-0.42807250939347835,1.2002765418458676,2.550619747526455,0.4503305737326754,0.1556726718769394,0.3418217332312617,0.12196422531687327,0.872467823849125,-0.3272620251076344,0.8963441274549668,False,True,False,True,False,True,False,False,False,False,False,False,False,False,False,True,False,False,False,True,False
-0.45861205420092005,0,0.5349682122582603,-0.9044004238220503,1.064487664055538,-1.573189559483144,0.3966872619371238,1.7765539637271726,0.1765837713204426,1.1479561495819623,-0.1349242336724744,-0.5312655093834457,1.7547492487218765,0.20692142488450962,-0.42807250939347835,0.27551802437825607,-0.9254007325196485,-0.00549046979669098,-2.1555551719018555,-1.0670240730349723,0.12196422531687327,0.872467823849125,-0.6683591089246615,0.8963441274549668,False,True,True,False,False,False,True,False,False,False,False,False,False,False,True,False,False,False,True,False,False
-0.9128691363750969,1,0.8795819592183655,-0.9044004238220503,1.064487664055538,-1.573189559483144,0.8903619381364082,-2.417886851387243,-1.0029610262683273,1.1479561495819623,-0.6143392908611256,1.457783699543827,0.9506127224404082,-0.6159098130726615,-0.42807250939347835,1.2002765418458676,-0.9254007325196485,-0.7651922090123016,0.9260819531365376,-1.0670240730349723,-0.6499540455334424,-0.5913608932251309,0.013835058709392709,-0.5631210944817947,False,True,True,False,False,False,True,False,False,False,False,False,False,False,True,False,False,True,False,True,True
-0.6857405952880085,0,1.1721317587960087,2.294389839246791,-0.8847969712710111,1.1782012951933094,-0.09698741426216059,0.37840702535570064,0.1765837713204426,1.1479561495819623,0.08203292608606041,-0.33811171807929524,-0.6576603301225281,-0.6159098130726615,-0.42807250939347835,1.2002765418458676,1.3919462541777539,0.14644987804643114,-0.6147366093826588,0.3418217332312617,0.70090292845461,1.1652335672639762,-0.3272620251076344,1.4801302162296714,False,True,True,False,False,False,True,False,False,False,False,False,False,False,True,False,False,True,False,False,False
-0.5721763247444642,0,-0.01046361746276958,-0.2892484501549655,-0.8847969712710111,0.26107101030115826,-0.8868668961810157,-1.0197399130157712,1.3561285689092124,0.24030102489791522,1.0366444290236136,-0.043541665981462176,-0.6576603301225281,2.401138059436966,2.3360528369758367,-1.5739990105569672,0.2332727608290527,-0.00549046979669098,-0.6147366093826588,0.3418217332312617,0.70090292845461,1.4579993106788274,2.060417561611555,1.4801302162296714,True,False,True,False,True,False,False,False,False,False,False,False,True,False,False,False,False,True,False,False,False
0.3363378396038894,1,0.8919781371665707,-0.7813700290886334,-0.8847969712710111,1.1782012951933094,-1.2324391695205146,0.37840702535570064,0.1765837713204426,0.24030102489791522,-0.07978095556718014,0.4816346554729602,0.5485444592996741,0.7554755835226237,-0.42807250939347835,-1.5739990105569672,-0.9254007325196485,0.2983902258895533,0.1556726718769394,-1.0670240730349723,-1.0359131809586002,-1.1768923800548332,-0.6683591089246615,-1.1469071832564992,False,True,False,True,False,False,True,False,False,False,False,False,False,False,False,True,False,True,False,False,True
-0.3450477836573759,0,-0.7294419384586726,0.07984273404528544,0.08984534639226345,-0.6560592745909929,-0.9856018314208724,-1.0197399130157712,0.1765837713204426,1.1479561495819623,-0.24732009560293758,-1.4065593784741497,0.14647619615894003,-0.3416327337536044,-0.42807250939347835,0.27551802437825607,-0.9254007325196485,-0.1574308176398131,2.466900515655734,-1.0670240730349723,0.12196422531687327,0.872467823849125,-0.6683591089246615,-0.8550141388691469,True,False,False,True,False,True,False,False,False,False,False,False,False,False,False,True,False,False,True,True,False
0.7905949217780662,0,-0.6030009233869793,0.07984273404528544,1.064487664055538,0.26107101030115826,0.7916270028965513,-1.0197399130157712,0.1765837713204426,0.24030102489791522,-0.07405569718466325,-1.1386409025185016,-0.6576603301225281,-1.1644639717107754,-0.42807250939347835,-0.6492404930893556,0.2332727608290527,-0.1574308176398131,0.1556726718769394,1.7506675394974955,0.5079233607420311,0.872467823849125,-0.6683591089246615,-1.1469071832564992,True,False,True,False,True,False,False,False,False,False,True,False,False,False,False,False,False,False,False,False,False
-1.0264334069186412,0,-1.4682541441717039,-1.0274308185554673,-1.8594392889342857,0.26107101030115826,0.34731979431719534,0.37840702535570064,0.1765837713204426,-0.6673540997861319,0.2549959951157812,1.088869777154636,-1.0597285932632623,-0.6159098130726615,-0.42807250939347835,1.2002765418458676,0.2332727608290527,-0.6132518611691794,-2.1555551719018555,0.3418217332312617,-0.2639949101082846,-0.005829406395428478,-0.3272620251076344,0.020664994292909928,False,False,False,True,False,True,False,False,False,False,False,False,False,False,False,True,False,True,False,True,True
2.0398018977570525,0,0.31183700919056623,1.3101466813794551,1.064487664055538,1.1782012951933094,-1.726113845719799,0.37840702535570064,0.1765837713204426,0.24030102489791522,-0.1909714999434292,0.35637224760469116,0.14647619615894003,-0.8901868923917186,-0.42807250939347835,1.2002765418458676,-0.9254007325196485,1.5139130086345303,0.9260819531365376,-1.0670240730349723,-0.4569744778208635,-0.2985951498102796,-0.6683591089246615,-0.27122805009444234,True,False,True,False,True,False,False,False,False,False,False,False,False,False,True,False,False,False,True,False,False
0.7905949217780662,0,0.4928212072343625,-0.2892484501549655,0.08984534639226345,0.26107101030115826,-1.1337042342806578,0.37840702535570064,1.3561285689092124,-1.575009224470179,1.350629651896382,-0.7129170415104428,2.1568175118626107,0.20692142488450962,-0.42807250939347835,-1.5739990105569672,0.2332727608290527,-0.00549046979669098,-1.3851458906422571,-1.0670240730349723,-1.0359131809586002,-1.1768923800548332,-0.6683591089246615,-1.1469071832564992,False,True,True,False,True,False,False,False,False,False,False,False,False,False,False,False,False,True,False,False,False
1.0177234628651546,0,-0.6277932792833898,-0.1662180554215485,1.064487664055538,1.1782012951933094,0.4460547295570522,0.37840702535570064,0.1765837713204426,1.1479561495819623,-0.5441295433281553,-0.7106726982563641,2.5588857750033447,-0.3416327337536044,-0.42807250939347835,-1.5739990105569672,1.3919462541777539,0.2983902258895533,0.1556726718769394,0.3418217332312617,0.70090292845461,1.4579993106788274,2.4015146454285827,1.188237171842319,False,True,True,False,False,False,False,True,False,False,False,False,False,False,True,False,False,True,False,True,False
0.4499021101474336,0,0.797767184760211,-1.0274308185554673,-0.8847969712710111,-0.6560592745909929,-0.44255968760165965,-2.417886851387243,0.1765837713204426,1.1479561495819623,0.588868957633082,-0.15028824200358168,-0.25559206698179404,1.8525839007988518,2.3360528369758367,0.27551802437825607,2.550619747526455,-0.6132518611691794,-0.6147366093826588,-1.0670240730349723,-0.4569744778208635,-0.2985951498102796,-0.6683591089246615,-0.5631210944817947,False,True,False,True,False,False,True,False,False,False,False,False,False,False,False,True,False,True,False,True,True
-0.7993048658315527,1,-1.2004967004904712,-0.1662180554215485,1.064487664055538,-0.6560592745909929,0.544789664796909,-2.417886851387243,-1.0029610262683273,-1.575009224470179,-1.0196273184656108,-1.344559396080225,-0.6576603301225281,-1.1644639717107754,-0.42807250939347835,1.2002765418458676,-0.9254007325196485,-0.46131151332605735,0.9260819531365376,-1.0670240730349723,0.12196422531687327,0.872467823849125,-0.6683591089246615,0.8963441274549668,False,True,True,False,False,False,False,True,False,False,True,False,False,False,False,False,False,True,False,True,True
-0.7993048658315527,0,-0.15921775284123227,-0.043187660688131534,2.0391299817188124,-0.6560592745909929,-1.7754813133397276,-1.0197399130157712,-1.0029610262683273,1.1479561495819623,-0.45794933820184847,-0.9431024965068924,-1.0597285932632623,0.48119850420356663,-0.42807250939347835,0.27551802437825607,-0.9254007325196485,-0.9171325568554237,-0.6147366093826588,0.3418217332312617,-0.6499540455334424,-0.5913608932251309,0.013835058709392709,-0.5631210944817947,False,True,True,False,False,False,False,True,False,False,True,False,False,False,False,False,False,False,True,True,False
-0.6857405952880085,0,-0.5757293319009278,-0.5353092396217994,0.08984534639226345,1.1782012951933094,-1.7754813133397276,-1.0197399130157712,0.1765837713204426,0.24030102489791522,0.18538890635991798,-1.2502969794089183,-0.6576603301225281,-0.6159098130726615,-0.42807250939347835,0.27551802437825607,2.550619747526455,-0.00549046979669098,-0.6147366093826588,0.3418217332312617,0.70090292845461,1.4579993106788274,-0.3272620251076344,-0.5631210944817947,False,True,False,True,False,True,False,False,False,False,False,False,False,False,False,True,False,False,False,False,False
-1.0264334069186412,0,0.8126425982980573,-0.1662180554215485,1.064487664055538,-0.6560592745909929,-0.4919271552215881,0.37840702535570064,0.1765837713204426,-0.6673540997861319,0.21431652766105594,-1.533084229422838,-0.6576603301225281,0.7554755835226237,-0.42807250939347835,-1.5739990105569672,0.2332727608290527,-0.3093711654829352,0.1556726718769394,0.3418217332312617,0.3149437930294522,0.872467823849125,-0.6683591089246615,0.8963441274549668,False,True,False,True,False,True,False,False,False,False,False,False,False,False,False,True,False,True,False,False,False
0.10920929851680099,0,0.9663552048558021,-0.5353092396217994,-0.8847969712710111,1.1782012951933094,-0.2450898171219459,0.37840702535570064,0.1765837713204426,1.1479561495819623,0.25439333633867417,1.238960232271151,1.7547492487218765,0.20692142488450962,-0.42807250939347835,0.27551802437825607,1.3919462541777539,-0.3093711654829352,-0.6147366093826588,-1.0670240730349723,-0.07101534239570564,-0.5913608932251309,-0.6683591089246615,0.020664994292909928,False,True,True,False,False,False,True,False,False,False,False,False,True,False,False,False,False,False,False,True,False
0.22277356906034518,0,-1.138515810749445,0.6949947077123703,-0.8847969712710111,0.26107101030115826,1.2853016790958356,-1.0197399130157712,1.3561285689092124,1.1479561495819623,1.8101569694405009,0.1876256891886468,-1.0597285932632623,-0.3416327337536044,-0.42807250939347835,-0.6492404930893556,0.2332727608290527,0.2983902258895533,0.1556726718769394,0.3418217332312617,0.893882496167189,1.7507650540936786,0.013835058709392709,1.4801302162296714,False,True,True,False,True,False,False,False,False,False,False,False,False,True,False,False,False,False,False,True,True
-0.5721763247444642,0,1.065524628441444,-0.2892484501549655,1.064487664055538,0.26107101030115826,-1.3311741047603716,0.37840702535570064,1.3561285689092124,1.1479561495819623,0.49425152962727653,1.5946886380426295,-0.6576603301225281,-0.3416327337536044,-0.42807250939347835,0.27551802437825607,-0.9254007325196485,0.14644987804643114,-0.6147366093826588,-1.0670240730349723,0.893882496167189,1.4579993106788274,0.696029226343447,1.7720232606170236,False,True,True,False,False,False,True,False,False,False,False,False,True,False,False,False,False,False,True,False,True
-0.7993048658315527,0,-1.631883693088013,0.07984273404528544,-1.8594392889342857,1.1782012951933094,-1.3311741047603716,-1.0197399130157712,0.1765837713204426,-0.6673540997861319,0.8332470917499872,-0.3476501769091298,-0.6576603301225281,-0.3416327337536044,-0.42807250939347835,-1.5739990105569672,1.3919462541777539,-0.46131151332605735,-0.6147366093826588,0.3418217332312617,0.12196422531687327,0.872467823849125,-0.3272620251076344,0.8963441274549668,False,True,False,True,False,True,False,False,False,False,False,False,False,False,False,True,False,False,False,False,True
-0.11791924257028744,0,1.2241957061784707,-0.5353092396217994,1.064487664055538,0.26107101030115826,-0.19572234950201747,0.37840702535570064,1.3561285689092124,-0.6673540997861319,0.7811171075302281,0.5498065818156016,-1.0597285932632623,-0.6159098130726615,-0.42807250939347835,1.2002765418458676,-0.9254007325196485,1.058091965105164,1.696491234396136,0.3418217332312617,1.8587803347300833,0.5797020804342738,-0.6683591089246615,2.6477023937790807,False,True,True,False,False,False,False,False,True,False,False,False,True,False,False,False,False,False,True,True,False
-1.4806904890928179,0,1.2564257688438043,2.048329049779957,-1.8594392889342857,0.26107101030115826,0.8409944705164797,0.37840702535570064,-1.0029610262683273,1.1479561495819623,-0.7830837484510972,0.24513698507441423,-0.6576603301225281,-0.8901868923917186,-0.42807250939347835,0.27551802437825607,1.3919462541777539,-0.9171325568554237,-0.6147366093826588,-1.0670240730349723,-0.4569744778208635,-0.5913608932251309,-0.6683591089246615,-0.5631210944817947,False,True,True,False,True,False,False,False,False,False,False,False,False,False,True,False,False,False,False,True,False
0.5634663806909778,0,-0.7914228281996987,-0.41227884488838246,0.08984534639226345,1.1782012951933094,1.433404081955621,-1.0197399130157712,0.1765837713204426,-0.6673540997861319,0.1594745789443152,-0.5939668490442702,1.3526809855811424,-0.0673556544345474,-0.42807250939347835,1.2002765418458676,-0.9254007325196485,-0.3093711654829352,0.1556726718769394,0.3418217332312617,-0.2639949101082846,-0.005829406395428478,-0.3272620251076344,-0.5631210944817947,False,True,True,False,False,False,True,False,False,False,False,False,True,False,False,False,False,False,True,True,True
1.244852003952243,0,1.2564257688438043,-0.6583396343552164,-1.8594392889342857,-0.6560592745909929,1.6308739524353348,0.37840702535570064,0.1765837713204426,0.24030102489791522,-0.7613880324752437,1.6000189532710665,0.14647619615894003,1.0297526628416807,-0.42807250939347835,-1.5739990105569672,-0.9254007325196485,-0.7651922090123016,0.1556726718769394,0.3418217332312617,-1.2288927486711791,-1.1768923800548332,-0.6683591089246615,-1.1469071832564992,True,False,False,True,False,False,True,False,False,False,False,False,False,False,False,False,True,False,True,True,False
0.677030651234522,0,0.01928720961292296,1.679237865579706,2.0391299817188124,-1.573189559483144,-1.0843367666607293,0.37840702535570064,2.535673366497982,1.1479561495819623,3.16071528893738,0.2183451374788494,-0.25559206698179404,-0.3416327337536044,-0.42807250939347835,-0.6492404930893556,-0.9254007325196485,0.9061516172620417,-0.6147366093826588,0.3418217332312617,-1.0359131809586002,-1.1768923800548332,-0.6683591089246615,-1.1469071832564992,False,True,True,False,True,False,False,False,False,False,False,False,False,True,False,False,False,False,True,False,False
-0.7993048658315527,0,-0.13938386812410392,-0.9044004238220503,0.08984534639226345,1.1782012951933094,-0.2450898171219459,0.37840702535570064,0.1765837713204426,0.24030102489791522,-0.25726396542520374,0.36240392010002775,-0.6576603301225281,-0.3416327337536044,-0.42807250939347835,-1.5739990105569672,0.2332727608290527,-0.9171325568554237,0.1556726718769394,-1.0670240730349723,-0.4569744778208635,-0.2985951498102796,-0.6683591089246615,-0.5631210944817947,False,False,False,True,True,False,False,False,False,False,False,False,False,False,False,True,False,True,False,True,False
0.677030651234522,0,-0.6401894572315949,-0.9044004238220503,-1.8594392889342857,0.26107101030115826,-0.6893970257013019,0.37840702535570064,-1.0029610262683273,0.24030102489791522,-0.8457602612702294,1.3567882531102842,-1.0597285932632623,-1.1644639717107754,-0.42807250939347835,0.27551802437825607,0.2332727608290527,-0.9171325568554237,1.696491234396136,0.3418217332312617,-0.6499540455334424,-0.5913608932251309,-0.3272620251076344,-1.1469071832564992,False,True,False,False,False,False,False,False,True,True,False,False,False,False,False,False,False,False,False,True,True
-0.45861205420092005,0,0.6440545782024663,-0.9044004238220503,0.08984534639226345,0.26107101030115826,0.4460547295570522,0.37840702535570064,-1.0029610262683273,-0.6673540997861319,-0.9439936419386771,-1.457197373144301,-0.6576603301225281,-0.6159098130726615,-0.42807250939347835,0.27551802437825607,0.2332727608290527,-0.3093711654829352,0.9260819531365376,0.3418217332312617,0.3149437930294522,-1.1768923800548332,-0.6683591089246615,0.8963441274549668,False,True,True,False,False,False,True,False,False,False,True,False,False,False,False,False,False,True,False,False,False
1.3584162744957873,0,-0.6748987554865696,2.417420233980208,-1.8594392889342857,-1.573189559483144,1.2359342114759073,0.37840702535570064,1.3561285689092124,0.24030102489791522,2.1096783816627003,1.3513176664284674,0.14647619615894003,1.5783068214797948,2.3360528369758367,-0.6492404930893556,0.2332727608290527,0.7542112694189196,0.1556726718769394,-2.475869879301206,-1.2288927486711791,-1.1768923800548332,-0.6683591089246615,-1.1469071832564992,False,True,False,True,False,False,True,False,False,False,False,True,False,False,False,False,False,True,False,False,False
0.10920929851680099,0,1.2812181247402148,-0.41227884488838246,0.08984534639226345,0.26107101030115826,-0.7387644933212303,1.7765539637271726,0.1765837713204426,-1.575009224470179,0.141997474408211,0.37264373619676194,0.5485444592996741,-0.6159098130726615,-0.42807250939347835,-1.5739990105569672,1.3919462541777539,0.4503305737326754,-0.6147366093826588,0.3418217332312617,0.12196422531687327,0.872467823849125,1.3782233939775013,0.8963441274549668,False,True,True,False,False,False,True,False,False,False,False,False,False,False,True,False,False,False,False,True,True
-0.6857405952880085,0,-0.3997036050364136,1.92529865504654,-0.8847969712710111,1.1782012951933094,0.9397294057563366,0.37840702535570064,0.1765837713204426,0.24030102489791522,-0.23104830862104747,-1.160803792152529,1.7547492487218765,-0.8901868923917186,-0.42807250939347835,-0.6492404930893556,0.2332727608290527,-0.9171325568554237,-0.6147366093826588,1.7506675394974955,-0.8429336132460213,-0.5913608932251309,0.013835058709392709,-0.5631210944817947,False,False,False,True,False,False,False,False,True,False,False,False,False,False,False,True,False,True,False,False,True
-1.1399976774621854,0,0.3242331871387715,-1.0274308185554673,0.08984534639226345,0.26107101030115826,-0.44255968760165965,0.37840702535570064,0.1765837713204426,0.24030102489791522,-0.06230385103107594,0.8152001716104111,-0.6576603301225281,0.48119850420356663,-0.42807250939347835,-0.6492404930893556,0.2332727608290527,-0.3093711654829352,0.1556726718769394,0.3418217332312617,0.3149437930294522,0.872467823849125,1.7193204777945283,0.8963441274549668,False,True,False,True,True,False,False,False,False,False,False,False,False,False,False,True,False,True,False,True,False
0.677030651234522,0,1.3134481874055484,-0.9044004238220503,1.064487664055538,-1.573189559483144,1.5815064848154063,-1.0197399130157712,0.1765837713204426,1.1479561495819623,0.3851702909709021,0.38344463810701584,0.14647619615894003,2.126860980117909,2.3360528369758367,-0.6492404930893556,-0.9254007325196485,0.6022709215757975,2.466900515655734,0.3418217332312617,-1.0359131809586002,-1.1768923800548332,-0.6683591089246615,-1.1469071832564992,False,True,True,False,False,False,False,True,False,False,False,False,False,False,False,False,False,False,True,True,False
-1.7078190301799063,1,-0.11459151222769347,-1.0274308185554673,-1.8594392889342857,-1.573189559483144,1.6308739524353348,-1.0197399130157712,-1.0029610262683273,-0.6673540997861319,-1.0030542020951672,-0.728627444288994,-0.6576603301225281,-1.1644639717107754,-0.42807250939347835,0.27551802437825607,-0.9254007325196485,-1.0690729046985459,0.1556726718769394,0.3418217332312617,-0.6499540455334424,-0.5913608932251309,-0.3272620251076344,-0.5631210944817947,True,False,False,True,False,False,False,False,True,False,False,False,False,False,False,False,True,False,True,False,True
-0.004354972026743229,0,0.10606045525035952,-1.0274308185554673,2.0391299817188124,1.1782012951933094,-1.0349692990408008,0.37840702535570064,0.1765837713204426,1.1479561495819623,0.3466001292360515,0.1306754791163991,0.5485444592996741,-0.0673556544345474,-0.42807250939347835,-0.6492404930893556,-0.9254007325196485,-0.46131151332605735,2.466900515655734,0.3418217332312617,-1.0359131809586002,-1.1768923800548332,-0.6683591089246615,-1.1469071832564992,False,False,False,True,False,False,True,False,False,False,False,False,False,False,False,True,False,False,True,False,False
-0.004354972026743229,0,-0.6476271640005181,-0.7813700290886334,1.064487664055538,-1.573189559483144,-0.8868668961810157,-1.0197399130157712,1.3561285689092124,1.1479561495819623,1.264449446770075,-0.9957042915243626,0.5485444592996741,-1.1644639717107754,-0.42807250939347835,-1.5739990105569672,0.2332727608290527,0.9061516172620417,-0.6147366093826588,0.3418217332312617,1.2798416315923467,1.4579993106788274,-0.3272620251076344,2.3558093493917283,True,False,False,True,False,False,True,False,False,False,False,False,False,False,False,True,False,True,False,True,False
2.380494709387685,0,-0.5187069133391837,-1.0274308185554673,1.064487664055538,1.1782012951933094,1.0878318086161218,0.37840702535570064,0.1765837713204426,0.24030102489791522,0.3773357268685106,-1.5959258405370425,-0.25559206698179404,-1.1644639717107754,-0.42807250939347835,0.27551802437825607,-0.9254007325196485,0.7542112694189196,-0.6147366093826588,0.3418217332312617,-0.6499540455334424,-0.5913608932251309,-0.3272620251076344,-0.5631210944817947,False,True,True,False,False,False,True,False,False,False,False,False,False,False,False,False,False,True,False,True,False
0.4499021101474336,0,0.9142912574733402,0.07984273404528544,1.064487664055538,1.1782012951933094,-0.9856018314208724,1.7765539637271726,-1.0029610262683273,0.24030102489791522,-0.9913023559415799,1.1432951010660453,0.14647619615894003,-0.6159098130726615,-0.42807250939347835,0.27551802437825607,0.2332727608290527,-0.00549046979669098,0.1556726718769394,0.3418217332312617,0.12196422531687327,0.872467823849125,-0.3272620251076344,0.8963441274549668,False,True,True,False,True,False,False,False,False,False,True,False,False,False,False,False,False,True,False,False,True
-1.7078190301799063,0,0.23002223473241176,-0.043187660688131534,-0.8847969712710111,-1.573189559483144,-1.3311741047603716,0.37840702535570064,-1.0029610262683273,1.1479561495819623,-0.8716745886858321,-1.6121973291291132,-0.6576603301225281,2.401138059436966,2.3360528369758367,0.27551802437825607,-0.9254007325196485,-1.0690729046985459,0.1556726718769394,-1.0670240730349723,-0.6499540455334424,-0.5913608932251309,0.013835058709392709,-0.5631210944817947,False,False,False,True,False,False,True,False,False,False,False,False,False,False,False,False,True,False,True,True,False
-0.3450477836573759,1,-1.1211611616219577,-0.5353092396217994,0.08984534639226345,1.1782012951933094,-1.5780114428600138,0.37840702535570064,-1.0029610262683273,0.24030102489791522,-0.7990542060444337,-0.728627444288994,-0.6576603301225281,-0.6159098130726615,-0.42807250939347835,-0.6492404930893556,-0.9254007325196485,-1.37295360038479,-0.6147366093826588,0.3418217332312617,-1.0359131809586002,-1.1768923800548332,-0.6683591089246615,-1.1469071832564992,False,True,False,True,False,True,False,False,False,False,False,False,False,False,False,False,True,False,True,False,True
0.10920929851680099,0,0.29448236006307893,0.07984273404528544,0.08984534639226345,0.26107101030115826,1.5815064848154063,0.37840702535570064,-1.0029610262683273,-1.575009224470179,-0.6179552435237678,0.4655034383342693,1.3526809855811424,1.3040297421607379,2.3360528369758367,-0.6492404930893556,0.2332727608290527,1.058091965105164,0.1556726718769394,0.3418217332312617,-0.2639949101082846,-0.005829406395428478,-0.6683591089246615,-0.27122805009444234,False,True,True,False,False,False,True,False,False,False,True,False,False,False,False,False,False,True,False,False,False
1.1312877334086988,0,0.8473518965530319,-0.2892484501549655,1.064487664055538,0.26107101030115826,-1.7754813133397276,0.37840702535570064,0.1765837713204426,0.24030102489791522,-0.07375436779610972,0.23840395531217803,-0.25559206698179404,-0.3416327337536044,-0.42807250939347835,0.27551802437825607,-0.9254007325196485,-0.46131151332605735,-0.6147366093826588,1.7506675394974955,-1.0359131809586002,-1.1768923800548332,-0.6683591089246615,-1.1469071832564992,False,False,True,False,False,False,True,False,False,False,False,False,True,False,False,False,False,True,False,False,False
0.5634663806909778,1,-1.634362928677654,-0.6583396343552164,0.08984534639226345,-1.573189559483144,-0.4919271552215881,0.37840702535570064,0.1765837713204426,-0.6673540997861319,1.160792137107664,-0.6713966913099864,-0.6576603301225281,0.7554755835226237,-0.42807250939347835,0.27551802437825607,-0.9254007325196485,-0.3093711654829352,1.696491234396136,0.3418217332312617,0.3149437930294522,0.872467823849125,1.7193204777945283,0.8963441274549668,True,False,False,True,False,True,False,False,False,False,False,False,False,False,False,True,False,False,True,True,False
1.5855448155828757,0,0.6043868087682095,0.07984273404528544,0.08984534639226345,1.1782012951933094,1.6802414200552631,-1.0197399130157712,1.3561285689092124,1.1479561495819623,1.504608969447231,-1.6256633886535856,1.3526809855811424,-0.0673556544345474,-0.42807250939347835,1.2002765418458676,-0.9254007325196485,1.5139130086345303,-0.6147366093826588,0.3418217332312617,-0.4569744778208635,-0.2985951498102796,-0.3272620251076344,-0.27122805009444234,False,True,True,False,False,False,False,False,True,False,False,False,False,False,False,False,False,False,True,True,False
0.4499021101474336,1,-0.5633331539527225,1.556207470846289,-0.8847969712710111,0.26107101030115826,0.10048245621755315,-1.0197399130157712,0.1765837713204426,0.24030102489791522,0.26433720616094036,-1.1550526625639523,-0.25559206698179404,-0.8901868923917186,-0.42807250939347835,-1.5739990105569672,1.3919462541777539,-0.3093711654829352,2.466900515655734,0.3418217332312617,-0.07101534239570564,-0.005829406395428478,-0.3272620251076344,-1.1469071832564992,False,True,False,True,False,True,False,False,False,False,False,False,False,False,False,True,False,True,False,True,True
-0.5721763247444642,0,-0.9773654974227771,-0.043187660688131534,1.064487664055538,0.26107101030115826,-1.1830717019005863,-1.0197399130157712,-1.0029610262683273,-0.6673540997861319,-0.8575121074238167,-0.9529214982434868,-1.0597285932632623,0.20692142488450962,-0.42807250939347835,1.2002765418458676,-0.9254007325196485,-1.0690729046985459,1.696491234396136,0.3418217332312617,-0.8429336132460213,-0.5913608932251309,0.013835058709392709,-0.5631210944817947,False,True,True,False,True,False,False,False,False,False,False,False,False,False,True,False,False,False,True,True,True
-1.7078190301799063,1,-1.6021328660123204,0.3259035235121194,0.08984534639226345,0.26107101030115826,1.1865667438559788,1.7765539637271726,-1.0029610262683273,-0.6673540997861319,-0.839733673499159,1.5538696451090726,-0.6576603301225281,-0.0673556544345474,-0.42807250939347835,1.2002765418458676,-0.9254007325196485,-1.37295360038479,-2.1555551719018555,0.3418217332312617,-1.0359131809586002,-1.1768923800548332,-0.6683591089246615,-1.1469071832564992,False,True,False,True,True,False,False,False,False,False,False,False,False,False,False,False,True,False,True,False,False
-0.7993048658315527,0,1.1919656435131372,1.679237865579706,0.08984534639226345,1.1782012951933094,-0.590662090461445,0.37840702535570064,-1.0029610262683273,1.1479561495819623,-0.9949183086042221,0.5363405222911292,2.5588857750033447,0.20692142488450962,-0.42807250939347835,1.2002765418458676,-0.9254007325196485,-0.6132518611691794,0.9260819531365376,0.3418217332312617,-0.6499540455334424,-0.5913608932251309,-0.3272620251076344,-0.5631210944817947,False,True,True,False,True,False,False,False,False,False,False,False,False,False,True,False,False,False,True,True,False
-0.11791924257028744,0,-0.11707074781733451,-0.043187660688131534,1.064487664055538,0.26107101030115826,1.5321390171954778,-1.0197399130157712,0.1765837713204426,-0.6673540997861319,0.31254990832950363,0.7083133241349118,2.5588857750033447,1.0297526628416807,-0.42807250939347835,0.27551802437825607,-0.9254007325196485,-0.00549046979669098,1.696491234396136,0.3418217332312617,-1.0359131809586002,-0.884126636639982,-0.6683591089246615,-1.1469071832564992,False,True,True,False,True,False,False,False,False,False,False,False,False,False,False,False,False,False,True,True,False
-1.0264334069186412,0,1.6531034631863715,-1.0274308185554673,-0.8847969712710111,1.1782012951933094,0.7916270028965513,0.37840702535570064,-1.0029610262683273,-0.6673540997861319,-0.5082713460902863,0.49608261517109203,-0.6576603301225281,-1.1644639717107754,-0.42807250939347835,-0.6492404930893556,0.2332727608290527,-0.7651922090123016,-0.6147366093826588,0.3418217332312617,-0.2639949101082846,-0.5913608932251309,-0.6683591089246615,0.020664994292909928,False,True,True,False,False,False,True,False,False,False,True,False,False,False,False,False,False,False,False,True,False
-0.9128691363750969,0,-1.2352059987454458,-0.043187660688131534,1.064487664055538,-0.6560592745909929,1.2853016790958356,0.37840702535570064,0.1765837713204426,1.1479561495819623,-0.07526101473887732,0.8985214149180839,-0.6576603301225281,0.20692142488450962,-0.42807250939347835,1.2002765418458676,-0.9254007325196485,-0.46131151332605735,-1.3851458906422571,0.3418217332312617,0.12196422531687327,0.28693633701942267,-0.6683591089246615,0.8963441274549668,False,True,False,True,True,False,False,False,False,False,False,False,False,False,False,True,False,False,True,True,False
1.4719805450393315,0,1.1374224605410341,-0.2892484501549655,0.08984534639226345,-0.6560592745909929,-1.726113845719799,-1.0197399130157712,1.3561285689092124,0.24030102489791522,1.6459324526788321,-0.3195958862331457,2.1568175118626107,2.401138059436966,2.3360528369758367,0.27551802437825607,-0.9254007325196485,2.4255550956932628,-0.6147366093826588,0.3418217332312617,-0.2639949101082846,-0.5913608932251309,-0.6683591089246615,-1.1469071832564992,False,True,True,False,False,False,False,True,False,False,False,False,False,False,False,False,False,False,True,True,False
1.69910908612642,0,0.9316459066008275,0.5719643129789533,-0.8847969712710111,0.26107101030115826,1.0384643409961936,0.37840702535570064,0.1765837713204426,1.1479561495819623,-0.17078243091034334,0.072603097417112,0.5485444592996741,-1.1644639717107754,-0.42807250939347835,0.27551802437825607,0.2332727608290527,1.210032312948286,-0.6147366093826588,-1.0670240730349723,0.12196422531687327,0.872467823849125,-0.6683591089246615,0.8963441274549668,False,True,False,True,True,False,False,False,False,False,False,False,False,False,False,True,False,True,False,False,False
-0.004354972026743229,0,-1.1732251090044197,-0.9044004238220503,0.08984534639226345,1.1782012951933094,1.4827715495755494,0.37840702535570064,-1.0029610262683273,0.24030102489791522,-0.8918636577189181,-0.34736963400237,0.5485444592996741,-0.6159098130726615,-0.42807250939347835,-0.6492404930893556,0.2332727608290527,-0.6132518611691794,0.1556726718769394,0.3418217332312617,-0.8429336132460213,-0.5913608932251309,0.013835058709392709,-0.5631210944817947,False,True,True,False,True,False,False,False,False,False,False,False,False,False,True,False,False,True,False,False,False
-0.23148351311383164,1,1.3878252550947796,1.187116286646038,0.08984534639226345,-1.573189559483144,0.051114988597624714,1.7765539637271726,0.1765837713204426,1.1479561495819623,-0.05989321592264778,-1.3595684415918763,2.1568175118626107,-0.6159098130726615,-0.42807250939347835,-0.6492404930893556,-0.9254007325196485,-0.1574308176398131,0.1556726718769394,-1.0670240730349723,-0.2639949101082846,-0.5913608932251309,-0.6683591089246615,0.020664994292909928,False,False,False,True,False,True,False,False,False,False,False,False,False,False,False,True,False,False,True,True,True
-1.3671262185492736,0,1.410138375401549,0.07984273404528544,1.064487664055538,1.1782012951933094,0.544789664796909,0.37840702535570064,0.1765837713204426,0.24030102489791522,-0.37448109757252324,-1.1824055959730368,-0.6576603301225281,-0.8901868923917186,-0.42807250939347835,1.2002765418458676,0.2332727608290527,-0.7651922090123016,-0.6147366093826588,1.7506675394974955,-0.2639949101082846,-0.5913608932251309,-0.6683591089246615,-0.27122805009444234,False,True,False,True,False,True,False,False,False,False,False,False,False,False,False,True,False,False,False,False,True
-0.6857405952880085,0,-1.4880880288888323,-0.9044004238220503,-1.8594392889342857,0.26107101030115826,0.2979523266972669,0.37840702535570064,-1.0029610262683273,-0.6673540997861319,-0.9120527267520039,0.43338127551026756,-0.6576603301225281,0.7554755835226237,-0.42807250939347835,-1.5739990105569672,0.2332727608290527,-1.37295360038479,0.1556726718769394,0.3418217332312617,-1.0359131809586002,-1.1768923800548332,-0.6683591089246615,-1.1469071832564992,False,True,False,True,False,False,False,False,True,False,False,False,False,False,False,False,True,True,False,True,False
-1.1399976774621854,1,-0.5633331539527225,-0.7813700290886334,-1.8594392889342857,0.26107101030115826,0.34731979431719534,0.37840702535570064,-1.0029610262683273,-1.575009224470179,-0.7234205295175,-1.0888445365686297,-1.0597285932632623,1.8525839007988518,2.3360528369758367,0.27551802437825607,-0.9254007325196485,-0.46131151332605735,-0.6147366093826588,0.3418217332312617,-0.07101534239570564,-0.005829406395428478,-0.6683591089246615,0.020664994292909928,True,False,True,False,False,False,False,False,True,False,False,False,False,False,True,False,False,False,True,True,False
-1.594254759636362,0,-1.361647013817139,0.2028731287787024,0.08984534639226345,-1.573189559483144,-1.1337042342806578,0.37840702535570064,-1.0029610262683273,-0.6673540997861319,-0.9819611448964207,1.4161230778899907,-0.6576603301225281,-0.6159098130726615,-0.42807250939347835,1.2002765418458676,0.2332727608290527,-1.221013252541668,-1.3851458906422571,0.3418217332312617,-0.8429336132460213,-0.884126636639982,-0.3272620251076344,-0.5631210944817947,False,True,True,False,False,False,True,False,False,False,False,False,False,False,True,False,False,True,False,False,False
-0.004354972026743229,0,-1.582298981295192,-0.9044004238220503,-0.8847969712710111,-0.6560592745909929,-0.2450898171219459,-1.0197399130157712,1.3561285689092124,0.24030102489791522,0.6307537426420213,-1.4778172767911493,-0.6576603301225281,-0.6159098130726615,-0.42807250939347835,-0.6492404930893556,1.3919462541777539,-0.00549046979669098,-0.6147366093826588,0.3418217332312617,0.70090292845461,1.4579993106788274,2.4015146454285827,-1.1469071832564992,False,True,False,True,False,False,True,False,False,False,False,False,False,False,False,True,False,True,False,True,False
-0.6857405952880085,1,-0.8385283044028785,-0.6583396343552164,0.08984534639226345,0.26107101030115826,-1.281806637140443,0.37840702535570064,-1.0029610262683273,1.1479561495819623,-0.9696066399657264,-1.531400971982279,2.5588857750033447,2.126860980117909,2.3360528369758367,0.27551802437825607,-0.9254007325196485,-1.0690729046985459,0.9260819531365376,0.3418217332312617,-1.0359131809586002,-1.1768923800548332,-0.6683591089246615,-1.1469071832564992,True,False,True,False,False,False,False,False,True,False,False,False,False,False,True,False,False,False,True,True,True
0.10920929851680099,0,0.7556201797363132,0.5719643129789533,0.08984534639226345,1.1782012951933094,1.433404081955621,0.37840702535570064,-1.0029610262683273,-1.575009224470179,-0.7439109279391395,1.763154653551914,-0.6576603301225281,-0.8901868923917186,-0.42807250939347835,0.27551802437825607,0.2332727608290527,1.210032312948286,-0.6147366093826588,-1.0670240730349723,2.244739470155241,0.872467823849125,3.424805896879664,3.81527457132849,False,True,True,False,True,False,False,False,False,False,True,False,False,False,False,False,False,False,False,False,False
0.4499021101474336,0,-0.10715380545877033,-0.9044004238220503,-0.8847969712710111,1.1782012951933094,-0.9856018314208724,0.37840702535570064,0.1765837713204426,-0.6673540997861319,0.06395316277284918,1.1514308453620805,1.7547492487218765,-0.8901868923917186,-0.42807250939347835,0.27551802437825607,1.3919462541777539,-0.3093711654829352,1.696491234396136,0.3418217332312617,-0.2639949101082846,-0.005829406395428478,-0.3272620251076344,-0.27122805009444234,False,True,False,True,False,True,False,False,False,False,False,False,False,False,False,True,False,False,False,False,False
0.677030651234522,0,-1.4905672644784733,-1.0274308185554673,1.064487664055538,-0.6560592745909929,1.433404081955621,0.37840702535570064,-1.0029610262683273,-1.575009224470179,-0.8819197878966519,0.8620508370393046,0.14647619615894003,0.20692142488450962,-0.42807250939347835,-0.6492404930893556,0.2332727608290527,-0.3093711654829352,1.696491234396136,0.3418217332312617,-0.2639949101082846,-0.5913608932251309,-0.3272620251076344,-0.5631210944817947,False,True,True,False,True,False,False,False,False,False,True,False,False,False,False,False,False,False,False,False,False
0.10920929851680099,0,1.2465088264852402,0.07984273404528544,1.064487664055538,0.26107101030115826,-0.8374994285610872,0.37840702535570064,0.1765837713204426,-0.6673540997861319,-0.39346484905139506,0.9508426670287943,-0.25559206698179404,-0.8901868923917186,-0.42807250939347835,1.2002765418458676,-0.9254007325196485,1.210032312948286,-0.6147366093826588,-1.0670240730349723,-1.0359131809586002,-1.1768923800548332,-0.6683591089246615,-0.8550141388691469,False,True,True,False,True,False,False,False,False,False,False,False,True,False,False,False,False,False,True,True,True
0.7905949217780662,0,0.44571573103118267,0.3259035235121194,0.08984534639226345,-1.573189559483144,-0.34382475236180277,-1.0197399130157712,2.535673366497982,-0.6673540997861319,2.66171382149275,-1.4026317777795119,-0.6576603301225281,-1.1644639717107754,-0.42807250939347835,0.27551802437825607,0.2332727608290527,2.2736147478501407,0.1556726718769394,0.3418217332312617,3.5955964441432937,1.7507650540936786,0.3549321425264198,1.4801302162296714,False,True,True,False,True,False,False,False,False,False,False,False,False,True,False,False,False,False,False,True,False
0.4499021101474336,0,-0.6129178657455435,-0.9044004238220503,0.08984534639226345,-0.6560592745909929,0.5941571324168375,-1.0197399130157712,0.1765837713204426,0.24030102489791522,-0.6191605610779819,-0.12742399510265465,1.3526809855811424,1.8525839007988518,2.3360528369758367,-0.6492404930893556,0.2332727608290527,1.5139130086345303,0.1556726718769394,0.3418217332312617,-1.0359131809586002,-1.1768923800548332,-0.6683591089246615,-1.1469071832564992,False,True,True,False,False,False,True,False,False,False,True,False,False,False,False,False,False,True,False,False,False
-0.23148351311383164,0,1.4349307312979596,-0.6583396343552164,1.064487664055538,0.26107101030115826,0.2979523266972669,0.37840702535570064,0.1765837713204426,0.24030102489791522,0.3119472495523966,-0.2250529266550793,2.5588857750033447,-0.0673556544345474,-0.42807250939347835,-1.5739990105569672,0.2332727608290527,-0.6132518611691794,0.1556726718769394,0.3418217332312617,-0.6499540455334424,-0.5913608932251309,-0.3272620251076344,-0.5631210944817947,False,False,False,True,False,True,False,False,False,False,False,False,False,False,False,True,False,True,False,False,False
-0.5721763247444642,0,-0.7988605349686219,-0.2892484501549655,-0.8847969712710111,-0.6560592745909929,-1.726113845719799,0.37840702535570064,0.1765837713204426,-1.575009224470179,-0.3606199456990613,-1.429143082468317,-0.6576603301225281,-0.8901868923917186,-0.42807250939347835,-0.6492404930893556,0.2332727608290527,0.4503305737326754,1.696491234396136,-2.475869879301206,1.2798416315923467,1.7507650540936786,0.3549321425264198,2.3558093493917283,False,True,True,False,False,False,True,False,False,False,False,False,True,False,False,False,False,True,False,False,False
0.7905949217780662,0,-1.2128928784386763,1.4331770761128722,0.08984534639226345,1.1782012951933094,-0.2450898171219459,0.37840702535570064,-1.0029610262683273,1.1479561495819623,-0.9777425334566714,0.1253451638879621,1.7547492487218765,1.3040297421607379,2.3360528369758367,-1.5739990105569672,0.2332727608290527,-0.3093711654829352,-1.3851458906422571,0.3418217332312617,-0.6499540455334424,-0.5913608932251309,-0.3272620251076344,-0.5631210944817947,True,False,True,False,False,False,True,False,False,False,True,False,False,False,False,False,False,True,False,True,False
0.7905949217780662,0,1.6630204055449356,-0.1662180554215485,1.064487664055538,0.26107101030115826,0.3966872619371238,0.37840702535570064,0.1765837713204426,0.24030102489791522,-0.2955327977715009,-1.6997267160381835,0.5485444592996741,-0.3416327337536044,-0.42807250939347835,1.2002765418458676,-0.9254007325196485,-0.3093711654829352,0.1556726718769394,0.3418217332312617,-0.2639949101082846,-0.5913608932251309,-0.6683591089246615,-0.5631210944817947,False,True,True,False,False,False,False,True,False,False,False,False,False,False,False,False,False,False,False,False,True
-1.2535619480057296,0,0.2201052923738476,-0.6583396343552164,-0.8847969712710111,-0.6560592745909929,1.6308739524353348,-1.0197399130157712,0.1765837713204426,1.1479561495819623,-0.3060793263708741,-0.3162293713520276,-0.6576603301225281,-1.1644639717107754,-0.42807250939347835,-0.6492404930893556,-0.9254007325196485,-0.7651922090123016,0.1556726718769394,0.3418217332312617,-0.2639949101082846,-0.005829406395428478,-0.3272620251076344,-0.27122805009444234,False,True,False,True,True,False,False,False,False,False,False,False,False,False,False,True,False,False,True,False,True
0.10920929851680099,0,0.6465338137921073,1.92529865504654,2.0391299817188124,-0.6560592745909929,0.2979523266972669,0.37840702535570064,0.1765837713204426,0.24030102489791522,-0.3175298431359079,1.3356072636499163,0.14647619615894003,-0.0673556544345474,-0.42807250939347835,-1.5739990105569672,1.3919462541777539,0.7542112694189196,-0.6147366093826588,0.3418217332312617,1.2798416315923467,2.04353079750853,2.74261172924561,0.8963441274549668,False,False,True,False,False,False,True,False,False,False,False,False,False,False,True,False,False,True,False,False,True
-0.5721763247444642,0,-1.1732251090044197,-1.0274308185554673,-0.8847969712710111,1.1782012951933094,1.5815064848154063,-1.0197399130157712,-1.0029610262683273,-1.575009224470179,-0.9897957089988122,0.2593044018657862,-0.6576603301225281,-0.8901868923917186,-0.42807250939347835,0.27551802437825607,0.2332727608290527,-0.9171325568554237,0.1556726718769394,0.3418217332312617,-0.4569744778208635,-0.5913608932251309,0.3549321425264198,-0.5631210944817947,False,True,True,False,True,False,False,False,False,False,True,False,False,False,False,False,False,True,False,True,False
2.266930438844141,0,0.25729382621846325,-0.41227884488838246,0.08984534639226345,0.26107101030115826,0.9890968733762651,1.7765539637271726,2.535673366497982,-1.575009224470179,2.323019588758593,0.5486844101885622,2.5588857750033447,-1.1644639717107754,-0.42807250939347835,1.2002765418458676,2.550619747526455,3.944958574124484,-2.1555551719018555,-1.0670240730349723,0.12196422531687327,0.872467823849125,1.7193204777945283,0.8963441274549668,True,False,False,True,True,False,False,False,False,False,False,False,False,False,False,True,False,True,False,False,False
-0.6857405952880085,0,0.6936392899952871,0.3259035235121194,0.08984534639226345,-0.6560592745909929,0.8409944705164797,0.37840702535570064,0.1765837713204426,0.24030102489791522,0.32369909570598393,0.7313178424892187,-1.0597285932632623,-1.1644639717107754,-0.42807250939347835,-0.6492404930893556,-0.9254007325196485,-0.6132518611691794,2.466900515655734,0.3418217332312617,-0.2639949101082846,-0.005829406395428478,0.696029226343447,0.020664994292909928,False,True,False,True,False,False,False,False,True,False,False,False,False,False,False,True,False,False,True,False,False
0.5634663806909778,0,-0.38978666267784945,-1.0274308185554673,0.08984534639226345,-0.6560592745909929,-0.8374994285610872,1.7765539637271726,1.3561285689092124,-1.575009224470179,0.8706119359306237,0.732440014116258,-0.6576603301225281,0.20692142488450962,-0.42807250939347835,0.27551802437825607,0.2332727608290527,-0.00549046979669098,-0.6147366093826588,0.3418217332312617,0.70090292845461,0.872467823849125,-0.6683591089246615,0.8963441274549668,False,True,False,True,False,True,False,False,False,False,False,False,False,False,False,True,False,True,False,True,False
-0.9128691363750969,0,1.2341126485370348,0.9410554971792042,-0.8847969712710111,0.26107101030115826,0.6435246000367659,0.37840702535570064,0.1765837713204426,-1.575009224470179,-0.2846849397835741,-0.1135371212180425,-0.6576603301225281,-0.8901868923917186,-0.42807250939347835,1.2002765418458676,0.2332727608290527,-0.00549046979669098,-0.6147366093826588,0.3418217332312617,0.70090292845461,-1.1768923800548332,-0.3272620251076344,1.188237171842319,False,True,True,False,False,False,True,False,False,False,True,False,False,False,False,False,False,False,False,True,False
-1.2535619480057296,1,-0.2831795323232845,-0.7813700290886334,0.08984534639226345,-1.573189559483144,1.2359342114759073,0.37840702535570064,-1.0029610262683273,-1.575009224470179,-0.44348552755127946,-0.6941206667575335,0.9506127224404082,-0.6159098130726615,-0.42807250939347835,0.27551802437825607,0.2332727608290527,-0.6132518611691794,1.696491234396136,0.3418217332312617,-0.8429336132460213,-0.5913608932251309,-0.6683591089246615,-0.5631210944817947,False,True,True,False,False,False,True,False,False,False,True,False,False,False,False,False,False,True,False,True,False
1.8126733566699642,0,-1.1980174649008302,-0.7813700290886334,0.08984534639226345,1.1782012951933094,-1.3311741047603716,-1.0197399130157712,1.3561285689092124,0.24030102489791522,0.7431496045724846,0.7384716866115947,-0.25559206698179404,-0.3416327337536044,-0.42807250939347835,0.27551802437825607,-0.9254007325196485,2.7294357913795073,0.9260819531365376,0.3418217332312617,-0.2639949101082846,-0.005829406395428478,-0.6683591089246615,0.020664994292909928,False,True,True,False,False,False,True,False,False,False,False,False,True,False,False,False,False,True,False,True,True
1.0177234628651546,0,-1.5128803847852428,0.07984273404528544,-0.8847969712710111,-1.573189559483144,0.14984992383748158,0.37840702535570064,-1.0029610262683273,1.1479561495819623,-0.8584160955894773,-0.6577903603321341,0.14647619615894003,1.5783068214797948,2.3360528369758367,1.2002765418458676,1.3919462541777539,-0.3093711654829352,0.1556726718769394,-1.0670240730349723,-0.8429336132460213,-0.5913608932251309,-0.6683591089246615,-0.5631210944817947,False,True,True,False,True,False,False,False,False,False,False,False,False,False,True,False,False,True,False,True,False
1.8126733566699642,0,1.7051674105688335,-0.6583396343552164,-0.8847969712710111,1.1782012951933094,-1.7754813133397276,0.37840702535570064,2.535673366497982,1.1479561495819623,3.330363734693012,-0.5659125583682861,-0.25559206698179404,-0.6159098130726615,-0.42807250939347835,1.2002765418458676,-0.9254007325196485,3.1852568349088735,-0.6147366093826588,-2.475869879301206,-0.2639949101082846,-0.5913608932251309,-0.3272620251076344,0.020664994292909928,False,True,True,False,True,False,False,False,False,False,False,True,False,False,False,False,False,True,False,False,False
0.677030651234522,0,-0.6699402843072875,2.417420233980208,-0.8847969712710111,-1.573189559483144,1.2853016790958356,0.37840702535570064,0.1765837713204426,0.24030102489791522,-0.28528759856068114,-0.19812080760613457,-0.25559206698179404,-1.1644639717107754,-0.42807250939347835,-0.6492404930893556,0.2332727608290527,1.361972660791408,0.1556726718769394,0.3418217332312617,-0.2639949101082846,-0.005829406395428478,-0.6683591089246615,-0.5631210944817947,True,False,True,False,True,False,False,False,False,False,False,False,False,False,True,False,False,False,False,False,False
-0.6857405952880085,0,-1.2029759360801122,-0.9044004238220503,0.08984534639226345,0.26107101030115826,-1.1337042342806578,-2.417886851387243,0.1765837713204426,1.1479561495819623,0.1772530128689729,1.4656389009331026,-0.25559206698179404,1.3040297421607379,2.3360528369758367,0.27551802437825607,-0.9254007325196485,0.14644987804643114,-0.6147366093826588,0.3418217332312617,-0.2639949101082846,-0.005829406395428478,-0.6683591089246615,-0.5631210944817947,False,True,True,False,True,False,False,False,False,False,False,False,True,False,False,False,False,False,True,False,False
1.1312877334086988,0,1.6927712326206281,1.0640858919126213,0.08984534639226345,0.26107101030115826,1.0384643409961936,0.37840702535570064,0.1765837713204426,0.24030102489791522,-0.20874993386808693,1.6789917815239617,-0.25559206698179404,-0.3416327337536044,-0.42807250939347835,0.27551802437825607,0.2332727608290527,1.361972660791408,1.696491234396136,-1.0670240730349723,0.70090292845461,0.872467823849125,-0.6683591089246615,1.188237171842319,False,True,True,False,False,False,True,False,False,False,False,False,True,False,False,False,False,False,False,False,False
0.677030651234522,0,1.402700668632626,2.294389839246791,1.064487664055538,1.1782012951933094,1.0878318086161218,-1.0197399130157712,0.1765837713204426,1.1479561495819623,-0.29523146838294734,-1.3968806481909353,-1.0597285932632623,-1.1644639717107754,-0.42807250939347835,1.2002765418458676,2.550619747526455,-0.46131151332605735,0.9260819531365376,1.7506675394974955,-0.07101534239570564,0.28693633701942267,-0.6683591089246615,0.020664994292909928,True,False,True,False,False,False,False,False,True,False,False,False,False,False,False,False,False,True,False,False,False
-1.3671262185492736,1,1.6010395158039095,-1.0274308185554673,-1.8594392889342857,-1.573189559483144,-0.19572234950201747,0.37840702535570064,-1.0029610262683273,-0.6673540997861319,-0.693287590662148,1.0699331309483469,-0.6576603301225281,0.20692142488450962,-0.42807250939347835,-0.6492404930893556,-0.9254007325196485,-0.6132518611691794,0.9260819531365376,0.3418217332312617,-0.2639949101082846,-0.2985951498102796,-0.3272620251076344,0.020664994292909928,False,True,False,True,False,False,False,False,True,False,False,False,False,False,False,False,True,False,True,False,True
-0.23148351311383164,1,-1.255039883462574,-0.41227884488838246,-0.8847969712710111,1.1782012951933094,-1.627378910479942,-2.417886851387243,-1.0029610262683273,0.24030102489791522,-0.949718900321194,-0.2933651244511006,-1.0597285932632623,0.20692142488450962,-0.42807250939347835,1.2002765418458676,0.2332727608290527,-1.0690729046985459,0.1556726718769394,-1.0670240730349723,-0.8429336132460213,-0.5913608932251309,-0.3272620251076344,-1.1469071832564992,True,False,False,True,False,True,False,False,False,False,False,False,False,False,False,False,True,False,False,False,False
0.22277356906034518,0,1.7051674105688335,-0.9044004238220503,-0.8847969712710111,1.1782012951933094,-1.1830717019005863,0.37840702535570064,-1.0029610262683273,1.1479561495819623,-1.145281673492429,-0.3139850280979489,-0.6576603301225281,2.126860980117909,2.3360528369758367,0.27551802437825607,0.2332727608290527,-1.37295360038479,0.1556726718769394,0.3418217332312617,-1.0359131809586002,-1.1768923800548332,-0.6683591089246615,-1.1469071832564992,True,False,True,False,True,False,False,False,False,False,True,False,False,False,False,False,False,True,False,True,True
-1.1399976774621854,0,1.355595192429446,1.679237865579706,0.08984534639226345,-1.573189559483144,1.1865667438559788,0.37840702535570064,-1.0029610262683273,1.1479561495819623,-0.7885076774450605,-1.5868081960673475,-0.6576603301225281,1.8525839007988518,2.3360528369758367,-0.6492404930893556,1.3919462541777539,-1.0690729046985459,0.1556726718769394,-2.475869879301206,-0.6499540455334424,-0.5913608932251309,-0.6683591089246615,-0.5631210944817947,False,True,True,False,True,False,False,False,False,False,False,False,False,False,True,False,False,False,False,False,False
-0.6857405952880085,0,1.4820362075011395,-0.7813700290886334,0.08984534639226345,0.26107101030115826,-0.6400295580813734,0.37840702535570064,-1.0029610262683273,1.1479561495819623,-1.0262565650137883,0.3351912581443232,0.5485444592996741,-0.0673556544345474,-0.42807250939347835,0.27551802437825607,0.2332727608290527,-0.1574308176398131,0.1556726718769394,-2.475869879301206,-0.2639949101082846,-0.2985951498102796,-0.3272620251076344,0.020664994292909928,False,False,True,False,True,False,False,False,False,False,True,False,False,False,False,False,False,True,False,True,False
-0.7993048658315527,0,0.45563267338974683,-0.7813700290886334,1.064487664055538,-0.6560592745909929,1.334669146715764,-1.0197399130157712,1.3561285689092124,0.24030102489791522,1.938221959575747,1.0073720627409022,-0.6576603301225281,0.7554755835226237,-0.42807250939347835,0.27551802437825607,-0.9254007325196485,-0.00549046979669098,-0.6147366093826588,0.3418217332312617,0.70090292845461,-0.5913608932251309,-0.6683591089246615,0.8963441274549668,False,True,True,False,False,False,True,False,False,False,False,False,False,True,False,False,False,True,False,True,False
-0.7993048658315527,1,-0.9773654974227771,1.92529865504654,2.0391299817188124,0.26107101030115826,0.24858485907733846,-1.0197399130157712,-1.0029610262683273,-0.6673540997861319,-0.8909596695532574,0.5548563541372787,0.9506127224404082,0.20692142488450962,-0.42807250939347835,-0.6492404930893556,-0.9254007325196485,-0.6132518611691794,-0.6147366093826588,1.7506675394974955,-0.8429336132460213,-0.5913608932251309,-0.3272620251076344,-0.8550141388691469,False,True,True,False,False,False,False,False,True,False,False,False,False,False,True,False,False,True,False,False,False
-1.9349475712669948,1,-0.7765474146618524,-0.9044004238220503,-0.8847969712710111,-1.573189559483144,-0.6893970257013019,-1.0197399130157712,-1.0029610262683273,1.1479561495819623,-0.8855357405592941,0.5740735432503278,-0.6576603301225281,-0.8901868923917186,-0.42807250939347835,0.27551802437825607,-0.9254007325196485,-1.37295360038479,0.1556726718769394,1.7506675394974955,-1.0359131809586002,-1.1768923800548332,-0.6683591089246615,-1.1469071832564992,False,True,False,False,False,False,False,False,True,True,False,False,False,False,False,False,False,False,True,True,False
-0.6857405952880085,0,1.4770777363218572,1.556207470846289,1.064487664055538,0.26107101030115826,0.14984992383748158,0.37840702535570064,1.3561285689092124,-1.575009224470179,0.8766385237016942,-1.6067267424472962,-1.0597285932632623,-1.1644639717107754,-0.42807250939347835,0.27551802437825607,-0.9254007325196485,-0.00549046979669098,0.1556726718769394,0.3418217332312617,0.5079233607420311,1.1652335672639762,1.7193204777945283,1.188237171842319,False,False,False,True,False,False,False,True,False,False,False,False,False,False,False,True,False,True,False,False,False
2.380494709387685,0,-1.4682541441717039,2.417420233980208,0.08984534639226345,-1.573189559483144,-0.4919271552215881,-1.0197399130157712,2.535673366497982,1.1479561495819623,2.5960240147880826,1.0881684198877364,0.14647619615894003,-0.8901868923917186,-0.42807250939347835,0.27551802437825607,0.2332727608290527,3.3371971827519955,0.1556726718769394,-1.0670240730349723,-1.0359131809586002,-1.1768923800548332,-0.6683591089246615,-1.1469071832564992,False,True,False,True,False,True,False,False,False,False,False,True,False,False,False,False,False,False,False,True,False
-0.6857405952880085,0,0.7779333000430827,-0.9044004238220503,0.08984534639226345,0.26107101030115826,-0.8374994285610872,0.37840702535570064,-1.0029610262683273,1.1479561495819623,-0.8855357405592941,-1.0048219359940573,-1.0597285932632623,-0.3416327337536044,-0.42807250939347835,0.27551802437825607,-0.9254007325196485,0.2983902258895533,-0.6147366093826588,-1.0670240730349723,0.893882496167189,0.872467823849125,1.3782233939775013,0.8963441274549668,False,False,True,False,False,False,True,False,False,False,True,False,False,False,False,False,False,False,True,False,False
2.721187521018318,0,1.727480530875603,2.294389839246791,0.08984534639226345,0.26107101030115826,0.6928920676566944,-1.0197399130157712,1.3561285689092124,-1.575009224470179,1.4353032100799212,-1.6130389578493927,0.5485444592996741,1.0297526628416807,-0.42807250939347835,1.2002765418458676,-0.9254007325196485,1.8177937043207744,1.696491234396136,1.7506675394974955,2.244739470155241,2.629062284338232,3.7659029806966915,2.063916305004376,True,False,False,True,False,True,False,False,False,False,False,False,False,False,False,True,False,True,False,False,False
1.244852003952243,0,0.4481949666208237,-0.9044004238220503,-0.8847969712710111,-1.573189559483144,-0.04761994664223216,0.37840702535570064,0.1765837713204426,1.1479561495819623,-0.1304042928441716,-0.9756454736910339,0.9506127224404082,-0.6159098130726615,-0.42807250939347835,0.27551802437825607,2.550619747526455,1.5139130086345303,-0.6147366093826588,0.3418217332312617,-0.2639949101082846,-1.1768923800548332,-0.6683591089246615,0.020664994292909928,False,True,True,False,False,False,True,False,False,False,False,False,True,False,False,False,False,False,False,False,False
-0.11791924257028744,0,-1.631883693088013,1.556207470846289,0.08984534639226345,1.1782012951933094,-0.9856018314208724,-2.417886851387243,-1.0029610262683273,0.24030102489791522,-0.38352097922912887,0.6846074485137051,-1.0597285932632623,-0.0673556544345474,-0.42807250939347835,0.27551802437825607,-0.9254007325196485,-0.6132518611691794,-0.6147366093826588,0.3418217332312617,-0.2639949101082846,-0.005829406395428478,0.696029226343447,-0.27122805009444234,False,True,True,False,True,False,False,False,False,False,True,False,False,False,False,False,False,False,True,True,False
2.0398018977570525,0,-0.6302725148730308,-0.1662180554215485,1.064487664055538,0.26107101030115826,-1.1830717019005863,0.37840702535570064,0.1765837713204426,0.24030102489791522,-0.5191192040782131,1.274168367069511,1.7547492487218765,-1.1644639717107754,-0.42807250939347835,0.27551802437825607,-0.9254007325196485,1.361972660791408,0.1556726718769394,0.3418217332312617,-1.0359131809586002,-1.1768923800548332,-0.6683591089246615,-1.1469071832564992,False,True,True,False,True,False,False,False,False,False,True,False,False,False,False,False,False,False,True,False,False
-0.23148351311383164,0,1.2415503553059581,-0.9044004238220503,1.064487664055538,1.1782012951933094,-0.19572234950201747,-1.0197399130157712,-1.0029610262683273,0.24030102489791522,-0.8240645452943759,-0.8315866910698556,0.14647619615894003,-0.8901868923917186,-0.42807250939347835,0.27551802437825607,0.2332727608290527,0.6022709215757975,0.1556726718769394,0.3418217332312617,0.12196422531687327,-0.2985951498102796,1.037126310160474,0.8963441274549668,False,True,True,False,True,False,False,False,False,False,False,False,False,False,True,False,False,False,False,True,False
1.1312877334086988,0,0.800246420349852,0.07984273404528544,0.08984534639226345,0.26107101030115826,1.3840366143356926,-1.0197399130157712,1.3561285689092124,1.1479561495819623,1.0752145907584643,-0.39015242728324573,-0.25559206698179404,1.0297526628416807,-0.42807250939347835,0.27551802437825607,0.2332727608290527,0.7542112694189196,0.1556726718769394,0.3418217332312617,-0.6499540455334424,-0.5913608932251309,-0.3272620251076344,-0.5631210944817947,False,True,False,True,False,True,False,False,False,False,False,False,False,False,False,True,False,True,False,False,True
-0.5721763247444642,0,1.1696525232063677,-0.043187660688131534,-1.8594392889342857,0.26107101030115826,-1.627378910479942,0.37840702535570064,1.3561285689092124,-0.6673540997861319,1.5504110365073662,0.006956057235309207,-0.6576603301225281,2.6754151387560228,2.3360528369758367,1.2002765418458676,0.2332727608290527,0.4503305737326754,2.466900515655734,1.7506675394974955,1.2798416315923467,1.1652335672639762,-0.6683591089246615,1.188237171842319,False,True,True,False,True,False,False,False,False,False,False,False,True,False,False,False,False,False,False,True,False
-0.3450477836573759,1,1.177090229975291,0.6949947077123703,-1.8594392889342857,-0.6560592745909929,-0.4919271552215881,0.37840702535570064,1.3561285689092124,0.24030102489791522,2.442948685402894,1.4412316680449964,1.7547492487218765,-0.8901868923917186,-0.42807250939347835,1.2002765418458676,-0.9254007325196485,0.7542112694189196,-0.6147366093826588,1.7506675394974955,0.12196422531687327,0.5797020804342738,1.7193204777945283,0.8963441274549668,False,True,True,False,False,False,True,False,False,False,False,True,False,False,False,False,False,True,False,True,True
-0.3450477836573759,1,-0.53358232687703,0.07984273404528544,-1.8594392889342857,-1.573189559483144,-1.3805415723803,-2.417886851387243,-1.0029610262683273,1.1479561495819623,-0.6312137366201228,-1.0715911478028997,1.7547492487218765,-0.6159098130726615,-0.42807250939347835,-1.5739990105569672,2.550619747526455,-0.3093711654829352,-0.6147366093826588,0.3418217332312617,-0.4569744778208635,-0.2985951498102796,-0.3272620251076344,-0.27122805009444234,False,True,True,False,False,False,True,False,False,False,True,False,False,False,False,False,False,False,False,True,False
-0.6857405952880085,0,-0.9649693194745719,-0.2892484501549655,-1.8594392889342857,1.1782012951933094,-0.44255968760165965,0.37840702535570064,-1.0029610262683273,-0.6673540997861319,-0.759278726755369,0.5686029565685109,-1.0597285932632623,-0.3416327337536044,-0.42807250939347835,-1.5739990105569672,-0.9254007325196485,-0.9171325568554237,0.1556726718769394,0.3418217332312617,-0.6499540455334424,-0.5913608932251309,-0.3272620251076344,-0.5631210944817947,False,True,False,True,False,True,False,False,False,False,False,False,False,False,False,False,True,False,True,True,False
-0.11791924257028744,0,1.1746109943856498,0.8180251024457873,0.08984534639226345,1.1782012951933094,0.2979523266972669,0.37840702535570064,1.3561285689092124,0.24030102489791522,0.6416016006299481,-0.006930816649302923,0.5485444592996741,-0.8901868923917186,-0.42807250939347835,0.27551802437825607,-0.9254007325196485,-0.00549046979669098,-0.6147366093826588,0.3418217332312617,0.3149437930294522,0.872467823849125,-0.6683591089246615,-1.1469071832564992,False,True,True,False,True,False,False,False,False,False,False,False,False,False,False,False,False,True,False,True,True
-0.5721763247444642,1,-0.6649818131280054,1.3101466813794551,0.08984534639226345,-1.573189559483144,0.0017475209776962777,0.37840702535570064,1.3561285689092124,0.24030102489791522,1.3021156203392652,1.2012272113119524,0.14647619615894003,-0.8901868923917186,-0.42807250939347835,-1.5739990105569672,-0.9254007325196485,0.2983902258895533,-0.6147366093826588,0.3418217332312617,-1.0359131809586002,-1.1768923800548332,-0.6683591089246615,-1.1469071832564992,True,False,True,False,True,False,False,False,False,False,False,False,False,False,False,False,False,True,False,True,False
-0.23148351311383164,1,0.46059114456902894,1.679237865579706,0.08984534639226345,-0.6560592745909929,-1.1337042342806578,0.37840702535570064,1.3561285689092124,-1.575009224470179,1.3400831232970087,-0.3943605708846434,2.5588857750033447,-0.0673556544345474,-0.42807250939347835,0.27551802437825607,2.550619747526455,0.14644987804643114,-0.6147366093826588,0.3418217332312617,-0.6499540455334424,-0.5913608932251309,-0.6683591089246615,-0.5631210944817947,True,False,False,False,False,False,False,False,False,True,False,False,False,False,False,False,False,False,False,False,True
0.677030651234522,0,1.6654996411345768,-0.5353092396217994,-0.8847969712710111,-0.6560592745909929,1.5321390171954778,0.37840702535570064,-1.0029610262683273,0.24030102489791522,-1.0274618825680024,-0.7131975844172027,0.5485444592996741,0.48119850420356663,-0.42807250939347835,1.2002765418458676,0.2332727608290527,-0.3093711654829352,0.9260819531365376,0.3418217332312617,-0.8429336132460213,-0.5913608932251309,0.013835058709392709,-1.1469071832564992,True,False,True,False,False,False,False,True,False,False,True,False,False,False,False,False,False,True,False,True,False
-0.004354972026743229,0,-0.4145790185742599,0.07984273404528544,1.064487664055538,-0.6560592745909929,-1.6767463780998706,0.37840702535570064,1.3561285689092124,1.1479561495819623,1.3491230049536145,0.13656688015835575,-0.6576603301225281,-0.3416327337536044,-0.42807250939347835,1.2002765418458676,-0.9254007325196485,-0.00549046979669098,0.1556726718769394,-1.0670240730349723,0.70090292845461,-0.2985951498102796,2.4015146454285827,0.8963441274549668,False,False,False,True,False,False,True,False,False,False,False,False,False,False,False,True,False,False,True,True,False
-1.594254759636362,1,1.402700668632626,-0.6583396343552164,-1.8594392889342857,0.26107101030115826,1.6308739524353348,-1.0197399130157712,-1.0029610262683273,0.24030102489791522,-0.48476765378311176,-0.7315731448099723,0.9506127224404082,0.20692142488450962,-0.42807250939347835,0.27551802437825607,-0.9254007325196485,-0.9171325568554237,0.1556726718769394,0.3418217332312617,-0.8429336132460213,-0.5913608932251309,-0.3272620251076344,-0.5631210944817947,True,False,True,False,False,False,False,False,True,False,True,False,False,False,False,False,False,False,True,True,False
1.3584162744957873,0,-1.584778216884833,-0.9044004238220503,2.0391299817188124,-0.6560592745909929,-1.4299090400002283,0.37840702535570064,0.1765837713204426,1.1479561495819623,-0.43745893978020906,0.7453449878272107,-0.25559206698179404,-0.3416327337536044,-0.42807250939347835,-1.5739990105569672,0.2332727608290527,0.6022709215757975,-0.6147366093826588,0.3418217332312617,0.5079233607420311,0.872467823849125,1.3782233939775013,0.8963441274549668,False,True,False,True,False,True,False,False,False,False,False,False,False,False,False,True,False,True,False,False,False
0.5634663806909778,0,-1.3269377155621644,0.07984273404528544,-0.8847969712710111,1.1782012951933094,-0.4919271552215881,0.37840702535570064,0.1765837713204426,1.1479561495819623,0.21913779787791227,-0.12826562382293416,1.7547492487218765,-0.3416327337536044,-0.42807250939347835,1.2002765418458676,-0.9254007325196485,0.9061516172620417,0.1556726718769394,0.3418217332312617,1.4728211993049256,-0.2985951498102796,-0.3272620251076344,1.7720232606170236,False,False,False,True,True,False,False,False,False,False,False,False,False,False,False,True,False,False,True,True,False
-0.11791924257028744,0,-0.4542467880085166,-1.0274308185554673,0.08984534639226345,-0.6560592745909929,0.9397294057563366,0.37840702535570064,0.1765837713204426,0.24030102489791522,-0.23677356700356436,0.6052138059006702,2.5588857750033447,-1.1644639717107754,-0.42807250939347835,0.27551802437825607,-0.9254007325196485,0.7542112694189196,-0.6147366093826588,0.3418217332312617,0.893882496167189,1.4579993106788274,1.3782233939775013,1.4801302162296714,False,True,False,True,False,True,False,False,False,False,False,False,False,False,False,True,False,True,False,True,False
0.4499021101474336,0,-1.2401644699247278,-0.41227884488838246,0.08984534639226345,-0.6560592745909929,0.4460547295570522,0.37840702535570064,2.535673366497982,0.24030102489791522,2.330552823472431,0.8443766339134346,1.7547492487218765,-0.0673556544345474,-0.42807250939347835,0.27551802437825607,-0.9254007325196485,1.8177937043207744,0.1556726718769394,0.3418217332312617,2.630698605580399,0.5797020804342738,1.037126310160474,2.6477023937790807,False,True,True,False,True,False,False,False,False,False,False,False,True,False,False,False,False,False,True,False,False
0.3363378396038894,0,-0.8905922517853405,-0.1662180554215485,-1.8594392889342857,0.26107101030115826,-0.8868668961810157,0.37840702535570064,-1.0029610262683273,0.24030102489791522,-0.5266524387920511,0.49482017209067275,-0.6576603301225281,-1.1644639717107754,-0.42807250939347835,-1.5739990105569672,0.2332727608290527,-0.3093711654829352,0.1556726718769394,0.3418217332312617,0.3149437930294522,-0.2985951498102796,-0.6683591089246615,0.8963441274549668,True,False,True,False,True,False,False,False,False,False,True,False,False,False,False,False,False,True,False,False,False
-0.5721763247444642,0,0.06391345022646176,-0.9044004238220503,-1.8594392889342857,-0.6560592745909929,0.544789664796909,0.37840702535570064,0.1765837713204426,1.1479561495819623,0.3252057426487515,-0.8414056928064501,0.5485444592996741,-0.6159098130726615,-0.42807250939347835,0.27551802437825607,-0.9254007325196485,-0.00549046979669098,-0.6147366093826588,1.7506675394974955,-0.07101534239570564,0.28693633701942267,-0.6683591089246615,0.3125580386802622,False,True,False,True,True,False,False,False,False,False,False,False,False,False,False,True,False,False,True,True,True
0.677030651234522,0,-1.1980174649008302,1.802268260313123,0.08984534639226345,1.1782012951933094,-0.4919271552215881,0.37840702535570064,1.3561285689092124,-1.575009224470179,0.5735011588168525,-1.037224641724819,-0.6576603301225281,1.5783068214797948,2.3360528369758367,1.2002765418458676,0.2332727608290527,-0.00549046979669098,1.696491234396136,-1.0670240730349723,0.70090292845461,1.4579993106788274,1.037126310160474,1.188237171842319,False,True,True,False,False,False,True,False,False,False,False,False,True,False,False,False,False,True,False,True,True
1.0177234628651546,0,-0.5980424522076973,-0.9044004238220503,0.08984534639226345,1.1782012951933094,-0.2450898171219459,0.37840702535570064,0.1765837713204426,-0.6673540997861319,-0.21025658081085455,0.25706005861170744,-1.0597285932632623,1.0297526628416807,-0.42807250939347835,-0.6492404930893556,0.2332727608290527,-0.1574308176398131,0.1556726718769394,1.7506675394974955,0.3149437930294522,0.872467823849125,0.3549321425264198,0.8963441274549668,False,True,False,True,False,False,False,True,False,False,False,False,False,False,False,True,False,True,False,True,False
-1.1399976774621854,1,-0.9327392568092383,0.9410554971792042,1.064487664055538,-0.6560592745909929,-0.3931922199817312,0.37840702535570064,-1.0029610262683273,0.24030102489791522,-0.832200438785321,1.1872000659739603,-1.0597285932632623,-1.1644639717107754,-0.42807250939347835,-0.6492404930893556,0.2332727608290527,-0.3093711654829352,-0.6147366093826588,-1.0670240730349723,0.12196422531687327,0.872467823849125,-0.3272620251076344,-1.1469071832564992,True,False,False,False,True,False,False,False,False,True,False,False,False,False,False,False,False,False,False,False,True
-0.7993048658315527,0,-1.413710961199601,1.187116286646038,0.08984534639226345,1.1782012951933094,-1.5780114428600138,0.37840702535570064,0.1765837713204426,1.1479561495819623,-0.3738784387954162,1.1643358190730333,0.5485444592996741,-0.8901868923917186,-0.42807250939347835,-0.6492404930893556,1.3919462541777539,-0.3093711654829352,-0.6147366093826588,1.7506675394974955,-0.6499540455334424,-0.5913608932251309,-0.3272620251076344,-0.5631210944817947,False,True,True,False,False,False,False,False,True,False,False,False,True,False,False,False,False,False,False,True,False
-0.3450477836573759,0,0.29696159565271996,-1.0274308185554673,2.0391299817188124,-1.573189559483144,1.433404081955621,1.7765539637271726,2.535673366497982,0.24030102489791522,3.218570531539656,1.1549376316965787,0.5485444592996741,1.0297526628416807,-0.42807250939347835,0.27551802437825607,0.2332727608290527,-0.00549046979669098,-0.6147366093826588,0.3418217332312617,-0.07101534239570564,-0.884126636639982,-0.6683591089246615,0.3125580386802622,False,True,True,False,False,False,True,False,False,False,False,False,False,True,False,False,False,False,False,False,False
-0.5721763247444642,0,-0.2831795323232845,-0.2892484501549655,0.08984534639226345,0.26107101030115826,-1.0843367666607293,-1.0197399130157712,1.3561285689092124,1.1479561495819623,1.8243194507025162,1.535494084716303,2.5588857750033447,1.5783068214797948,2.3360528369758367,0.27551802437825607,0.2332727608290527,-0.00549046979669098,0.1556726718769394,-1.0670240730349723,-0.2639949101082846,-0.005829406395428478,-0.6683591089246615,-0.8550141388691469,False,True,False,True,True,False,False,False,False,False,False,True,False,False,False,False,False,False,False,True,False
-2.048511841810539,1,1.2489880620748812,-0.5353092396217994,0.08984534639226345,-0.6560592745909929,0.14984992383748158,0.37840702535570064,-1.0029610262683273,-0.6673540997861319,-1.0922477011070093,-0.8816635999264872,-0.6576603301225281,-0.3416327337536044,-0.42807250939347835,1.2002765418458676,-0.9254007325196485,-1.5248939482279122,0.1556726718769394,0.3418217332312617,-1.2288927486711791,-1.1768923800548332,-0.6683591089246615,-1.1469071832564992,True,False,False,True,False,True,False,False,False,False,False,False,False,False,False,False,True,False,True,True,True
0.4499021101474336,0,0.7233901170709797,2.294389839246791,0.08984534639226345,0.26107101030115826,-0.3931922199817312,-2.417886851387243,1.3561285689092124,-1.575009224470179,1.635988582856566,-0.4168040034254306,0.14647619615894003,-0.0673556544345474,-0.42807250939347835,0.27551802437825607,0.2332727608290527,1.5139130086345303,-0.6147366093826588,0.3418217332312617,-1.0359131809586002,-1.1768923800548332,-0.6683591089246615,-0.8550141388691469,False,False,False,True,False,False,False,True,False,False,False,False,False,False,False,True,False,False,False,True,False
0.5634663806909778,0,-0.7269627028690315,-0.9044004238220503,1.064487664055538,-1.573189559483144,-0.19572234950201747,-1.0197399130157712,0.1765837713204426,0.24030102489791522,0.39421017262750774,-1.7158579331768744,-0.25559206698179404,0.48119850420356663,-0.42807250939347835,-1.5739990105569672,-0.9254007325196485,-0.00549046979669098,0.1556726718769394,0.3418217332312617,0.3149437930294522,0.872467823849125,-0.6683591089246615,0.8963441274549668,False,False,True,False,False,False,False,True,False,False,False,False,False,False,False,False,False,False,True,False,True
-1.1399976774621854,0,-0.06748603602451361,2.417420233980208,-0.8847969712710111,-1.573189559483144,-1.0349692990408008,0.37840702535570064,0.1765837713204426,0.24030102489791522,-0.3606199456990613,-1.4135729511431459,0.9506127224404082,-0.8901868923917186,-0.42807250939347835,-1.5739990105569672,1.3919462541777539,-0.3093711654829352,1.696491234396136,0.3418217332312617,-1.2288927486711791,-1.1768923800548332,-0.6683591089246615,-1.1469071832564992,False,True,False,True,False,False,True,False,False,False,False,False,False,False,False,True,False,False,False,True,False
-0.11791924257028744,0,-1.5054426780163197,-1.0274308185554673,0.08984534639226345,-1.573189559483144,0.6928920676566944,0.37840702535570064,0.1765837713204426,0.24030102489791522,-0.19398479382896444,-1.072573047976559,-0.6576603301225281,0.20692142488450962,-0.42807250939347835,1.2002765418458676,-0.9254007325196485,-0.7651922090123016,0.1556726718769394,0.3418217332312617,-0.2639949101082846,-0.005829406395428478,-0.6683591089246615,-0.27122805009444234,False,True,False,True,False,False,True,False,False,False,False,False,False,False,False,True,False,False,True,False,False
-0.23148351311383164,0,-1.3492508358689337,1.4331770761128722,1.064487664055538,1.1782012951933094,0.3966872619371238,1.7765539637271726,0.1765837713204426,1.1479561495819623,-0.0499493461003816,0.7822363800661298,-0.6576603301225281,-0.8901868923917186,-0.42807250939347835,1.2002765418458676,-0.9254007325196485,-0.00549046979669098,0.1556726718769394,0.3418217332312617,0.70090292845461,0.872467823849125,1.037126310160474,0.8963441274549668,False,True,False,True,True,False,False,False,False,False,False,False,False,False,False,True,False,False,True,True,False
-1.1399976774621854,1,-0.8211736552753912,1.802268260313123,0.08984534639226345,0.26107101030115826,0.0017475209776962777,-2.417886851387243,-1.0029610262683273,1.1479561495819623,-0.9530335235952827,1.2440100045928282,-0.6576603301225281,0.7554755835226237,-0.42807250939347835,-0.6492404930893556,-0.9254007325196485,-1.37295360038479,0.1556726718769394,-2.475869879301206,-1.0359131809586002,-1.1768923800548332,-0.6683591089246615,-1.1469071832564992,False,True,True,False,False,False,False,False,True,False,True,False,False,False,False,False,False,False,True,True,True
0.10920929851680099,0,-0.007984381873128535,-1.0274308185554673,0.08984534639226345,-0.6560592745909929,-0.34382475236180277,0.37840702535570064,1.3561285689092124,1.1479561495819623,0.5991141568439017,1.3330823774890777,0.5485444592996741,0.48119850420356663,-0.42807250939347835,1.2002765418458676,-0.9254007325196485,0.2983902258895533,0.1556726718769394,1.7506675394974955,-0.07101534239570564,0.28693633701942267,-0.3272620251076344,-0.5631210944817947,False,True,True,False,False,False,False,False,True,False,False,False,True,False,False,False,False,False,True,False,False
1.1312877334086988,0,0.574635981692517,1.0640858919126213,-1.8594392889342857,-1.573189559483144,0.9890968733762651,0.37840702535570064,1.3561285689092124,0.24030102489791522,1.51395018049239,-0.7519125055500607,0.9506127224404082,-1.1644639717107754,-0.42807250939347835,1.2002765418458676,-0.9254007325196485,2.7294357913795073,0.1556726718769394,-1.0670240730349723,-0.8429336132460213,-0.5913608932251309,-0.3272620251076344,-0.5631210944817947,True,False,True,False,False,False,True,False,False,False,False,False,False,False,False,False,False,True,False,False,False
0.10920929851680099,0,-1.636842164267295,-0.043187660688131534,1.064487664055538,-1.573189559483144,0.14984992383748158,0.37840702535570064,1.3561285689092124,-0.6673540997861319,1.0037995256712797,1.4478244263538527,-0.6576603301225281,-0.6159098130726615,-0.42807250939347835,1.2002765418458676,0.2332727608290527,-0.1574308176398131,2.466900515655734,0.3418217332312617,0.5079233607420311,0.28693633701942267,1.7193204777945283,0.8963441274549668,False,False,False,True,False,False,True,False,False,False,False,False,False,False,False,True,False,False,False,True,False
1.8126733566699642,0,0.38125560570051553,-0.41227884488838246,-0.8847969712710111,1.1782012951933094,0.5941571324168375,0.37840702535570064,0.1765837713204426,-1.575009224470179,0.022369707152463336,1.0860643480870376,0.14647619615894003,-0.8901868923917186,-0.42807250939347835,-0.6492404930893556,1.3919462541777539,1.210032312948286,0.1556726718769394,0.3418217332312617,0.70090292845461,1.4579993106788274,1.3782233939775013,1.4801302162296714,False,True,True,False,False,False,False,False,True,False,False,False,False,False,True,False,False,False,False,True,True
-0.45861205420092005,1,1.6654996411345768,0.2028731287787024,1.064487664055538,1.1782012951933094,-0.2944572847418743,1.7765539637271726,0.1765837713204426,0.24030102489791522,-0.23978686088909956,1.3423402934121524,2.1568175118626107,-0.8901868923917186,-0.42807250939347835,1.2002765418458676,-0.9254007325196485,-0.6132518611691794,-0.6147366093826588,0.3418217332312617,-0.4569744778208635,-0.5913608932251309,-0.3272620251076344,-0.5631210944817947,False,False,False,True,False,False,False,True,False,False,False,False,False,False,False,True,False,True,False,True,False
-1.3671262185492736,0,-0.6625025775383644,1.802268260313123,0.08984534639226345,1.1782012951933094,-1.3805415723803,0.37840702535570064,-1.0029610262683273,1.1479561495819623,-0.9349537602820714,-1.2364101055243062,-1.0597285932632623,-0.6159098130726615,-0.42807250939347835,0.27551802437825607,1.3919462541777539,-1.0690729046985459,0.1556726718769394,0.3418217332312617,-0.8429336132460213,-0.5913608932251309,0.013835058709392709,-0.8550141388691469,True,False,False,True,False,False,True,False,False,False,False,False,False,False,False,False,True,True,False,True,False
0.22277356906034518,0,1.7175635885170386,0.07984273404528544,0.08984534639226345,0.26107101030115826,0.49542219717698066,0.37840702535570064,0.1765837713204426,0.24030102489791522,1.3021156203392652,1.0982679645310907,0.14647619615894003,1.0297526628416807,-0.42807250939347835,0.27551802437825607,0.2332727608290527,1.210032312948286,0.9260819531365376,0.3418217332312617,-1.0359131809586002,-1.1768923800548332,-0.6683591089246615,-1.1469071832564992,False,True,True,False,False,False,True,False,False,False,False,False,False,False,False,False,False,True,False,False,False
0.10920929851680099,0,-0.8831545450164173,-1.0274308185554673,1.064487664055538,-0.6560592745909929,-0.04761994664223216,0.37840702535570064,0.1765837713204426,-0.6673540997861319,0.28452627519402623,0.19029084680286532,1.3526809855811424,-0.8901868923917186,-0.42807250939347835,-0.6492404930893556,0.2332727608290527,-0.3093711654829352,-0.6147366093826588,-1.0670240730349723,-0.07101534239570564,0.28693633701942267,0.696029226343447,-0.27122805009444234,False,True,True,False,True,False,False,False,False,False,False,False,True,False,False,False,False,True,False,False,False
-1.3671262185492736,0,-0.2757418255543614,1.679237865579706,0.08984534639226345,-0.6560592745909929,1.1371992762360503,1.7765539637271726,-1.0029610262683273,1.1479561495819623,-0.8370217090021773,1.021960293892414,-0.6576603301225281,-1.1644639717107754,-0.42807250939347835,-0.6492404930893556,1.3919462541777539,-0.6132518611691794,0.1556726718769394,0.3418217332312617,-0.07101534239570564,0.28693633701942267,-0.3272620251076344,0.020664994292909928,False,True,True,False,False,False,True,False,False,False,False,False,False,False,True,False,False,True,False,True,True
-1.1399976774621854,0,-0.24599099847866884,2.294389839246791,-0.8847969712710111,-1.573189559483144,0.0017475209776962777,0.37840702535570064,0.1765837713204426,-0.6673540997861319,0.23179363219716012,-0.9701748870092171,-0.6576603301225281,1.3040297421607379,2.3360528369758367,1.2002765418458676,1.3919462541777539,-0.6132518611691794,1.696491234396136,1.7506675394974955,-0.2639949101082846,-0.2985951498102796,-0.3272620251076344,0.020664994292909928,False,True,False,True,False,True,False,False,False,False,False,False,False,False,False,True,False,True,False,True,False
-1.3671262185492736,0,0.05151727227825654,0.9410554971792042,-0.8847969712710111,1.1782012951933094,1.3840366143356926,-1.0197399130157712,-1.0029610262683273,-0.6673540997861319,-1.0172166833571825,-0.73564101695799,-0.6576603301225281,1.5783068214797948,2.3360528369758367,1.2002765418458676,0.2332727608290527,-1.37295360038479,-0.6147366093826588,0.3418217332312617,-1.0359131809586002,-1.1768923800548332,-0.6683591089246615,-1.1469071832564992,False,True,True,False,False,False,False,True,False,False,True,False,False,False,False,False,False,True,False,True,False
-1.2535619480057296,0,-0.44680908123959345,0.44893391824553636,-1.8594392889342857,-0.6560592745909929,-1.281806637140443,0.37840702535570064,-1.0029610262683273,0.24030102489791522,-1.0265578944023417,1.6876886116335168,-0.6576603301225281,-1.1644639717107754,-0.42807250939347835,0.27551802437825607,-0.9254007325196485,-0.46131151332605735,-1.3851458906422571,0.3418217332312617,0.12196422531687327,-0.005829406395428478,-0.6683591089246615,0.6044510830676145,False,True,False,True,False,False,True,False,False,False,False,False,False,False,False,False,True,True,False,True,False
-1.3671262185492736,1,1.2018825858717013,-0.2892484501549655,0.08984534639226345,-1.573189559483144,-0.5412946228415165,0.37840702535570064,-1.0029610262683273,0.24030102489791522,-0.7885076774450605,-0.02474529122855283,-0.6576603301225281,0.20692142488450962,-0.42807250939347835,1.2002765418458676,0.2332727608290527,-0.6132518611691794,0.9260819531365376,0.3418217332312617,-0.07101534239570564,-0.2985951498102796,-0.3272620251076344,-0.5631210944817947,True,False,True,False,True,False,False,False,False,False,True,False,False,False,False,False,False,True,False,False,True
-0.6857405952880085,1,-0.8781960738371353,0.3259035235121194,1.064487664055538,-0.6560592745909929,0.3966872619371238,-1.0197399130157712,-1.0029610262683273,-1.575009224470179,-1.0455416458812135,0.017616687692183164,-0.6576603301225281,0.7554755835226237,-0.42807250939347835,0.27551802437825607,0.2332727608290527,-1.37295360038479,-0.6147366093826588,1.7506675394974955,-1.0359131809586002,-1.1768923800548332,-0.6683591089246615,-1.1469071832564992,True,False,False,True,True,False,False,False,False,False,False,False,False,False,False,False,True,True,False,True,False
-0.23148351311383164,0,-1.359167778227498,-1.0274308185554673,-0.8847969712710111,-0.6560592745909929,0.8409944705164797,-1.0197399130157712,-1.0029610262683273,1.1479561495819623,-0.5667292474696694,1.1852362656266415,-0.6576603301225281,-0.6159098130726615,-0.42807250939347835,1.2002765418458676,0.2332727608290527,-0.6132518611691794,0.1556726718769394,0.3418217332312617,-0.07101534239570564,0.28693633701942267,-0.3272620251076344,-0.27122805009444234,False,True,True,False,True,False,False,False,False,False,False,False,False,False,True,False,False,True,False,True,True
-0.5721763247444642,1,1.395262961863703,0.44893391824553636,1.064487664055538,-0.6560592745909929,-0.9856018314208724,0.37840702535570064,0.1765837713204426,-1.575009224470179,-0.3826169910634683,-0.3973062714056217,-0.25559206698179404,0.48119850420356663,-0.42807250939347835,0.27551802437825607,-0.9254007325196485,-0.1574308176398131,-0.6147366093826588,-2.475869879301206,-0.6499540455334424,-0.884126636639982,-0.3272620251076344,-0.5631210944817947,False,True,False,True,False,False,True,False,False,False,False,False,False,False,False,True,False,False,False,True,False
-0.11791924257028744,0,-0.6550648707694412,1.92529865504654,-0.8847969712710111,-1.573189559483144,-0.590662090461445,-1.0197399130157712,0.1765837713204426,1.1479561495819623,-0.5489508135450116,-0.04774980958285979,0.5485444592996741,-0.3416327337536044,-0.42807250939347835,1.2002765418458676,-0.9254007325196485,-0.1574308176398131,0.1556726718769394,0.3418217332312617,-0.6499540455334424,-0.5913608932251309,-0.6683591089246615,-0.5631210944817947,False,True,True,False,False,False,False,True,False,False,True,False,False,False,False,False,False,False,True,True,False
-0.5721763247444642,0,-0.6872949334347748,-0.41227884488838246,1.064487664055538,-1.573189559483144,0.0017475209776962777,1.7765539637271726,0.1765837713204426,1.1479561495819623,-0.01288583130829857,-1.139763074145541,0.5485444592996741,1.8525839007988518,2.3360528369758367,1.2002765418458676,1.3919462541777539,0.4503305737326754,0.9260819531365376,1.7506675394974955,0.12196422531687327,0.872467823849125,1.037126310160474,0.8963441274549668,False,True,False,True,False,False,True,False,False,False,False,False,False,False,False,True,False,False,False,True,False
-1.0264334069186412,0,-0.01046361746276958,-0.41227884488838246,1.064487664055538,-1.573189559483144,0.0017475209776962777,-1.0197399130157712,-1.0029610262683273,0.24030102489791522,-0.9991369200439714,-1.308930446921725,-1.0597285932632623,-0.8901868923917186,-0.42807250939347835,0.27551802437825607,1.3919462541777539,-0.6132518611691794,1.696491234396136,-1.0670240730349723,-0.2639949101082846,-0.2985951498102796,-0.6683591089246615,-0.27122805009444234,False,True,True,False,False,False,True,False,False,False,False,False,False,False,True,False,False,False,False,False,False
0.10920929851680099,0,-0.6054801589766203,-0.9044004238220503,0.08984534639226345,1.1782012951933094,0.4460547295570522,0.37840702535570064,0.1765837713204426,0.24030102489791522,1.2352204960803836,-1.5898941680417058,0.5485444592996741,-1.1644639717107754,-0.42807250939347835,0.27551802437825607,0.2332727608290527,1.058091965105164,0.1556726718769394,-1.0670240730349723,-0.6499540455334424,-1.1768923800548332,-0.3272620251076344,-1.1469071832564992,False,True,False,True,False,True,False,False,False,False,False,False,False,False,False,True,False,True,False,True,True
-1.8213833007234506,0,0.3886933124694386,-1.0274308185554673,0.08984534639226345,1.1782012951933094,0.8409944705164797,-1.0197399130157712,-1.0029610262683273,-0.6673540997861319,-0.8035741468727365,-0.3629397653275412,-0.6576603301225281,-0.6159098130726615,-0.42807250939347835,1.2002765418458676,-0.9254007325196485,-1.37295360038479,-2.1555551719018555,1.7506675394974955,-1.0359131809586002,-1.1768923800548332,-0.6683591089246615,-1.1469071832564992,False,True,True,False,True,False,False,False,False,False,False,False,False,False,True,False,False,False,True,False,False
0.677030651234522,0,-0.44680908123959345,-0.9044004238220503,1.064487664055538,0.26107101030115826,0.7422595352766228,0.37840702535570064,0.1765837713204426,1.1479561495819623,-0.4260084230151753,-1.2100390722888812,-0.6576603301225281,-0.6159098130726615,-0.42807250939347835,-0.6492404930893556,1.3919462541777539,-0.00549046979669098,0.9260819531365376,0.3418217332312617,0.70090292845461,-0.5913608932251309,0.013835058709392709,-0.5631210944817947,False,True,True,False,True,False,False,False,False,False,False,False,False,False,False,False,False,True,False,False,False
0.22277356906034518,0,-1.0914103345462651,-1.0274308185554673,-1.8594392889342857,0.26107101030115826,-1.1337042342806578,0.37840702535570064,-1.0029610262683273,-1.575009224470179,-0.8689626241888505,0.030381389949755932,0.14647619615894003,0.48119850420356663,-0.42807250939347835,1.2002765418458676,-0.9254007325196485,-0.3093711654829352,0.1556726718769394,-1.0670240730349723,-1.2288927486711791,-1.1768923800548332,-0.6683591089246615,-1.1469071832564992,False,True,True,False,True,False,False,False,False,False,False,False,False,False,True,False,False,False,True,False,False
0.7905949217780662,0,0.4928212072343625,-0.043187660688131534,2.0391299817188124,1.1782012951933094,0.2979523266972669,0.37840702535570064,0.1765837713204426,0.24030102489791522,0.05310530478492244,0.7409965727724332,0.14647619615894003,-0.6159098130726615,-0.42807250939347835,-0.6492404930893556,0.2332727608290527,-0.00549046979669098,0.1556726718769394,0.3418217332312617,0.3149437930294522,0.872467823849125,0.696029226343447,0.8963441274549668,True,False,True,False,False,False,True,False,False,False,True,False,False,False,False,False,False,False,False,True,True
1.3584162744957873,0,1.075441570800008,-1.0274308185554673,1.064487664055538,1.1782012951933094,-1.281806637140443,-1.0197399130157712,2.535673366497982,-1.575009224470179,2.982930949690803,0.5123541037631628,1.7547492487218765,-1.1644639717107754,-0.42807250939347835,-1.5739990105569672,0.2332727608290527,1.6658533564776523,0.1556726718769394,-2.475869879301206,-0.6499540455334424,-0.5913608932251309,-0.6683591089246615,-0.5631210944817947,False,True,True,False,True,False,False,False,False,False,False,True,False,False,False,False,False,True,False,False,False
0.9041591923216105,0,0.7680163576845185,-1.0274308185554673,1.064487664055538,-1.573189559483144,-0.7881319609411588,-1.0197399130157712,0.1765837713204426,0.24030102489791522,0.14531209768229972,1.7603492244843155,0.5485444592996741,-1.1644639717107754,-0.42807250939347835,-0.6492404930893556,-0.9254007325196485,-0.00549046979669098,-1.3851458906422571,1.7506675394974955,-0.8429336132460213,-0.5913608932251309,-0.6683591089246615,-0.5631210944817947,False,True,False,False,True,False,False,False,False,True,False,False,False,False,False,False,False,False,True,False,False
-0.23148351311383164,0,-1.4831295577095502,0.5719643129789533,0.08984534639226345,0.26107101030115826,-1.726113845719799,0.37840702535570064,-1.0029610262683273,0.24030102489791522,-0.8810157997309913,-1.603640770472938,-0.6576603301225281,0.7554755835226237,-0.42807250939347835,1.2002765418458676,1.3919462541777539,-0.3093711654829352,0.1556726718769394,0.3418217332312617,0.3149437930294522,-0.5913608932251309,-0.6683591089246615,0.6044510830676145,False,True,False,True,False,False,False,False,True,False,False,False,False,False,False,False,True,False,False,False,True
-1.0264334069186412,1,1.5316209192939603,-0.9044004238220503,-1.8594392889342857,0.26107101030115826,0.9397294057563366,0.37840702535570064,-1.0029610262683273,-1.575009224470179,-0.7418016222192648,0.280765934232914,-1.0597285932632623,-1.1644639717107754,-0.42807250939347835,-0.6492404930893556,0.2332727608290527,-0.7651922090123016,0.1556726718769394,0.3418217332312617,-0.4569744778208635,-0.2985951498102796,-0.6683591089246615,-0.5631210944817947,False,True,False,True,False,True,False,False,False,False,False,False,False,False,False,False,True,False,False,True,False
-1.7078190301799063,0,1.3407197788915999,1.556207470846289,-1.8594392889342857,0.26107101030115826,-0.8374994285610872,0.37840702535570064,-1.0029610262683273,0.24030102489791522,-0.6194618904665354,1.4166841637035104,-0.6576603301225281,-1.1644639717107754,-0.42807250939347835,0.27551802437825607,-0.9254007325196485,-1.0690729046985459,-0.6147366093826588,0.3418217332312617,-0.6499540455334424,-0.5913608932251309,-0.3272620251076344,-0.5631210944817947,False,True,False,True,False,False,False,False,True,False,False,False,False,False,False,False,True,False,True,True,False
-1.594254759636362,0,-0.49143532185313227,-0.41227884488838246,-1.8594392889342857,-1.573189559483144,0.14984992383748158,0.37840702535570064,-1.0029610262683273,0.24030102489791522,-0.8225578983516083,-0.308514441416132,-1.0597285932632623,1.3040297421607379,2.3360528369758367,1.2002765418458676,-0.9254007325196485,-1.0690729046985459,0.1556726718769394,0.3418217332312617,-0.8429336132460213,-0.5913608932251309,0.013835058709392709,-0.5631210944817947,False,True,True,False,False,False,True,False,False,False,False,False,False,False,True,False,False,True,False,True,False
-0.3450477836573759,0,1.0258568590071873,-0.1662180554215485,1.064487664055538,0.26107101030115826,-1.3311741047603716,0.37840702535570064,0.1765837713204426,0.24030102489791522,0.48249968347368927,0.8537748212898894,-1.0597285932632623,-0.8901868923917186,-0.42807250939347835,1.2002765418458676,-0.9254007325196485,-0.6132518611691794,0.1556726718769394,0.3418217332312617,-0.2639949101082846,-1.1768923800548332,-0.3272620251076344,-0.5631210944817947,False,True,False,True,False,True,False,False,False,False,False,False,False,False,False,True,False,False,False,True,False
-0.45861205420092005,0,-0.38730742708820837,-0.043187660688131534,1.064487664055538,-1.573189559483144,1.2853016790958356,0.37840702535570064,0.1765837713204426,1.1479561495819623,0.24686010162483615,0.5252590774741155,-0.6576603301225281,-0.8901868923917186,-0.42807250939347835,1.2002765418458676,0.2332727608290527,-0.6132518611691794,-0.6147366093826588,-1.0670240730349723,-0.07101534239570564,-0.005829406395428478,-0.6683591089246615,0.3125580386802622,False,True,True,False,True,False,False,False,False,False,False,False,False,False,True,False,False,True,False,False,True
-0.6857405952880085,0,-1.592215923653756,-0.7813700290886334,0.08984534639226345,0.26107101030115826,0.24858485907733846,0.37840702535570064,-1.0029610262683273,0.24030102489791522,-1.0304751764535376,1.1654579907000726,-0.6576603301225281,1.3040297421607379,2.3360528369758367,0.27551802437825607,0.2332727608290527,-1.37295360038479,-0.6147366093826588,0.3418217332312617,-1.0359131809586002,-1.1768923800548332,-0.6683591089246615,-1.1469071832564992,True,False,True,False,False,False,True,False,False,False,False,False,False,False,True,False,False,False,False,False,False
1.9262376272135084,0,-1.3988355476617547,-1.0274308185554673,-1.8594392889342857,1.1782012951933094,-1.5780114428600138,0.37840702535570064,0.1765837713204426,-1.575009224470179,0.867297312656535,-0.9590934421922033,1.7547492487218765,1.3040297421607379,2.3360528369758367,1.2002765418458676,-0.9254007325196485,1.210032312948286,-0.6147366093826588,1.7506675394974955,1.4728211993049256,0.872467823849125,2.060417561611555,1.7720232606170236,False,True,False,True,False,False,True,False,False,False,False,False,False,False,False,True,False,False,True,False,False
-0.23148351311383164,0,1.4745985007322162,-1.0274308185554673,2.0391299817188124,-0.6560592745909929,-1.1830717019005863,0.37840702535570064,-1.0029610262683273,1.1479561495819623,-0.847266908212997,-0.9376319098250755,-0.6576603301225281,-0.8901868923917186,-0.42807250939347835,1.2002765418458676,0.2332727608290527,-0.00549046979669098,0.9260819531365376,-1.0670240730349723,0.70090292845461,1.4579993106788274,2.060417561611555,1.188237171842319,False,True,True,False,True,False,False,False,False,False,False,False,False,False,True,False,False,True,False,True,False
1.0177234628651546,1,-1.2302475275661637,2.048329049779957,1.064487664055538,-1.573189559483144,1.6802414200552631,0.37840702535570064,0.1765837713204426,-1.575009224470179,-0.3666465334701317,-1.222382960186314,-0.25559206698179404,-0.3416327337536044,-0.42807250939347835,1.2002765418458676,1.3919462541777539,-0.7651922090123016,0.9260819531365376,0.3418217332312617,-1.0359131809586002,-0.884126636639982,-0.6683591089246615,-1.1469071832564992,True,False,False,True,True,False,False,False,False,False,False,False,False,False,False,True,False,True,False,False,False
-1.1399976774621854,0,0.4680288513379521,-0.41227884488838246,0.08984534639226345,0.26107101030115826,0.24858485907733846,0.37840702535570064,-1.0029610262683273,1.1479561495819623,-0.8569094486467097,0.4789694978587417,-0.6576603301225281,-0.6159098130726615,-0.42807250939347835,0.27551802437825607,0.2332727608290527,-1.0690729046985459,-0.6147366093826588,0.3418217332312617,-0.6499540455334424,-0.5913608932251309,-0.6683591089246615,-0.5631210944817947,False,True,True,False,True,False,False,False,False,False,True,False,False,False,False,False,False,True,False,False,True
0.10920929851680099,0,-0.7939020637893397,-0.7813700290886334,0.08984534639226345,0.26107101030115826,-1.4792765076201568,0.37840702535570064,1.3561285689092124,0.24030102489791522,1.1845971588033921,-0.6646636615477501,-0.6576603301225281,-0.0673556544345474,-0.42807250939347835,0.27551802437825607,0.2332727608290527,-0.00549046979669098,-0.6147366093826588,0.3418217332312617,0.70090292845461,0.872467823849125,1.7193204777945283,1.188237171842319,False,True,True,False,False,False,False,True,False,False,False,False,True,False,False,False,False,True,False,True,False
-0.7993048658315527,0,0.9266874354215454,-0.7813700290886334,-0.8847969712710111,-0.6560592745909929,-0.19572234950201747,0.37840702535570064,0.1765837713204426,0.24030102489791522,0.01754843693560701,-1.5229846847794837,-0.6576603301225281,-0.3416327337536044,-0.42807250939347835,-1.5739990105569672,0.2332727608290527,-0.6132518611691794,1.696491234396136,-1.0670240730349723,-0.07101534239570564,-1.1768923800548332,-0.3272620251076344,-0.5631210944817947,False,True,False,True,False,False,True,False,False,False,False,False,False,False,False,True,False,True,False,False,False
-0.11791924257028744,0,0.5324889766686193,-0.41227884488838246,1.064487664055538,-0.6560592745909929,0.7916270028965513,-2.417886851387243,0.1765837713204426,1.1479561495819623,0.3444908235161768,0.7046662663470338,-0.6576603301225281,-0.6159098130726615,-0.42807250939347835,-0.6492404930893556,-0.9254007325196485,1.058091965105164,0.1556726718769394,0.3418217332312617,2.051759902442662,2.04353079750853,3.083708813062637,1.188237171842319,False,True,True,False,True,False,False,False,False,False,False,False,False,False,True,False,False,False,True,True,False
-0.3450477836573759,0,1.2241957061784707,-0.41227884488838246,0.08984534639226345,0.26107101030115826,-1.7754813133397276,0.37840702535570064,0.1765837713204426,1.1479561495819623,0.6696252337654255,-1.2637630389333907,0.14647619615894003,2.126860980117909,2.3360528369758367,0.27551802437825607,0.2332727608290527,0.7542112694189196,-0.6147366093826588,-2.475869879301206,1.2798416315923467,2.04353079750853,0.696029226343447,0.8963441274549668,True,False,True,False,True,False,False,False,False,False,False,False,False,False,False,False,False,False,False,True,False
2.0398018977570525,0,-1.0046370889088285,1.187116286646038,1.064487664055538,0.26107101030115826,1.0878318086161218,0.37840702535570064,1.3561285689092124,-0.6673540997861319,1.573613399425987,-1.0682246329217815,-0.25559206698179404,-0.0673556544345474,-0.42807250939347835,0.27551802437825607,0.2332727608290527,0.9061516172620417,-1.3851458906422571,1.7506675394974955,0.5079233607420311,0.872467823849125,1.7193204777945283,-0.8550141388691469,False,True,False,False,False,False,True,False,False,True,False,False,False,False,False,False,False,True,False,True,False
-0.004354972026743229,0,0.27464847534595055,-0.043187660688131534,-0.8847969712710111,-0.6560592745909929,-0.8868668961810157,-1.0197399130157712,0.1765837713204426,-0.6673540997861319,1.0077168077224756,-0.057568811319454224,-0.25559206698179404,-1.1644639717107754,-0.42807250939347835,0.27551802437825607,0.2332727608290527,0.4503305737326754,-0.6147366093826588,0.3418217332312617,-0.6499540455334424,-0.5913608932251309,-0.6683591089246615,-0.5631210944817947,False,True,True,False,False,False,True,False,False,False,False,False,True,False,False,False,False,False,False,True,True
-1.0264334069186412,0,0.7754540644534417,-0.7813700290886334,1.064487664055538,-1.573189559483144,-0.590662090461445,-1.0197399130157712,-1.0029610262683273,1.1479561495819623,-1.0419256932185712,0.1163677908716472,-1.0597285932632623,-0.6159098130726615,-0.42807250939347835,1.2002765418458676,-0.9254007325196485,-0.7651922090123016,-2.1555551719018555,0.3418217332312617,-0.4569744778208635,-0.5913608932251309,-0.3272620251076344,-0.8550141388691469,False,True,True,False,False,False,True,False,False,False,False,False,False,False,True,False,False,False,True,True,False
-1.8213833007234506,1,1.3878252550947796,0.07984273404528544,-1.8594392889342857,1.1782012951933094,-1.6767463780998706,0.37840702535570064,-1.0029610262683273,0.24030102489791522,-1.3541029397600186,1.775077727089207,-0.6576603301225281,-1.1644639717107754,-0.42807250939347835,1.2002765418458676,-0.9254007325196485,-1.37295360038479,1.696491234396136,0.3418217332312617,-1.0359131809586002,-1.1768923800548332,-0.3272620251076344,-0.8550141388691469,False,True,True,False,False,False,True,False,False,False,False,False,False,False,True,False,False,False,True,True,True
-0.3450477836573759,1,0.6787638764574409,-0.7813700290886334,0.08984534639226345,-1.573189559483144,0.19921739145741002,0.37840702535570064,-1.0029610262683273,-1.575009224470179,-0.649293499933334,-1.568292364221198,-0.6576603301225281,-1.1644639717107754,-0.42807250939347835,-1.5739990105569672,-0.9254007325196485,-0.00549046979669098,0.1556726718769394,0.3418217332312617,0.70090292845461,1.1652335672639762,2.4015146454285827,0.8963441274549668,True,False,True,False,True,False,False,False,False,False,False,False,False,False,True,False,False,False,True,True,True
-0.11791924257028744,0,-0.18648934432728376,-0.7813700290886334,0.08984534639226345,0.26107101030115826,-1.2324391695205146,-1.0197399130157712,-1.0029610262683273,0.24030102489791522,-1.272141346073461,0.35847631940539,-0.6576603301225281,0.7554755835226237,-0.42807250939347835,0.27551802437825607,1.3919462541777539,-1.37295360038479,0.1556726718769394,0.3418217332312617,-1.0359131809586002,-1.1768923800548332,-0.6683591089246615,-1.1469071832564992,False,False,True,False,True,False,False,False,False,False,True,False,False,False,False,False,False,True,False,True,False
-1.4806904890928179,0,0.20522987883600133,-0.6583396343552164,0.08984534639226345,-1.573189559483144,-0.3931922199817312,1.7765539637271726,-1.0029610262683273,-1.575009224470179,-0.8086967464781464,-0.8136319450372258,-0.25559206698179404,0.20692142488450962,-0.42807250939347835,-1.5739990105569672,0.2332727608290527,-0.7651922090123016,0.1556726718769394,1.7506675394974955,-0.6499540455334424,-0.5913608932251309,-0.6683591089246615,-0.5631210944817947,False,True,True,False,False,False,True,False,False,False,False,False,False,False,True,False,False,True,False,True,False
-1.2535619480057296,0,0.01928720961292296,-0.1662180554215485,0.08984534639226345,1.1782012951933094,-0.44255968760165965,1.7765539637271726,0.1765837713204426,-0.6673540997861319,-0.1963954289373926,0.18706460337512715,-1.0597285932632623,1.8525839007988518,2.3360528369758367,0.27551802437825607,0.2332727608290527,-0.9171325568554237,0.9260819531365376,0.3418217332312617,-0.6499540455334424,-0.5913608932251309,-0.3272620251076344,-0.5631210944817947,False,True,False,True,True,False,False,False,False,False,False,False,False,False,False,True,False,True,False,True,False
0.22277356906034518,0,-1.3864393697135495,-0.2892484501549655,1.064487664055538,1.1782012951933094,-0.9856018314208724,-1.0197399130157712,0.1765837713204426,1.1479561495819623,-0.44438951571694,-0.9192563494323059,-1.0597285932632623,1.3040297421607379,2.3360528369758367,-1.5739990105569672,-0.9254007325196485,-0.3093711654829352,-0.6147366093826588,0.3418217332312617,0.12196422531687327,0.872467823849125,-0.6683591089246615,0.3125580386802622,False,True,False,True,False,True,False,False,False,False,False,False,False,False,False,True,False,False,True,False,False
-0.7993048658315527,0,0.009370267254358779,-1.0274308185554673,1.064487664055538,-0.6560592745909929,0.49542219717698066,-2.417886851387243,-1.0029610262683273,1.1479561495819623,-0.8385283559449449,0.6472952419146463,-0.6576603301225281,0.7554755835226237,-0.42807250939347835,1.2002765418458676,0.2332727608290527,-0.00549046979669098,1.696491234396136,0.3418217332312617,0.70090292845461,0.872467823849125,0.013835058709392709,1.188237171842319,True,False,True,False,True,False,False,False,False,False,False,False,False,False,True,False,False,False,False,True,False
1.3584162744957873,0,0.036641858740410274,-0.9044004238220503,-1.8594392889342857,-0.6560592745909929,-0.4919271552215881,1.7765539637271726,0.1765837713204426,-0.6673540997861319,0.7886503422440662,0.5965169757911151,0.14647619615894003,-0.8901868923917186,-0.42807250939347835,1.2002765418458676,-0.9254007325196485,0.2983902258895533,0.1556726718769394,0.3418217332312617,-0.8429336132460213,-0.5913608932251309,0.013835058709392709,-0.5631210944817947,False,True,False,True,False,True,False,False,False,False,False,False,False,False,False,True,False,True,False,True,False
-1.0264334069186412,0,1.5068285633975498,-0.7813700290886334,-1.8594392889342857,1.1782012951933094,0.24858485907733846,1.7765539637271726,0.1765837713204426,1.1479561495819623,-0.25786662420231077,0.32663469948814805,-0.6576603301225281,1.3040297421607379,2.3360528369758367,-0.6492404930893556,1.3919462541777539,-0.6132518611691794,0.1556726718769394,0.3418217332312617,-0.07101534239570564,0.28693633701942267,-0.6683591089246615,0.020664994292909928,True,False,False,True,False,False,True,False,False,False,False,False,False,False,False,True,False,False,False,False,True
0.10920929851680099,0,1.0481699793139565,0.07984273404528544,-0.8847969712710111,1.1782012951933094,0.6928920676566944,1.7765539637271726,-1.0029610262683273,1.1479561495819623,-0.2479227543800446,0.12450353516768259,0.14647619615894003,0.48119850420356663,-0.42807250939347835,-1.5739990105569672,-0.9254007325196485,-0.9171325568554237,-0.6147366093826588,0.3418217332312617,-1.0359131809586002,-1.1768923800548332,-0.6683591089246615,-1.1469071832564992,False,True,True,False,True,False,False,False,False,False,False,False,False,False,True,False,False,False,True,True,False
1.5855448155828757,0,1.0035437387004178,2.294389839246791,-1.8594392889342857,1.1782012951933094,0.3966872619371238,1.7765539637271726,-1.0029610262683273,0.24030102489791522,-0.6875623322796311,-1.5496362609216687,-0.6576603301225281,-1.1644639717107754,-0.42807250939347835,0.27551802437825607,2.550619747526455,1.5139130086345303,0.1556726718769394,0.3418217332312617,2.630698605580399,1.1652335672639762,0.3549321425264198,1.188237171842319,False,True,True,False,False,False,True,False,False,False,True,False,False,False,False,False,False,True,False,True,True
-0.23148351311383164,0,1.5861641022660633,-0.043187660688131534,0.08984534639226345,1.1782012951933094,-0.9856018314208724,-1.0197399130157712,1.3561285689092124,-0.6673540997861319,0.9396163659093799,0.46424099525385004,-0.6576603301225281,-0.3416327337536044,-0.42807250939347835,-0.6492404930893556,-0.9254007325196485,-0.1574308176398131,0.1556726718769394,1.7506675394974955,0.3149437930294522,0.872467823849125,1.7193204777945283,0.8963441274549668,False,True,True,False,False,False,True,False,False,False,False,False,False,False,False,False,False,False,True,False,False
-1.3671262185492736,1,-0.2707833543750793,-0.7813700290886334,-0.8847969712710111,-1.573189559483144,-0.04761994664223216,0.37840702535570064,0.1765837713204426,0.24030102489791522,-0.2789596814010572,1.4645167293060632,2.5588857750033447,-0.3416327337536044,-0.42807250939347835,-1.5739990105569672,-0.9254007325196485,-0.9171325568554237,0.1556726718769394,0.3418217332312617,-0.8429336132460213,-0.5913608932251309,0.013835058709392709,-1.1469071832564992,False,True,False,True,True,False,False,False,False,False,False,False,False,False,False,True,False,False,True,False,False
0.3363378396038894,0,-0.9773654974227771,-0.9044004238220503,1.064487664055538,1.1782012951933094,0.6928920676566944,-1.0197399130157712,0.1765837713204426,0.24030102489791522,-0.2861915867263417,0.9305033062887058,-0.6576603301225281,-1.1644639717107754,-0.42807250939347835,-1.5739990105569672,-0.9254007325196485,1.5139130086345303,0.9260819531365376,0.3418217332312617,2.630698605580399,0.872467823849125,3.083708813062637,1.7720232606170236,False,True,True,False,False,False,False,False,True,False,False,False,False,False,False,False,False,False,True,False,False
-0.45861205420092005,0,0.3143162447802073,0.07984273404528544,0.08984534639226345,1.1782012951933094,-0.5412946228415165,0.37840702535570064,0.1765837713204426,1.1479561495819623,-0.03217091217572388,1.0322001099891482,-0.6576603301225281,-0.8901868923917186,-0.42807250939347835,1.2002765418458676,-0.9254007325196485,-0.00549046979669098,-0.6147366093826588,-1.0670240730349723,0.70090292845461,0.872467823849125,-0.6683591089246615,1.188237171842319,False,True,False,True,False,True,False,False,False,False,False,False,False,False,False,True,False,False,True,True,False
1.5855448155828757,1,-0.5955632166180561,-0.1662180554215485,-0.8847969712710111,-0.6560592745909929,-0.7881319609411588,0.37840702535570064,0.1765837713204426,0.24030102489791522,0.3896902317992049,1.2775348819506291,0.14647619615894003,-0.3416327337536044,-0.42807250939347835,-1.5739990105569672,0.2332727608290527,1.210032312948286,0.9260819531365376,0.3418217332312617,-0.4569744778208635,-0.2985951498102796,-0.3272620251076344,-0.27122805009444234,True,False,False,True,False,False,False,False,True,False,False,False,False,False,False,True,False,True,False,True,True
0.22277356906034518,0,0.06143421463682072,-1.0274308185554673,1.064487664055538,-0.6560592745909929,-1.627378910479942,1.7765539637271726,0.1765837713204426,1.1479561495819623,0.6394922949100734,0.7067703381477326,-1.0597285932632623,-0.6159098130726615,-0.42807250939347835,0.27551802437825607,-0.9254007325196485,-0.00549046979669098,0.9260819531365376,-1.0670240730349723,0.5079233607420311,0.872467823849125,-0.3272620251076344,1.188237171842319,False,True,True,False,True,False,False,False,False,False,False,False,False,False,False,False,False,False,True,False,False
-1.0264334069186412,0,-0.4815183794945681,-1.0274308185554673,-0.8847969712710111,0.26107101030115826,0.10048245621755315,0.37840702535570064,1.3561285689092124,-1.575009224470179,0.5753091351481736,-1.1692200793553242,-0.6576603301225281,-1.1644639717107754,-0.42807250939347835,1.2002765418458676,-0.9254007325196485,-0.1574308176398131,0.1556726718769394,0.3418217332312617,0.5079233607420311,0.872467823849125,-0.6683591089246615,0.8963441274549668,False,True,True,False,True,False,False,False,False,False,False,False,True,False,False,False,False,True,False,False,False
-0.45861205420092005,0,0.5349682122582603,-0.7813700290886334,-0.8847969712710111,0.26107101030115826,-1.3311741047603716,0.37840702535570064,1.3561285689092124,1.1479561495819623,1.704390354058215,0.7053676236139333,0.14647619615894003,-0.0673556544345474,-0.42807250939347835,1.2002765418458676,-0.9254007325196485,-0.00549046979669098,2.466900515655734,0.3418217332312617,0.12196422531687327,0.872467823849125,1.7193204777945283,0.8963441274549668,False,True,True,False,True,False,False,False,False,False,False,False,False,True,False,False,False,False,True,False,False
1.244852003952243,0,-0.24599099847866884,0.5719643129789533,1.064487664055538,1.1782012951933094,-1.1830717019005863,0.37840702535570064,0.1765837713204426,-1.575009224470179,-0.16355052558505886,-0.35340130649770657,-0.25559206698179404,-0.8901868923917186,-0.42807250939347835,1.2002765418458676,-0.9254007325196485,1.5139130086345303,-0.6147366093826588,0.3418217332312617,0.12196422531687327,0.872467823849125,-0.3272620251076344,0.8963441274549668,False,True,False,True,False,True,False,False,False,False,False,False,False,False,False,True,False,False,True,True,False
0.4499021101474336,0,-0.5509369760045173,-0.5353092396217994,1.064487664055538,1.1782012951933094,-0.8868668961810157,-1.0197399130157712,1.3561285689092124,-1.575009224470179,1.498281052287607,1.3224217470322037,0.9506127224404082,1.5783068214797948,2.3360528369758367,0.27551802437825607,0.2332727608290527,1.5139130086345303,-0.6147366093826588,0.3418217332312617,2.244739470155241,2.629062284338232,-0.3272620251076344,2.3558093493917283,True,False,False,True,True,False,False,False,False,False,False,False,False,False,False,True,False,True,False,True,True
1.9262376272135084,0,0.41596490395549013,-0.2892484501549655,0.08984534639226345,0.26107101030115826,-0.34382475236180277,1.7765539637271726,2.535673366497982,0.24030102489791522,2.805749269221333,-0.11648282173902083,0.14647619615894003,1.0297526628416807,-0.42807250939347835,0.27551802437825607,-0.9254007325196485,3.3371971827519955,0.1556726718769394,0.3418217332312617,-0.2639949101082846,-0.884126636639982,-0.3272620251076344,-0.27122805009444234,False,True,True,False,True,False,False,False,False,False,False,False,False,True,False,False,False,True,False,True,False
2.721187521018318,0,0.9341251421904685,0.8180251024457873,1.064487664055538,-1.573189559483144,0.8903619381364082,0.37840702535570064,0.1765837713204426,-1.575009224470179,-0.0294589476787422,-0.33951443261309444,2.1568175118626107,-0.3416327337536044,-0.42807250939347835,1.2002765418458676,-0.9254007325196485,-0.00549046979669098,-1.3851458906422571,0.3418217332312617,-0.8429336132460213,-0.5913608932251309,0.013835058709392709,-0.5631210944817947,False,True,False,True,False,True,False,False,False,False,False,False,False,False,False,True,False,False,True,True,False
-1.0264334069186412,0,-1.2599983546418563,0.07984273404528544,-0.8847969712710111,1.1782012951933094,-1.6767463780998706,0.37840702535570064,1.3561285689092124,-1.575009224470179,0.9914450207405855,-1.3375458234112287,-0.6576603301225281,1.5783068214797948,2.3360528369758367,0.27551802437825607,1.3919462541777539,-0.1574308176398131,0.9260819531365376,-1.0670240730349723,0.5079233607420311,0.872467823849125,-0.3272620251076344,0.8963441274549668,True,False,True,False,True,False,False,False,False,False,False,False,True,False,False,False,False,False,False,True,False
1.5855448155828757,0,-1.2054551716697532,-0.1662180554215485,1.064487664055538,1.1782012951933094,-0.590662090461445,0.37840702535570064,-1.0029610262683273,-0.6673540997861319,-0.4904929121656287,-0.6117813236235201,1.7547492487218765,-0.0673556544345474,-0.42807250939347835,1.2002765418458676,0.2332727608290527,-0.9171325568554237,-0.6147366093826588,0.3418217332312617,-0.8429336132460213,-0.5913608932251309,0.013835058709392709,-0.5631210944817947,False,True,False,True,False,True,False,False,False,False,False,False,False,False,False,False,True,True,False,True,False
-0.9128691363750969,1,-0.36747354237108004,-1.0274308185554673,-0.8847969712710111,-1.573189559483144,0.051114988597624714,-2.417886851387243,-1.0029610262683273,-0.6673540997861319,-0.9903983677759193,-1.4689801752282143,1.7547492487218765,-0.6159098130726615,-0.42807250939347835,1.2002765418458676,-0.9254007325196485,-0.00549046979669098,0.9260819531365376,0.3418217332312617,0.12196422531687327,0.872467823849125,0.3549321425264198,0.8963441274549668,False,True,True,False,True,False,False,False,False,False,False,False,False,False,True,False,False,False,True,False,True
-0.004354972026743229,0,-0.9302600212195972,-0.1662180554215485,0.08984534639226345,-1.573189559483144,-0.14635488188208903,1.7765539637271726,1.3561285689092124,-1.575009224470179,1.8713268353168655,0.8403087617654169,2.5588857750033447,-0.3416327337536044,-0.42807250939347835,-1.5739990105569672,0.2332727608290527,-0.00549046979669098,-0.6147366093826588,0.3418217332312617,0.3149437930294522,0.872467823849125,-0.6683591089246615,0.3125580386802622,False,False,True,False,True,False,False,False,False,False,False,False,False,True,False,False,False,True,False,False,False
0.22277356906034518,0,-1.5723820389366279,-1.0274308185554673,0.08984534639226345,0.26107101030115826,0.7422595352766228,0.37840702535570064,1.3561285689092124,0.24030102489791522,0.7106060306087043,0.14764832497536948,0.5485444592996741,-0.3416327337536044,-0.42807250939347835,1.2002765418458676,-0.9254007325196485,-0.00549046979669098,0.9260819531365376,1.7506675394974955,-1.0359131809586002,-1.1768923800548332,-0.6683591089246615,-1.1469071832564992,False,True,True,False,True,False,False,False,False,False,False,False,True,False,False,False,False,False,True,False,True
0.9041591923216105,0,-1.0443048583430852,1.802268260313123,0.08984534639226345,-1.573189559483144,-0.8374994285610872,-2.417886851387243,-1.0029610262683273,0.24030102489791522,-0.5408149200540666,-1.7169801048039137,-0.25559206698179404,-0.3416327337536044,-0.42807250939347835,0.27551802437825607,-0.9254007325196485,-0.1574308176398131,1.696491234396136,0.3418217332312617,-0.2639949101082846,-0.5913608932251309,-0.3272620251076344,0.020664994292909928,False,False,True,False,False,False,True,False,False,False,True,False,False,False,False,False,False,False,True,True,False
1.244852003952243,0,-1.4508994950442167,-0.7813700290886334,0.08984534639226345,1.1782012951933094,-0.8374994285610872,0.37840702535570064,2.535673366497982,0.24030102489791522,2.491161387571457,-0.5778356319055794,2.5588857750033447,-0.8901868923917186,-0.42807250939347835,1.2002765418458676,1.3919462541777539,2.7294357913795073,-0.6147366093826588,-1.0670240730349723,3.016657741005557,-0.5913608932251309,3.083708813062637,2.6477023937790807,True,False,False,True,False,False,True,False,False,False,False,False,False,False,False,True,False,False,False,False,True
-0.6857405952880085,0,-0.7467965875861599,2.171359444513374,2.0391299817188124,0.26107101030115826,1.6308739524353348,0.37840702535570064,0.1765837713204426,1.1479561495819623,-0.05989321592264778,1.5332497414622241,1.7547492487218765,2.126860980117909,2.3360528369758367,1.2002765418458676,0.2332727608290527,-0.00549046979669098,-0.6147366093826588,-1.0670240730349723,0.3149437930294522,0.872467823849125,1.7193204777945283,0.8963441274549668,False,True,False,True,False,True,False,False,False,False,False,False,False,False,False,True,False,False,False,True,False
-0.7993048658315527,0,1.4721192651425752,0.07984273404528544,0.08984534639226345,0.26107101030115826,1.6308739524353348,0.37840702535570064,-1.0029610262683273,0.24030102489791522,-0.8620320482521195,-1.6256633886535856,-0.6576603301225281,-1.1644639717107754,-0.42807250939347835,0.27551802437825607,-0.9254007325196485,-1.37295360038479,2.466900515655734,0.3418217332312617,-1.0359131809586002,-1.1768923800548332,-0.6683591089246615,-1.1469071832564992,False,True,False,True,True,False,False,False,False,False,False,False,False,False,False,False,True,False,True,True,False
0.677030651234522,1,0.3242331871387715,1.187116286646038,0.08984534639226345,0.26107101030115826,-0.44255968760165965,1.7765539637271726,-1.0029610262683273,0.24030102489791522,-0.8267765097913576,0.8446571768201945,1.3526809855811424,-0.8901868923917186,-0.42807250939347835,1.2002765418458676,-0.9254007325196485,-0.46131151332605735,-0.6147366093826588,0.3418217332312617,-0.8429336132460213,-0.5913608932251309,0.013835058709392709,-0.5631210944817947,True,False,True,False,False,False,True,False,False,False,False,False,False,False,True,False,False,False,False,True,True
0.7905949217780662,0,-0.06748603602451361,0.6949947077123703,0.08984534639226345,1.1782012951933094,-0.936234363800944,-1.0197399130157712,0.1765837713204426,1.1479561495819623,0.39210086690763307,1.3099375876813908,0.14647619615894003,0.7554755835226237,-0.42807250939347835,0.27551802437825607,0.2332727608290527,-0.46131151332605735,1.696491234396136,0.3418217332312617,-0.8429336132460213,-0.5913608932251309,0.013835058709392709,-0.5631210944817947,True,False,False,True,True,False,False,False,False,False,False,False,False,False,False,True,False,True,False,True,False
-0.23148351311383164,0,0.41596490395549013,-0.1662180554215485,-0.8847969712710111,-0.6560592745909929,1.4827715495755494,0.37840702535570064,0.1765837713204426,0.24030102489791522,0.19262081168520245,-0.9797133458390517,0.14647619615894003,-1.1644639717107754,-0.42807250939347835,1.2002765418458676,-0.9254007325196485,-0.00549046979669098,-0.6147366093826588,0.3418217332312617,-0.2639949101082846,-0.884126636639982,0.696029226343447,-0.27122805009444234,False,True,True,False,False,False,True,False,False,False,False,False,False,False,False,False,False,False,True,False,False
-1.4806904890928179,0,-0.3773904847296442,-0.043187660688131534,-1.8594392889342857,-0.6560592745909929,-1.4299090400002283,0.37840702535570064,-1.0029610262683273,-1.575009224470179,-0.9048208214267195,-1.402772049232892,-0.6576603301225281,-0.3416327337536044,-0.42807250939347835,1.2002765418458676,0.2332727608290527,-0.7651922090123016,-0.6147366093826588,1.7506675394974955,-0.4569744778208635,-0.2985951498102796,-0.6683591089246615,-0.5631210944817947,False,True,True,False,False,False,True,False,False,False,True,False,False,False,False,False,False,True,False,True,False
0.3363378396038894,0,-1.639321399856936,-0.7813700290886334,0.08984534639226345,0.26107101030115826,-1.0843367666607293,1.7765539637271726,0.1765837713204426,-0.6673540997861319,0.26704917065792205,0.6203631228657016,2.5588857750033447,-0.0673556544345474,-0.42807250939347835,0.27551802437825607,0.2332727608290527,0.2983902258895533,0.1556726718769394,-2.475869879301206,0.3149437930294522,-0.2985951498102796,0.3549321425264198,0.6044510830676145,False,True,False,False,False,False,False,False,False,True,False,False,False,False,False,False,False,True,False,False,False
2.266930438844141,0,0.07383039258502594,-0.043187660688131534,0.08984534639226345,0.26107101030115826,0.7422595352766228,0.37840702535570064,2.535673366497982,1.1479561495819623,1.687515908299218,0.8522318353027102,1.7547492487218765,-1.1644639717107754,-0.42807250939347835,0.27551802437825607,-0.9254007325196485,3.0333164870657514,-1.3851458906422571,-1.0670240730349723,0.70090292845461,0.872467823849125,-0.3272620251076344,-0.8550141388691469,False,True,True,False,False,False,True,False,False,False,False,False,False,False,False,False,False,True,False,True,False
0.4499021101474336,0,0.00441179607507669,-0.9044004238220503,-1.8594392889342857,1.1782012951933094,0.9890968733762651,-1.0197399130157712,-1.0029610262683273,1.1479561495819623,-0.9524308648181757,1.2041729118329307,-1.0597285932632623,1.3040297421607379,2.3360528369758367,1.2002765418458676,-0.9254007325196485,-0.7651922090123016,-0.6147366093826588,-1.0670240730349723,-0.4569744778208635,-0.5913608932251309,0.013835058709392709,-0.27122805009444234,False,True,True,False,False,False,True,False,False,False,False,False,False,False,True,False,False,False,True,False,True
-1.0264334069186412,0,0.4283610819036954,-0.2892484501549655,0.08984534639226345,1.1782012951933094,-0.5412946228415165,-1.0197399130157712,0.1765837713204426,-1.575009224470179,0.39421017262750774,1.2699602234681135,2.1568175118626107,1.0297526628416807,-0.42807250939347835,-1.5739990105569672,-0.9254007325196485,-0.1574308176398131,-0.6147366093826588,-2.475869879301206,0.12196422531687327,0.5797020804342738,-0.6683591089246615,0.8963441274549668,False,True,True,False,False,False,True,False,False,False,False,False,False,False,False,False,False,False,True,False,False
-0.7993048658315527,0,0.7134731747124156,0.07984273404528544,0.08984534639226345,1.1782012951933094,0.8409944705164797,0.37840702535570064,-1.0029610262683273,-0.6673540997861319,-0.9659906873030841,0.5081459601617652,-0.6576603301225281,-0.3416327337536044,-0.42807250939347835,1.2002765418458676,1.3919462541777539,-1.221013252541668,-0.6147366093826588,0.3418217332312617,-0.8429336132460213,-0.5913608932251309,0.013835058709392709,-0.5631210944817947,False,True,False,True,False,True,False,False,False,False,False,False,False,False,False,False,True,False,False,True,False
1.9262376272135084,0,-1.1310781039805218,-0.41227884488838246,0.08984534639226345,1.1782012951933094,0.9890968733762651,0.37840702535570064,0.1765837713204426,1.1479561495819623,-0.9198872908543955,-0.48048724325991454,-0.25559206698179404,0.48119850420356663,-0.42807250939347835,1.2002765418458676,-0.9254007325196485,1.361972660791408,0.9260819531365376,0.3418217332312617,-0.8429336132460213,-0.5913608932251309,0.013835058709392709,-0.5631210944817947,False,True,True,False,True,False,False,False,False,False,True,False,False,False,False,False,False,False,True,True,False
-0.11791924257028744,0,1.0481699793139565,-0.9044004238220503,1.064487664055538,1.1782012951933094,-0.2450898171219459,0.37840702535570064,0.1765837713204426,-1.575009224470179,-0.12347371690744062,-1.344278853173465,-0.25559206698179404,-1.1644639717107754,-0.42807250939347835,-1.5739990105569672,0.2332727608290527,0.9061516172620417,-0.6147366093826588,1.7506675394974955,-1.0359131809586002,-1.1768923800548332,-0.6683591089246615,-1.1469071832564992,False,False,True,False,True,False,False,False,False,False,False,False,False,False,False,False,False,False,False,False,False
-0.45861205420092005,0,-0.9228223144506741,1.802268260313123,1.064487664055538,-1.573189559483144,0.6928920676566944,0.37840702535570064,0.1765837713204426,1.1479561495819623,-0.05838656897988018,0.9540689104565324,-0.6576603301225281,-0.0673556544345474,-0.42807250939347835,1.2002765418458676,1.3919462541777539,-0.00549046979669098,-0.6147366093826588,0.3418217332312617,0.70090292845461,1.1652335672639762,0.696029226343447,0.8963441274549668,True,False,True,False,True,False,False,False,False,False,True,False,False,False,False,False,False,True,False,True,False
0.22277356906034518,0,-1.3244584799725234,-0.9044004238220503,2.0391299817188124,1.1782012951933094,1.2853016790958356,0.37840702535570064,-1.0029610262683273,0.24030102489791522,-0.7369803520024085,0.8593856794250861,1.3526809855811424,-0.6159098130726615,-0.42807250939347835,-0.6492404930893556,0.2332727608290527,-0.6132518611691794,-2.1555551719018555,-2.475869879301206,-1.0359131809586002,-1.1768923800548332,-0.6683591089246615,-0.8550141388691469,False,True,True,False,False,False,True,False,False,False,False,False,False,False,True,False,False,True,False,True,True
-0.23148351311383164,0,-1.574861274526269,-0.1662180554215485,2.0391299817188124,-0.6560592745909929,-1.6767463780998706,0.37840702535570064,0.1765837713204426,-1.575009224470179,-0.11503649402794204,-1.4247946674135394,0.14647619615894003,-0.3416327337536044,-0.42807250939347835,0.27551802437825607,0.2332727608290527,-0.46131151332605735,0.1556726718769394,0.3418217332312617,-1.2288927486711791,-1.1768923800548332,-0.6683591089246615,-1.1469071832564992,False,True,True,False,True,False,False,False,False,False,False,False,True,False,False,False,False,False,False,False,False
-0.3450477836573759,1,-0.6823364622554927,-1.0274308185554673,1.064487664055538,1.1782012951933094,-0.14635488188208903,0.37840702535570064,-1.0029610262683273,1.1479561495819623,-0.8487735551557646,-1.2817177849660204,-0.6576603301225281,-0.6159098130726615,-0.42807250939347835,0.27551802437825607,-0.9254007325196485,-0.00549046979669098,-0.6147366093826588,-1.0670240730349723,0.70090292845461,1.4579993106788274,1.7193204777945283,1.188237171842319,False,True,True,False,False,False,False,True,False,False,False,False,False,False,True,False,False,False,True,True,True
-1.2535619480057296,0,0.20027140765671922,2.048329049779957,-1.8594392889342857,0.26107101030115826,-1.6767463780998706,0.37840702535570064,0.1765837713204426,1.1479561495819623,0.20407132845023623,1.1870597945205805,-0.6576603301225281,2.126860980117909,2.3360528369758367,-0.6492404930893556,-0.9254007325196485,-0.6132518611691794,1.696491234396136,-1.0670240730349723,-0.07101534239570564,0.28693633701942267,-0.3272620251076344,0.020664994292909928,False,True,False,True,False,False,True,False,False,False,False,False,False,False,False,True,False,False,True,False,False
1.0177234628651546,0,0.3762971345212334,-0.9044004238220503,-0.8847969712710111,-0.6560592745909929,-0.9856018314208724,-2.417886851387243,0.1765837713204426,0.24030102489791522,0.34027221207642755,-0.2744284782448113,-1.0597285932632623,-0.6159098130726615,-0.42807250939347835,-1.5739990105569672,-0.9254007325196485,-0.1574308176398131,0.1556726718769394,0.3418217332312617,0.3149437930294522,0.872467823849125,0.3549321425264198,-0.8550141388691469,False,True,False,True,False,False,False,False,True,False,False,False,False,False,False,False,True,False,True,True,False
-1.4806904890928179,0,-1.2203305852075994,0.07984273404528544,-1.8594392889342857,-1.573189559483144,0.6435246000367659,1.7765539637271726,-1.0029610262683273,0.24030102489791522,-0.6019847859304313,0.741417387132573,-0.6576603301225281,0.7554755835226237,-0.42807250939347835,1.2002765418458676,-0.9254007325196485,-1.221013252541668,0.1556726718769394,0.3418217332312617,-0.8429336132460213,-0.5913608932251309,-0.6683591089246615,-0.5631210944817947,False,True,True,False,False,False,True,False,False,False,False,False,False,False,True,False,False,False,True,True,False
1.244852003952243,1,-0.2063232290444121,2.171359444513374,-0.8847969712710111,-0.6560592745909929,0.544789664796909,1.7765539637271726,0.1765837713204426,0.24030102489791522,0.2694598057663502,-0.5618446862202684,0.5485444592996741,-0.8901868923917186,-0.42807250939347835,1.2002765418458676,-0.9254007325196485,-0.3093711654829352,-0.6147366093826588,0.3418217332312617,-0.2639949101082846,-0.005829406395428478,-0.3272620251076344,-0.27122805009444234,True,False,False,True,True,False,False,False,False,False,False,False,False,False,False,True,False,False,True,False,True
-0.23148351311383164,0,-1.2352059987454458,-0.9044004238220503,0.08984534639226345,1.1782012951933094,-0.2944572847418743,0.37840702535570064,0.1765837713204426,1.1479561495819623,0.23239629097426717,0.609001135141928,-0.6576603301225281,1.8525839007988518,2.3360528369758367,0.27551802437825607,-0.9254007325196485,-0.6132518611691794,1.696491234396136,0.3418217332312617,-0.07101534239570564,0.28693633701942267,-0.3272620251076344,0.020664994292909928,False,True,False,True,False,False,False,True,False,False,False,False,False,False,False,True,False,False,True,True,False
-0.004354972026743229,0,1.5663302175489349,-0.1662180554215485,1.064487664055538,-1.573189559483144,0.49542219717698066,-1.0197399130157712,1.3561285689092124,-1.575009224470179,0.6280417781450397,-0.016188732572377677,-0.6576603301225281,-0.0673556544345474,-0.42807250939347835,-0.6492404930893556,-0.9254007325196485,-0.00549046979669098,-1.3851458906422571,0.3418217332312617,0.70090292845461,0.872467823849125,-0.6683591089246615,1.4801302162296714,False,False,False,True,True,False,False,False,False,False,False,False,False,False,False,True,False,False,True,True,False
1.8126733566699642,0,-0.2162401714029763,1.187116286646038,1.064487664055538,1.1782012951933094,-1.2324391695205146,0.37840702535570064,-1.0029610262683273,1.1479561495819623,-0.3750837563496303,1.7175664312034398,-1.0597285932632623,0.7554755835226237,-0.42807250939347835,-1.5739990105569672,0.2332727608290527,-0.7651922090123016,0.1556726718769394,0.3418217332312617,-0.4569744778208635,-0.2985951498102796,-0.3272620251076344,-0.5631210944817947,False,False,True,False,False,False,True,False,False,False,False,False,False,False,True,False,False,True,False,True,False
-1.1399976774621854,0,-0.5633331539527225,-1.0274308185554673,-0.8847969712710111,-1.573189559483144,0.24858485907733846,-2.417886851387243,-1.0029610262683273,1.1479561495819623,-0.3431428411629571,-1.270355797242247,0.14647619615894003,-0.3416327337536044,-0.42807250939347835,-1.5739990105569672,0.2332727608290527,-0.7651922090123016,-0.6147366093826588,0.3418217332312617,-0.8429336132460213,-0.5913608932251309,0.013835058709392709,-1.1469071832564992,True,False,True,False,True,False,False,False,False,False,True,False,False,False,False,False,False,False,False,False,False
-0.7993048658315527,0,-0.3600358356021569,2.171359444513374,0.08984534639226345,-0.6560592745909929,0.0017475209776962777,0.37840702535570064,0.1765837713204426,0.24030102489791522,-0.3518813934310092,1.5716841196883224,0.5485444592996741,-0.8901868923917186,-0.42807250939347835,-1.5739990105569672,0.2332727608290527,0.14644987804643114,0.1556726718769394,-1.0670240730349723,0.3149437930294522,0.872467823849125,-0.3272620251076344,-0.8550141388691469,False,True,True,False,False,False,True,False,False,False,False,False,False,False,False,False,False,True,False,False,False
-1.1399976774621854,1,0.8523103677323141,-0.1662180554215485,0.08984534639226345,1.1782012951933094,-1.3805415723803,-1.0197399130157712,0.1765837713204426,-1.575009224470179,-0.053263969374470324,-1.5823195095591902,1.3526809855811424,0.48119850420356663,-0.42807250939347835,0.27551802437825607,-0.9254007325196485,-0.6132518611691794,-0.6147366093826588,-1.0670240730349723,-0.4569744778208635,-0.2985951498102796,-0.3272620251076344,-0.5631210944817947,False,True,False,True,False,False,False,False,True,False,False,False,False,False,False,True,False,False,True,True,False
-0.23148351311383164,0,-1.5376727406816533,-1.0274308185554673,1.064487664055538,-0.6560592745909929,0.2979523266972669,1.7765539637271726,-1.0029610262683273,1.1479561495819623,-0.6697838983549734,-0.11129277796396378,-0.25559206698179404,0.20692142488450962,-0.42807250939347835,0.27551802437825607,-0.9254007325196485,-0.00549046979669098,-0.6147366093826588,0.3418217332312617,-0.4569744778208635,-0.5913608932251309,-0.3272620251076344,-0.27122805009444234,False,True,True,False,True,False,False,False,False,False,False,False,False,False,True,False,False,False,True,False,False
2.0398018977570525,0,-1.0567010362912905,1.187116286646038,1.064487664055538,1.1782012951933094,1.433404081955621,0.37840702535570064,0.1765837713204426,-1.575009224470179,-0.005352596594460554,1.1678426054075313,2.5588857750033447,-1.1644639717107754,-0.42807250939347835,-0.6492404930893556,1.3919462541777539,-0.1574308176398131,0.9260819531365376,0.3418217332312617,-0.2639949101082846,-0.2985951498102796,-0.3272620251076344,0.020664994292909928,False,True,True,False,False,False,True,False,False,False,False,False,True,False,False,False,False,False,False,False,True
-1.0264334069186412,0,0.06639268581610282,-0.1662180554215485,-1.8594392889342857,0.26107101030115826,0.8903619381364082,0.37840702535570064,0.1765837713204426,1.1479561495819623,-0.34977208771113455,1.355525810029865,-1.0597285932632623,1.0297526628416807,-0.42807250939347835,-0.6492404930893556,0.2332727608290527,-0.7651922090123016,0.1556726718769394,0.3418217332312617,-0.4569744778208635,-0.5913608932251309,-0.3272620251076344,-0.8550141388691469,True,False,False,True,False,True,False,False,False,False,False,False,False,False,False,True,False,True,False,True,False
0.10920929851680099,0,-0.5732500963112868,0.07984273404528544,-1.8594392889342857,1.1782012951933094,0.7916270028965513,0.37840702535570064,-1.0029610262683273,-1.575009224470179,-0.8198459338546267,0.7799920368120511,-1.0597285932632623,-0.6159098130726615,-0.42807250939347835,-0.6492404930893556,1.3919462541777539,-0.6132518611691794,0.1556726718769394,-1.0670240730349723,-0.2639949101082846,-0.2985951498102796,0.696029226343447,-0.27122805009444234,False,True,True,False,True,False,False,False,False,False,False,False,False,False,True,False,False,False,False,False,True
0.22277356906034518,0,-1.3938770764824726,-0.9044004238220503,1.064487664055538,-1.573189559483144,0.4460547295570522,1.7765539637271726,0.1765837713204426,-1.575009224470179,0.14380545073953213,1.6468696186999598,1.3526809855811424,-0.8901868923917186,-0.42807250939347835,1.2002765418458676,-0.9254007325196485,1.058091965105164,-0.6147366093826588,0.3418217332312617,1.6658007670175043,0.872467823849125,0.696029226343447,2.3558093493917283,True,False,True,False,True,False,False,False,False,False,False,False,True,False,False,False,False,False,True,False,True
-0.23148351311383164,0,-1.688906111649757,-0.9044004238220503,1.064487664055538,0.26107101030115826,0.9890968733762651,-1.0197399130157712,-1.0029610262683273,-1.575009224470179,-0.3380202415575473,-0.9558671987644651,-0.6576603301225281,-1.1644639717107754,-0.42807250939347835,0.27551802437825607,-0.9254007325196485,-0.6132518611691794,0.1556726718769394,0.3418217332312617,-0.07101534239570564,0.28693633701942267,-0.3272620251076344,-0.27122805009444234,False,True,True,False,False,False,True,False,False,False,False,False,False,False,True,False,False,False,True,False,False
-0.11791924257028744,0,-1.036867151574162,-0.1662180554215485,1.064487664055538,-1.573189559483144,0.2979523266972669,0.37840702535570064,-1.0029610262683273,1.1479561495819623,-0.883125105450866,0.8377838756045783,-0.6576603301225281,0.20692142488450962,-0.42807250939347835,-0.6492404930893556,0.2332727608290527,-1.0690729046985459,-1.3851458906422571,-1.0670240730349723,-0.6499540455334424,-0.5913608932251309,-0.6683591089246615,-0.5631210944817947,False,True,False,True,True,False,False,False,False,False,False,False,False,False,False,False,True,True,False,False,False
-0.6857405952880085,0,0.29448236006307893,-1.0274308185554673,0.08984534639226345,1.1782012951933094,-1.3805415723803,-2.417886851387243,-1.0029610262683273,0.24030102489791522,-0.5031487464848765,1.4070054334202957,0.14647619615894003,1.5783068214797948,2.3360528369758367,0.27551802437825607,1.3919462541777539,-0.46131151332605735,-0.6147366093826588,0.3418217332312617,-0.8429336132460213,-0.5913608932251309,-0.6683591089246615,-0.5631210944817947,False,True,True,False,True,False,False,False,False,False,True,False,False,False,False,False,False,True,False,True,False
0.4499021101474336,0,-0.027818266590256893,-0.9044004238220503,-0.8847969712710111,0.26107101030115826,-1.3805415723803,1.7765539637271726,0.1765837713204426,-0.6673540997861319,-0.3793023677893796,-0.619075439199276,-0.6576603301225281,2.401138059436966,2.3360528369758367,1.2002765418458676,0.2332727608290527,-0.3093711654829352,-0.6147366093826588,0.3418217332312617,0.3149437930294522,0.872467823849125,0.3549321425264198,0.8963441274549668,True,False,True,False,False,False,True,False,False,False,False,False,False,False,False,False,False,True,False,False,False
-0.23148351311383164,0,0.7655371220948775,-0.1662180554215485,-0.8847969712710111,0.26107101030115826,1.334669146715764,0.37840702535570064,0.1765837713204426,-1.575009224470179,0.30049673278736283,-0.14579955549542423,0.9506127224404082,0.48119850420356663,-0.42807250939347835,-0.6492404930893556,0.2332727608290527,-0.6132518611691794,-1.3851458906422571,0.3418217332312617,-0.6499540455334424,-0.5913608932251309,-0.3272620251076344,-0.5631210944817947,False,True,False,True,True,False,False,False,False,False,False,False,False,False,False,True,False,True,False,False,False
-1.4806904890928179,1,1.0927962199274954,-0.41227884488838246,0.08984534639226345,0.26107101030115826,-0.14635488188208903,1.7765539637271726,-1.0029610262683273,-1.575009224470179,-1.1757159417363345,-1.5288760858214403,-0.6576603301225281,1.5783068214797948,2.3360528369758367,0.27551802437825607,1.3919462541777539,-1.37295360038479,-0.6147366093826588,0.3418217332312617,-1.2288927486711791,-1.1768923800548332,-0.6683591089246615,-1.1469071832564992,False,True,True,False,True,False,False,False,False,False,True,False,False,False,False,False,False,True,False,True,True
-1.3671262185492736,0,0.7184316458916976,-0.043187660688131534,0.08984534639226345,0.26107101030115826,-0.2944572847418743,-1.0197399130157712,-1.0029610262683273,-0.6673540997861319,-0.8463629200473365,1.7122361159750028,-0.6576603301225281,-1.1644639717107754,-0.42807250939347835,0.27551802437825607,2.550619747526455,-1.37295360038479,0.9260819531365376,0.3418217332312617,-1.0359131809586002,-1.1768923800548332,-0.6683591089246615,-1.1469071832564992,False,False,True,False,True,False,False,False,False,False,True,False,False,False,False,False,False,False,False,True,False
1.8126733566699642,0,1.296093538278061,0.2028731287787024,1.064487664055538,1.1782012951933094,0.7916270028965513,0.37840702535570064,0.1765837713204426,0.24030102489791522,-0.7092580482554846,1.0487521414879788,2.1568175118626107,1.3040297421607379,2.3360528369758367,-0.6492404930893556,0.2332727608290527,-0.1574308176398131,0.1556726718769394,0.3418217332312617,-0.2639949101082846,-0.5913608932251309,-0.3272620251076344,0.020664994292909928,False,True,True,False,True,False,False,False,False,False,True,False,False,False,False,False,False,True,False,False,False
-0.7993048658315527,1,0.006891031664717735,-1.0274308185554673,-0.8847969712710111,-0.6560592745909929,-1.4792765076201568,-1.0197399130157712,-1.0029610262683273,-1.575009224470179,-0.9593614407549067,-1.0738354910569783,-0.6576603301225281,-1.1644639717107754,-0.42807250939347835,1.2002765418458676,0.2332727608290527,-1.37295360038479,-1.3851458906422571,0.3418217332312617,-1.0359131809586002,-1.1768923800548332,-0.6683591089246615,-1.1469071832564992,False,True,True,False,True,False,False,False,False,False,True,False,False,False,False,False,False,True,False,False,True
-0.3450477836573759,0,-1.4608164374027808,-0.2892484501549655,0.08984534639226345,0.26107101030115826,-0.8374994285610872,0.37840702535570064,1.3561285689092124,0.24030102489791522,1.864697588768688,1.634245187895767,-1.0597285932632623,-1.1644639717107754,-0.42807250939347835,1.2002765418458676,-0.9254007325196485,0.6022709215757975,0.1556726718769394,1.7506675394974955,1.2798416315923467,1.4579993106788274,0.3549321425264198,0.8963441274549668,False,True,True,False,False,False,True,False,False,False,False,False,False,True,False,False,False,True,False,True,False
-0.3450477836573759,1,-1.69634381841868,0.8180251024457873,0.08984534639226345,-1.573189559483144,0.14984992383748158,0.37840702535570064,0.1765837713204426,-1.575009224470179,-0.05386662815157737,1.7060641720262864,0.9506127224404082,-0.0673556544345474,-0.42807250939347835,0.27551802437825607,-0.9254007325196485,-0.6132518611691794,0.1556726718769394,0.3418217332312617,-0.6499540455334424,-0.5913608932251309,-0.6683591089246615,-0.5631210944817947,False,True,False,True,False,True,False,False,False,False,False,False,False,False,False,True,False,False,True,False,False
-0.004354972026743229,0,-0.31293035939897706,-1.0274308185554673,0.08984534639226345,0.26107101030115826,-1.5286439752400853,0.37840702535570064,0.1765837713204426,-0.6673540997861319,-0.08279424945271534,1.2647701796930564,-1.0597285932632623,-0.0673556544345474,-0.42807250939347835,-1.5739990105569672,0.2332727608290527,-0.00549046979669098,-0.6147366093826588,0.3418217332312617,0.5079233607420311,0.872467823849125,-0.6683591089246615,0.3125580386802622,False,True,True,False,False,False,False,True,False,False,False,False,True,False,False,False,False,True,False,False,False
-0.7993048658315527,0,1.1151093402342647,1.679237865579706,-0.8847969712710111,0.26107101030115826,0.7422595352766228,1.7765539637271726,-1.0029610262683273,0.24030102489791522,-0.8445549437160154,1.3234036472058632,-0.6576603301225281,2.401138059436966,2.3360528369758367,0.27551802437825607,0.2332727608290527,-0.00549046979669098,0.1556726718769394,0.3418217332312617,0.70090292845461,0.872467823849125,-0.6683591089246615,0.8963441274549668,False,True,True,False,True,False,False,False,False,False,False,False,False,False,True,False,False,True,False,True,False
-0.11791924257028744,0,1.129984753772111,-1.0274308185554673,1.064487664055538,1.1782012951933094,-1.281806637140443,1.7765539637271726,-1.0029610262683273,0.24030102489791522,-0.9030128450953984,-0.1463606413089439,0.14647619615894003,-0.6159098130726615,-0.42807250939347835,0.27551802437825607,-0.9254007325196485,-0.46131151332605735,-2.1555551719018555,0.3418217332312617,-0.8429336132460213,-0.5913608932251309,0.013835058709392709,-0.5631210944817947,False,True,True,False,True,False,False,False,False,False,False,False,False,False,True,False,False,False,True,False,False
0.677030651234522,0,0.32175395154913045,-1.0274308185554673,-0.8847969712710111,1.1782012951933094,-1.1337042342806578,-1.0197399130157712,0.1765837713204426,1.1479561495819623,0.16851446060092082,-1.4438715850732087,2.5588857750033447,-0.6159098130726615,-0.42807250939347835,1.2002765418458676,0.2332727608290527,-0.3093711654829352,0.9260819531365376,0.3418217332312617,-0.4569744778208635,-0.2985951498102796,-0.6683591089246615,-0.5631210944817947,False,True,True,False,True,False,False,False,False,False,False,False,True,False,False,False,False,True,False,False,True
-0.9128691363750969,1,0.21762605678420655,-0.9044004238220503,1.064487664055538,0.26107101030115826,-0.9856018314208724,0.37840702535570064,-1.0029610262683273,0.24030102489791522,-0.33771891216899375,0.2846935349275518,1.3526809855811424,0.48119850420356663,-0.42807250939347835,1.2002765418458676,-0.9254007325196485,-0.7651922090123016,0.1556726718769394,-1.0670240730349723,-0.8429336132460213,-0.5913608932251309,0.013835058709392709,-0.8550141388691469,False,True,True,False,False,False,True,False,False,False,False,False,False,False,True,False,False,False,True,True,False
-0.004354972026743229,0,0.5919906308200044,0.44893391824553636,0.08984534639226345,0.26107101030115826,-1.4792765076201568,0.37840702535570064,-1.0029610262683273,-0.6673540997861319,-1.0123954131403263,1.568598147713964,0.5485444592996741,-0.6159098130726615,-0.42807250939347835,-0.6492404930893556,0.2332727608290527,-0.3093711654829352,-0.6147366093826588,0.3418217332312617,-0.2639949101082846,-0.5913608932251309,-0.6683591089246615,0.020664994292909928,False,True,False,False,False,False,False,False,False,True,False,False,False,False,False,False,False,True,False,True,False
-0.45861205420092005,0,0.14076975350533416,-0.6583396343552164,0.08984534639226345,0.26107101030115826,1.5815064848154063,-1.0197399130157712,0.1765837713204426,0.24030102489791522,0.19864739945627286,0.6704400317223332,-0.6576603301225281,-0.8901868923917186,-0.42807250939347835,0.27551802437825607,0.2332727608290527,0.6022709215757975,0.1556726718769394,0.3418217332312617,1.4728211993049256,2.629062284338232,1.3782233939775013,1.188237171842319,False,True,True,False,True,False,False,False,False,False,False,False,True,False,False,False,False,True,False,False,False
0.4499021101474336,0,-0.20384399345477108,0.8180251024457873,1.064487664055538,-1.573189559483144,-0.7387644933212303,-1.0197399130157712,0.1765837713204426,0.24030102489791522,-0.1231723875188871,-0.3312384168636791,1.3526809855811424,-0.3416327337536044,-0.42807250939347835,1.2002765418458676,-0.9254007325196485,-0.00549046979669098,2.466900515655734,0.3418217332312617,-1.0359131809586002,-1.1768923800548332,-0.6683591089246615,-1.1469071832564992,True,False,True,False,False,False,True,False,False,False,True,False,False,False,False,False,False,False,True,True,False
-0.6857405952880085,0,0.35646324980410504,-0.9044004238220503,0.08984534639226345,0.26107101030115826,-0.6893970257013019,-1.0197399130157712,0.1765837713204426,1.1479561495819623,0.41409791227204007,0.826141344974045,0.9506127224404082,2.401138059436966,2.3360528369758367,-0.6492404930893556,-0.9254007325196485,0.2983902258895533,0.9260819531365376,-1.0670240730349723,-1.2288927486711791,-1.1768923800548332,-0.6683591089246615,-1.1469071832564992,False,True,True,False,False,False,True,False,False,False,False,False,True,False,False,False,False,False,True,False,True
1.0177234628651546,0,-1.36412624940678,-0.9044004238220503,0.08984534639226345,-0.6560592745909929,1.433404081955621,-1.0197399130157712,-1.0029610262683273,0.24030102489791522,-0.9729212632398151,-1.1490209900686157,-0.6576603301225281,-0.3416327337536044,-0.42807250939347835,1.2002765418458676,-0.9254007325196485,-1.37295360038479,0.1556726718769394,0.3418217332312617,-1.0359131809586002,-1.1768923800548332,-0.6683591089246615,-1.1469071832564992,False,True,True,False,True,False,False,False,False,False,False,False,False,False,True,False,False,False,True,False,False
0.677030651234522,0,0.3242331871387715,2.417420233980208,0.08984534639226345,-0.6560592745909929,1.5815064848154063,0.37840702535570064,0.1765837713204426,-0.6673540997861319,-0.3220497839642107,-0.35606646411192505,-0.6576603301225281,-0.6159098130726615,-0.42807250939347835,1.2002765418458676,0.2332727608290527,-0.00549046979669098,0.1556726718769394,-1.0670240730349723,0.5079233607420311,1.1652335672639762,1.7193204777945283,1.188237171842319,False,True,True,False,True,False,False,False,False,False,False,False,True,False,False,False,False,True,False,True,False
0.22277356906034518,0,-0.8211736552753912,0.3259035235121194,0.08984534639226345,-1.573189559483144,-1.0349692990408008,-1.0197399130157712,0.1765837713204426,-1.575009224470179,0.23661490241401645,-1.4111883364356872,-0.25559206698179404,-0.0673556544345474,-0.42807250939347835,0.27551802437825607,0.2332727608290527,0.4503305737326754,0.1556726718769394,-1.0670240730349723,-0.4569744778208635,-0.2985951498102796,-0.3272620251076344,-0.5631210944817947,True,False,True,False,True,False,False,False,False,False,False,False,False,False,False,False,False,False,False,True,False
-0.23148351311383164,0,-0.24847023406830987,0.8180251024457873,1.064487664055538,0.26107101030115826,1.6802414200552631,-1.0197399130157712,-1.0029610262683273,1.1479561495819623,-0.8888503638333829,-0.8470165509416469,-0.6576603301225281,0.20692142488450962,-0.42807250939347835,0.27551802437825607,-0.9254007325196485,-0.6132518611691794,0.1556726718769394,0.3418217332312617,-0.2639949101082846,-0.5913608932251309,-0.3272620251076344,-0.27122805009444234,True,False,True,False,True,False,False,False,False,False,False,False,False,False,True,False,False,False,True,False,False
1.4719805450393315,1,0.9465213201386737,0.2028731287787024,0.08984534639226345,0.26107101030115826,-1.1337042342806578,0.37840702535570064,1.3561285689092124,1.1479561495819623,0.6482308471781255,-1.1901205259089325,-0.6576603301225281,0.7554755835226237,-0.42807250939347835,-1.5739990105569672,1.3919462541777539,-0.1574308176398131,0.1556726718769394,1.7506675394974955,0.5079233607420311,1.1652335672639762,1.7193204777945283,0.8963441274549668,False,True,False,True,False,True,False,False,False,False,False,False,False,False,False,True,False,True,False,False,False
2.1533661683005967,1,-0.9079469009128278,-0.9044004238220503,-1.8594392889342857,0.26107101030115826,-1.4299090400002283,0.37840702535570064,0.1765837713204426,1.1479561495819623,-0.10328464787435473,1.006390162567243,0.5485444592996741,0.20692142488450962,-0.42807250939347835,0.27551802437825607,-0.9254007325196485,0.2983902258895533,0.1556726718769394,-1.0670240730349723,0.5079233607420311,0.872467823849125,1.7193204777945283,-0.27122805009444234,False,True,False,True,False,False,True,False,False,False,False,False,False,False,False,True,False,False,True,True,False
-1.0264334069186412,0,-1.3219792443828824,-0.5353092396217994,-1.8594392889342857,0.26107101030115826,-1.1830717019005863,-1.0197399130157712,1.3561285689092124,1.1479561495819623,2.2012825157829705,-0.7718310519300094,-0.6576603301225281,0.20692142488450962,-0.42807250939347835,-0.6492404930893556,0.2332727608290527,-0.1574308176398131,0.1556726718769394,0.3418217332312617,0.5079233607420311,1.1652335672639762,-0.6683591089246615,1.188237171842319,False,True,True,False,False,False,False,False,True,False,False,False,False,True,False,False,False,False,False,True,True
-0.11791924257028744,0,0.36638019216266926,-0.2892484501549655,0.08984534639226345,0.26107101030115826,-0.34382475236180277,0.37840702535570064,1.3561285689092124,0.24030102489791522,1.421743387595013,0.6346708111104534,0.14647619615894003,1.5783068214797948,2.3360528369758367,-0.6492404930893556,-0.9254007325196485,1.058091965105164,0.1556726718769394,1.7506675394974955,0.3149437930294522,0.28693633701942267,-0.3272620251076344,0.6044510830676145,False,True,True,False,False,False,False,True,False,False,False,False,True,False,False,False,False,False,True,True,False
-0.9128691363750969,0,-0.10467456986912928,-0.9044004238220503,1.064487664055538,-0.6560592745909929,0.7422595352766228,0.37840702535570064,0.1765837713204426,-0.6673540997861319,-0.21809114491324608,-1.4933874081163205,-0.6576603301225281,1.3040297421607379,2.3360528369758367,-1.5739990105569672,-0.9254007325196485,-0.3093711654829352,-0.6147366093826588,0.3418217332312617,0.3149437930294522,0.872467823849125,1.7193204777945283,0.3125580386802622,False,True,False,True,False,True,False,False,False,False,False,False,False,False,False,True,False,True,False,False,True
-0.23148351311383164,0,0.06639268581610282,-0.7813700290886334,-0.8847969712710111,0.26107101030115826,1.0878318086161218,0.37840702535570064,-1.0029610262683273,1.1479561495819623,-0.5320763677860145,-1.6974823727841049,-1.0597285932632623,1.0297526628416807,-0.42807250939347835,0.27551802437825607,0.2332727608290527,-0.9171325568554237,-1.3851458906422571,-2.475869879301206,-0.6499540455334424,-0.5913608932251309,-0.6683591089246615,-0.5631210944817947,False,True,False,False,False,False,False,False,False,True,False,False,False,False,False,False,False,True,False,True,False
-1.1399976774621854,1,0.2101883500152834,-0.5353092396217994,-0.8847969712710111,0.26107101030115826,1.0878318086161218,-1.0197399130157712,-1.0029610262683273,0.24030102489791522,-0.9451989594928912,0.9192815900183122,-0.6576603301225281,-0.3416327337536044,-0.42807250939347835,-1.5739990105569672,0.2332727608290527,-0.3093711654829352,-0.6147366093826588,0.3418217332312617,0.3149437930294522,0.872467823849125,-0.3272620251076344,0.8963441274549668,True,False,True,False,False,False,True,False,False,False,False,False,False,False,True,False,False,True,False,False,True
-1.0264334069186412,0,-0.8905922517853405,-0.7813700290886334,0.08984534639226345,1.1782012951933094,-0.7881319609411588,0.37840702535570064,-1.0029610262683273,1.1479561495819623,-1.1440763559382148,0.3123270112433961,-0.6576603301225281,-1.1644639717107754,-0.42807250939347835,0.27551802437825607,2.550619747526455,-1.5248939482279122,2.466900515655734,-1.0670240730349723,-1.2288927486711791,-1.1768923800548332,-0.6683591089246615,-1.1469071832564992,False,False,True,False,False,False,True,False,False,False,False,False,False,False,True,False,False,True,False,True,False
1.69910908612642,0,1.2787388891505738,2.048329049779957,1.064487664055538,-1.573189559483144,0.0017475209776962777,0.37840702535570064,2.535673366497982,0.24030102489791522,3.255634046331739,-1.2274327325079912,-0.25559206698179404,-0.3416327337536044,-0.42807250939347835,0.27551802437825607,0.2332727608290527,2.8813761392226294,-0.6147366093826588,-1.0670240730349723,2.630698605580399,0.5797020804342738,0.696029226343447,3.81527457132849,False,True,False,True,False,True,False,False,False,False,False,True,False,False,False,False,False,True,False,False,False
0.9041591923216105,0,-0.4393713744706703,-0.6583396343552164,0.08984534639226345,1.1782012951933094,-0.7881319609411588,0.37840702535570064,0.1765837713204426,-0.6673540997861319,0.12964296947751666,-1.2831204994998198,2.5588857750033447,-0.8901868923917186,-0.42807250939347835,1.2002765418458676,-0.9254007325196485,-0.00549046979669098,-0.6147366093826588,-1.0670240730349723,-0.2639949101082846,-0.5913608932251309,0.013835058709392709,-0.27122805009444234,False,True,True,False,False,False,True,False,False,False,False,False,False,False,False,False,False,False,True,True,False
-1.2535619480057296,0,-1.5426312118609353,-0.9044004238220503,-1.8594392889342857,-1.573189559483144,-0.04761994664223216,1.7765539637271726,-1.0029610262683273,-1.575009224470179,-0.6263924664032664,1.0222408367991738,1.7547492487218765,-0.6159098130726615,-0.42807250939347835,0.27551802437825607,-0.9254007325196485,-0.6132518611691794,0.1556726718769394,-1.0670240730349723,-0.4569744778208635,-0.2985951498102796,-0.6683591089246615,-0.8550141388691469,False,True,True,False,False,False,True,False,False,False,False,False,False,False,True,False,False,False,True,True,False
-0.3450477836573759,0,-0.5360615624666711,-1.0274308185554673,0.08984534639226345,-1.573189559483144,-0.8868668961810157,1.7765539637271726,0.1765837713204426,-1.575009224470179,-0.44167755121995833,1.0480507842210791,-0.6576603301225281,1.8525839007988518,2.3360528369758367,-1.5739990105569672,0.2332727608290527,-0.1574308176398131,1.696491234396136,0.3418217332312617,0.5079233607420311,1.1652335672639762,-0.6683591089246615,1.188237171842319,False,True,False,True,False,False,True,False,False,False,False,False,False,False,False,True,False,False,False,True,False
-0.11791924257028744,0,1.3407197788915999,2.171359444513374,-1.8594392889342857,0.26107101030115826,-0.6400295580813734,-1.0197399130157712,-1.0029610262683273,-1.575009224470179,-0.8870423875020618,0.4920147430230743,-0.6576603301225281,-1.1644639717107754,-0.42807250939347835,1.2002765418458676,-0.9254007325196485,-0.6132518611691794,0.1556726718769394,-1.0670240730349723,-0.07101534239570564,0.28693633701942267,-0.3272620251076344,-0.8550141388691469,False,True,True,False,False,False,True,False,False,False,False,False,False,False,True,False,False,False,True,False,False
-0.004354972026743229,0,0.31183700919056623,-1.0274308185554673,-0.8847969712710111,-0.6560592745909929,-0.4919271552215881,0.37840702535570064,0.1765837713204426,1.1479561495819623,0.21039924560986017,-1.616124929823751,-0.6576603301225281,-0.3416327337536044,-0.42807250939347835,1.2002765418458676,0.2332727608290527,1.210032312948286,-1.3851458906422571,-1.0670240730349723,2.244739470155241,2.921828027753083,0.696029226343447,2.063916305004376,False,True,False,True,True,False,False,False,False,False,False,False,False,False,False,True,False,True,False,True,True
-0.45861205420092005,0,-1.6988230540083211,0.44893391824553636,1.064487664055538,-0.6560592745909929,0.34731979431719534,0.37840702535570064,0.1765837713204426,1.1479561495819623,-0.3313909950093698,-0.7146002989510019,-0.25559206698179404,-1.1644639717107754,-0.42807250939347835,0.27551802437825607,0.2332727608290527,-0.3093711654829352,0.1556726718769394,-1.0670240730349723,-0.2639949101082846,-0.5913608932251309,-0.6683591089246615,-0.27122805009444234,False,True,False,True,True,False,False,False,False,False,False,False,False,False,False,True,False,False,False,True,False
-0.6857405952880085,0,0.520092798720414,-0.5353092396217994,1.064487664055538,-0.6560592745909929,0.4460547295570522,-1.0197399130157712,-1.0029610262683273,1.1479561495819623,-0.52484446246073,-1.679247083844715,2.5588857750033447,-0.8901868923917186,-0.42807250939347835,-0.6492404930893556,0.2332727608290527,-0.00549046979669098,0.1556726718769394,-1.0670240730349723,-0.2639949101082846,-0.005829406395428478,-0.6683591089246615,-0.27122805009444234,True,False,True,False,True,False,False,False,False,False,False,False,False,False,True,False,False,False,False,True,False
1.9262376272135084,0,-0.35011889324359274,-0.2892484501549655,-0.8847969712710111,-1.573189559483144,0.5941571324168375,-1.0197399130157712,1.3561285689092124,1.1479561495819623,1.636591241633673,0.8936119140497867,1.7547492487218765,0.7554755835226237,-0.42807250939347835,1.2002765418458676,0.2332727608290527,3.793018226281362,0.1556726718769394,0.3418217332312617,-0.2639949101082846,-0.5913608932251309,-0.6683591089246615,0.020664994292909928,False,True,False,True,False,True,False,False,False,False,False,False,False,False,False,True,False,True,False,False,True
1.0177234628651546,0,0.31679548036984834,-0.043187660688131534,0.08984534639226345,1.1782012951933094,0.3966872619371238,0.37840702535570064,1.3561285689092124,-1.575009224470179,1.5844612574139139,0.686571248861024,0.5485444592996741,-0.8901868923917186,-0.42807250939347835,0.27551802437825607,0.2332727608290527,1.210032312948286,-0.6147366093826588,0.3418217332312617,-0.2639949101082846,-0.005829406395428478,-0.6683591089246615,-0.5631210944817947,False,True,False,True,False,True,False,False,False,False,False,False,False,False,False,True,False,False,False,True,True
-0.45861205420092005,0,-0.40714131180533675,-0.1662180554215485,-0.8847969712710111,0.26107101030115826,1.2359342114759073,1.7765539637271726,0.1765837713204426,0.24030102489791522,-0.09876470704605193,1.0965847070905317,0.9506127224404082,-0.8901868923917186,-0.42807250939347835,0.27551802437825607,0.2332727608290527,-0.1574308176398131,0.1556726718769394,-1.0670240730349723,-0.2639949101082846,-0.2985951498102796,-0.3272620251076344,-0.27122805009444234,False,True,True,False,False,False,True,False,False,False,False,False,False,False,True,False,False,True,False,False,False
1.8126733566699642,0,0.21762605678420655,1.92529865504654,1.064487664055538,0.26107101030115826,0.7422595352766228,-1.0197399130157712,2.535673366497982,1.1479561495819623,2.5080358333304544,0.6569739721978608,0.14647619615894003,1.8525839007988518,2.3360528369758367,0.27551802437825607,-0.9254007325196485,3.1852568349088735,0.1556726718769394,0.3418217332312617,0.5079233607420311,1.1652335672639762,-0.6683591089246615,-1.1469071832564992,True,False,True,False,False,False,True,False,False,False,False,False,True,False,False,False,False,True,False,False,False
0.10920929851680099,0,-1.140995046339086,0.8180251024457873,1.064487664055538,1.1782012951933094,0.0017475209776962777,-1.0197399130157712,0.1765837713204426,0.24030102489791522,0.2504760542874784,1.4326751093888213,0.5485444592996741,1.0297526628416807,-0.42807250939347835,1.2002765418458676,1.3919462541777539,-0.1574308176398131,-0.6147366093826588,0.3418217332312617,-1.0359131809586002,-1.1768923800548332,-0.6683591089246615,-1.1469071832564992,False,True,False,True,False,True,False,False,False,False,False,False,False,False,False,True,False,False,False,True,False
-0.9128691363750969,0,0.909332786294058,-0.1662180554215485,-0.8847969712710111,-0.6560592745909929,-0.14635488188208903,-1.0197399130157712,-1.0029610262683273,1.1479561495819623,-0.17078243091034334,1.3494941375345284,-0.6576603301225281,-0.6159098130726615,-0.42807250939347835,1.2002765418458676,0.2332727608290527,-0.6132518611691794,2.466900515655734,0.3418217332312617,-0.2639949101082846,-0.884126636639982,-0.6683591089246615,0.020664994292909928,False,True,False,False,False,False,True,False,False,True,False,False,False,False,False,False,False,False,False,True,False
-1.594254759636362,0,1.0605661572621619,-1.0274308185554673,-0.8847969712710111,1.1782012951933094,-1.627378910479942,-1.0197399130157712,0.1765837713204426,1.1479561495819623,-0.21929646246746015,0.6735260036966915,1.3526809855811424,1.8525839007988518,2.3360528369758367,-1.5739990105569672,1.3919462541777539,-0.9171325568554237,-0.6147366093826588,-2.475869879301206,-0.8429336132460213,-0.5913608932251309,0.013835058709392709,-0.5631210944817947,False,True,True,False,True,False,False,False,False,False,False,False,True,False,False,False,False,True,False,True,False
0.9041591923216105,0,0.45563267338974683,-0.1662180554215485,1.064487664055538,-1.573189559483144,-0.19572234950201747,1.7765539637271726,-1.0029610262683273,1.1479561495819623,-0.8089980758666999,-1.3045820318669474,-0.25559206698179404,2.401138059436966,2.3360528369758367,0.27551802437825607,0.2332727608290527,-0.00549046979669098,-0.6147366093826588,-1.0670240730349723,-0.6499540455334424,-0.5913608932251309,-0.6683591089246615,-0.5631210944817947,False,True,True,False,True,False,False,False,False,False,True,False,False,False,False,False,False,True,False,True,True
0.677030651234522,0,1.1622148164374446,-0.9044004238220503,-1.8594392889342857,-0.6560592745909929,-1.5286439752400853,0.37840702535570064,-1.0029610262683273,1.1479561495819623,-0.9003008805984166,-0.7401297034661474,0.9506127224404082,-0.3416327337536044,-0.42807250939347835,1.2002765418458676,-0.9254007325196485,-0.3093711654829352,-0.6147366093826588,0.3418217332312617,-0.8429336132460213,-0.884126636639982,0.013835058709392709,-0.5631210944817947,True,False,True,False,False,False,True,False,False,False,False,False,False,False,True,False,False,False,True,True,True
-0.004354972026743229,0,1.179569465564932,-0.1662180554215485,0.08984534639226345,-1.573189559483144,0.544789664796909,-1.0197399130157712,-1.0029610262683273,-1.575009224470179,-0.9524308648181757,-0.8008672427796529,-1.0597285932632623,1.5783068214797948,2.3360528369758367,0.27551802437825607,-0.9254007325196485,-0.6132518611691794,0.1556726718769394,0.3418217332312617,-0.2639949101082846,-0.005829406395428478,-0.6683591089246615,-0.27122805009444234,False,True,False,False,True,False,False,False,False,True,False,False,False,False,False,False,False,True,False,True,False
-1.2535619480057296,0,-1.639321399856936,-0.7813700290886334,-1.8594392889342857,0.26107101030115826,1.5815064848154063,0.37840702535570064,0.1765837713204426,-1.575009224470179,-0.3943688372170556,0.0026076421805316715,-0.6576603301225281,0.7554755835226237,-0.42807250939347835,1.2002765418458676,-0.9254007325196485,-0.7651922090123016,0.1556726718769394,0.3418217332312617,-0.2639949101082846,-0.2985951498102796,-0.6683591089246615,-0.27122805009444234,False,True,False,True,False,False,False,True,False,False,False,False,False,False,False,True,False,True,False,True,True
-0.11791924257028744,0,-0.48399761508420913,-0.043187660688131534,0.08984534639226345,1.1782012951933094,0.0017475209776962777,-1.0197399130157712,1.3561285689092124,0.24030102489791522,1.5615602238838464,1.2782362392175288,-0.6576603301225281,1.3040297421607379,2.3360528369758367,-0.6492404930893556,0.2332727608290527,1.058091965105164,-0.6147366093826588,0.3418217332312617,2.051759902442662,2.921828027753083,1.037126310160474,3.231488482553785,False,True,True,False,True,False,False,False,False,False,False,False,True,False,False,False,False,True,False,False,True
-0.11791924257028744,1,-1.6665929913429876,1.92529865504654,1.064487664055538,1.1782012951933094,1.4827715495755494,0.37840702535570064,-1.0029610262683273,-0.6673540997861319,-1.0488562691553023,0.3180781408319729,-0.6576603301225281,1.0297526628416807,-0.42807250939347835,-1.5739990105569672,0.2332727608290527,-0.00549046979669098,0.1556726718769394,-1.0670240730349723,0.70090292845461,-0.5913608932251309,1.7193204777945283,1.188237171842319,True,False,True,False,True,False,False,False,False,False,False,False,False,False,True,False,False,False,False,False,True
-0.45861205420092005,0,-1.24512294110401,-1.0274308185554673,0.08984534639226345,1.1782012951933094,-0.2450898171219459,0.37840702535570064,-1.0029610262683273,1.1479561495819623,-0.9608680876976743,-0.7289079871957538,-1.0597285932632623,-0.8901868923917186,-0.42807250939347835,-0.6492404930893556,0.2332727608290527,-0.9171325568554237,-0.6147366093826588,0.3418217332312617,-0.6499540455334424,-1.1768923800548332,-0.6683591089246615,-0.5631210944817947,False,False,True,False,True,False,False,False,False,False,True,False,False,False,False,False,False,False,False,True,False
-1.2535619480057296,0,-0.5434992692355942,-0.6583396343552164,-1.8594392889342857,0.26107101030115826,1.0384643409961936,-1.0197399130157712,0.1765837713204426,-1.575009224470179,-0.37568641512673734,0.5343767219438104,-0.6576603301225281,-0.8901868923917186,-0.42807250939347835,-1.5739990105569672,-0.9254007325196485,-0.7651922090123016,-1.3851458906422571,1.7506675394974955,-0.2639949101082846,-0.5913608932251309,-0.6683591089246615,-0.27122805009444234,False,True,False,True,False,True,False,False,False,False,False,False,False,False,False,True,False,True,False,True,False
1.4719805450393315,0,1.5266624481146782,-1.0274308185554673,0.08984534639226345,0.26107101030115826,-1.4792765076201568,0.37840702535570064,-1.0029610262683273,-1.575009224470179,-0.5793850817889172,-0.5316863237435855,-0.25559206698179404,0.20692142488450962,-0.42807250939347835,-0.6492404930893556,0.2332727608290527,-0.46131151332605735,-0.6147366093826588,0.3418217332312617,-0.4569744778208635,-0.5913608932251309,-0.6683591089246615,-0.5631210944817947,False,True,True,False,False,False,False,False,True,False,False,False,False,False,True,False,False,True,False,False,False
-1.3671262185492736,0,1.1572563452581626,-0.6583396343552164,-1.8594392889342857,-1.573189559483144,-0.9856018314208724,-1.0197399130157712,-1.0029610262683273,1.1479561495819623,-0.7053407662042889,-0.5002655181864833,-1.0597285932632623,0.48119850420356663,-0.42807250939347835,1.2002765418458676,-0.9254007325196485,-0.6132518611691794,-0.6147366093826588,-1.0670240730349723,-0.2639949101082846,-0.5913608932251309,0.3549321425264198,0.020664994292909928,False,False,True,False,True,False,False,False,False,False,True,False,False,False,False,False,False,True,False,True,False
-0.45861205420092005,0,-1.0492633295223674,-0.5353092396217994,-0.8847969712710111,-0.6560592745909929,-0.8868668961810157,0.37840702535570064,0.1765837713204426,-0.6673540997861319,0.30772863811264733,-0.7649577507143933,-0.6576603301225281,-0.3416327337536044,-0.42807250939347835,1.2002765418458676,0.2332727608290527,-0.00549046979669098,0.1556726718769394,0.3418217332312617,0.70090292845461,1.1652335672639762,1.037126310160474,-0.27122805009444234,True,False,False,True,True,False,False,False,False,False,False,False,False,False,False,True,False,True,False,True,False
0.22277356906034518,0,-1.0095955600881106,-0.043187660688131534,0.08984534639226345,-0.6560592745909929,1.5815064848154063,-1.0197399130157712,-1.0029610262683273,-0.6673540997861319,-0.7845903953938648,-0.3145461139114686,-1.0597285932632623,1.0297526628416807,-0.42807250939347835,1.2002765418458676,0.2332727608290527,-1.0690729046985459,0.1556726718769394,0.3418217332312617,-0.8429336132460213,-0.5913608932251309,-0.3272620251076344,-0.5631210944817947,False,True,False,True,False,True,False,False,False,False,False,False,False,False,False,False,True,True,False,True,False
0.677030651234522,0,1.1473394028995985,-0.7813700290886334,0.08984534639226345,0.26107101030115826,1.433404081955621,1.7765539637271726,0.1765837713204426,1.1479561495819623,-0.08189026128705477,1.3159692601767274,-0.25559206698179404,-0.6159098130726615,-0.42807250939347835,-0.6492404930893556,0.2332727608290527,1.058091965105164,-1.3851458906422571,-1.0670240730349723,-0.2639949101082846,-0.2985951498102796,-0.3272620251076344,-0.27122805009444234,False,True,True,False,True,False,False,False,False,False,True,False,False,False,False,False,False,True,False,False,True
-0.5721763247444642,0,1.0407322725450334,0.2028731287787024,1.064487664055538,1.1782012951933094,-0.8868668961810157,0.37840702535570064,-1.0029610262683273,1.1479561495819623,-0.9482122533784264,0.07386554049753129,0.14647619615894003,1.0297526628416807,-0.42807250939347835,-0.6492404930893556,0.2332727608290527,-0.3093711654829352,-0.6147366093826588,0.3418217332312617,-0.07101534239570564,-0.005829406395428478,-0.6683591089246615,-0.5631210944817947,False,True,True,False,True,False,False,False,False,False,False,False,False,False,True,False,False,True,False,True,True
-0.7993048658315527,1,-1.1434742819287271,-1.0274308185554673,0.08984534639226345,-0.6560592745909929,-0.8868668961810157,-1.0197399130157712,-1.0029610262683273,0.24030102489791522,-0.8144220048606633,1.2873538836872236,1.3526809855811424,1.0297526628416807,-0.42807250939347835,0.27551802437825607,2.550619747526455,-0.7651922090123016,0.1556726718769394,0.3418217332312617,-0.6499540455334424,-0.5913608932251309,-0.6683591089246615,-0.5631210944817947,False,True,False,True,False,False,True,False,False,False,False,False,False,False,False,False,True,False,False,False,True
1.9262376272135084,0,0.16308287381210357,-0.1662180554215485,0.08984534639226345,-1.573189559483144,0.34731979431719534,0.37840702535570064,2.535673366497982,1.1479561495819623,1.9083903501089485,1.1845349083597418,0.9506127224404082,-0.3416327337536044,-0.42807250939347835,0.27551802437825607,0.2332727608290527,2.7294357913795073,0.1556726718769394,0.3418217332312617,-0.8429336132460213,-1.1768923800548332,0.013835058709392709,-0.5631210944817947,False,True,False,True,False,True,False,False,False,False,False,False,False,False,False,True,False,True,False,True,False
-0.11791924257028744,0,-0.3228473017575412,1.92529865504654,0.08984534639226345,1.1782012951933094,0.5941571324168375,-1.0197399130157712,1.3561285689092124,-0.6673540997861319,1.6272500305885138,-0.7315731448099723,0.14647619615894003,0.20692142488450962,-0.42807250939347835,-1.5739990105569672,-0.9254007325196485,0.9061516172620417,-0.6147366093826588,0.3418217332312617,1.2798416315923467,1.7507650540936786,0.696029226343447,1.188237171842319,False,True,True,False,False,False,False,False,True,False,False,False,True,False,False,False,False,True,False,True,False
0.10920929851680099,0,1.0630453928518029,1.4331770761128722,-0.8847969712710111,0.26107101030115826,-0.590662090461445,0.37840702535570064,-1.0029610262683273,1.1479561495819623,-0.7622920206409042,0.9647295409134065,0.9506127224404082,-0.0673556544345474,-0.42807250939347835,-0.6492404930893556,0.2332727608290527,-0.00549046979669098,0.1556726718769394,0.3418217332312617,-0.2639949101082846,-0.005829406395428478,-0.6683591089246615,-1.1469071832564992,True,False,False,True,False,False,True,False,False,False,False,False,False,False,False,False,True,True,False,False,False
1.9262376272135084,0,-1.7360115878529367,1.679237865579706,1.064487664055538,1.1782012951933094,0.2979523266972669,0.37840702535570064,2.535673366497982,1.1479561495819623,2.6433327287909854,0.8222137442794072,1.3526809855811424,0.7554755835226237,-0.42807250939347835,0.27551802437825607,-0.9254007325196485,3.4891375305951176,-2.1555551719018555,0.3418217332312617,1.086862063879768,1.4579993106788274,0.3549321425264198,1.188237171842319,False,True,True,False,True,False,False,False,False,False,False,False,False,True,False,False,False,False,True,False,False
0.7905949217780662,0,-0.9426561991678024,-1.0274308185554673,0.08984534639226345,1.1782012951933094,-1.627378910479942,0.37840702535570064,0.1765837713204426,1.1479561495819623,0.017849766324160528,1.0432815548061618,0.5485444592996741,-0.6159098130726615,-0.42807250939347835,-0.6492404930893556,0.2332727608290527,0.2983902258895533,-0.6147366093826588,-1.0670240730349723,-0.2639949101082846,-0.5913608932251309,0.013835058709392709,-0.5631210944817947,True,False,True,False,True,False,False,False,False,False,False,False,False,False,False,False,False,True,False,False,False
1.244852003952243,0,-1.3715639561757031,-0.9044004238220503,-0.8847969712710111,0.26107101030115826,-1.5286439752400853,0.37840702535570064,0.1765837713204426,1.1479561495819623,-0.29101285694319806,0.4823360127398598,-1.0597285932632623,1.8525839007988518,2.3360528369758367,-1.5739990105569672,0.2332727608290527,-0.3093711654829352,-0.6147366093826588,0.3418217332312617,0.12196422531687327,0.5797020804342738,1.7193204777945283,0.8963441274549668,False,True,False,True,False,True,False,False,False,False,False,False,False,False,False,True,False,True,False,False,True
0.10920929851680099,0,1.1151093402342647,1.187116286646038,-0.8847969712710111,-1.573189559483144,-1.6767463780998706,0.37840702535570064,1.3561285689092124,-0.6673540997861319,0.6446148945154833,-1.3368444661443293,-0.6576603301225281,-0.6159098130726615,-0.42807250939347835,1.2002765418458676,-0.9254007325196485,-0.00549046979669098,-0.6147366093826588,0.3418217332312617,0.70090292845461,-1.1768923800548332,-0.6683591089246615,1.4801302162296714,False,False,False,True,False,False,True,False,False,False,False,False,False,False,False,True,False,False,True,True,True
0.3363378396038894,0,1.4398892024772416,-0.9044004238220503,0.08984534639226345,1.1782012951933094,-1.1830717019005863,-1.0197399130157712,0.1765837713204426,1.1479561495819623,-0.09002615477799983,-0.9193966208856859,2.1568175118626107,-1.1644639717107754,-0.42807250939347835,0.27551802437825607,1.3919462541777539,0.4503305737326754,-0.6147366093826588,0.3418217332312617,-0.2639949101082846,-0.005829406395428478,-0.6683591089246615,0.020664994292909928,False,True,False,False,True,False,False,False,False,True,False,False,False,False,False,False,False,True,False,False,False
-0.3450477836573759,0,0.6762846408677998,-0.7813700290886334,-0.8847969712710111,1.1782012951933094,-0.44255968760165965,0.37840702535570064,-1.0029610262683273,-0.6673540997861319,-0.9720172750741545,1.165037176339933,0.14647619615894003,-1.1644639717107754,-0.42807250939347835,0.27551802437825607,0.2332727608290527,-0.46131151332605735,0.9260819531365376,1.7506675394974955,-0.4569744778208635,-0.2985951498102796,-0.6683591089246615,-0.27122805009444234,False,True,False,False,False,False,False,False,False,True,False,False,False,False,False,False,False,False,False,True,True
-0.45861205420092005,1,-1.0616595074705726,1.92529865504654,1.064487664055538,-1.573189559483144,1.0384643409961936,0.37840702535570064,-1.0029610262683273,1.1479561495819623,-0.8159286518034309,0.5150192613773813,-0.6576603301225281,2.401138059436966,2.3360528369758367,0.27551802437825607,-0.9254007325196485,-1.37295360038479,-0.6147366093826588,-2.475869879301206,-1.0359131809586002,-1.1768923800548332,-0.6683591089246615,-0.8550141388691469,False,True,True,False,True,False,False,False,False,False,True,False,False,False,False,False,False,False,True,True,True
-0.7993048658315527,0,0.7035562323538513,-0.2892484501549655,-1.8594392889342857,-1.573189559483144,-0.19572234950201747,-1.0197399130157712,-1.0029610262683273,1.1479561495819623,-0.8951782809930068,-1.1629078639532278,1.3526809855811424,-0.3416327337536044,-0.42807250939347835,0.27551802437825607,2.550619747526455,-0.3093711654829352,1.696491234396136,0.3418217332312617,-0.4569744778208635,-0.2985951498102796,-0.6683591089246615,-0.27122805009444234,False,True,True,False,False,False,True,False,False,False,True,False,False,False,False,False,False,False,False,False,False
0.9041591923216105,0,-0.35011889324359274,-0.043187660688131534,-0.8847969712710111,-0.6560592745909929,-0.2450898171219459,0.37840702535570064,-1.0029610262683273,-1.575009224470179,-0.8870423875020618,-0.9589531707388234,-0.6576603301225281,-0.6159098130726615,-0.42807250939347835,1.2002765418458676,-0.9254007325196485,-0.3093711654829352,-2.1555551719018555,0.3418217332312617,0.3149437930294522,0.872467823849125,1.7193204777945283,-0.8550141388691469,False,True,True,False,True,False,False,False,False,False,False,False,False,False,True,False,False,True,False,True,True
-0.9128691363750969,0,0.04655880109897445,-0.5353092396217994,1.064487664055538,-1.573189559483144,1.5815064848154063,0.37840702535570064,0.1765837713204426,1.1479561495819623,-0.17921965378984192,1.3897520446545655,-0.6576603301225281,-0.3416327337536044,-0.42807250939347835,-0.6492404930893556,-0.9254007325196485,-0.9171325568554237,0.1556726718769394,0.3418217332312617,-0.4569744778208635,-0.5913608932251309,-0.6683591089246615,-0.5631210944817947,False,True,False,True,False,False,True,False,False,False,False,False,False,False,False,True,False,False,True,True,False
2.4940589799312294,1,-0.05261062248666734,-0.9044004238220503,-1.8594392889342857,1.1782012951933094,-0.44255968760165965,-1.0197399130157712,-1.0029610262683273,1.1479561495819623,-0.9409803480531419,-0.1347181106784105,2.5588857750033447,-0.3416327337536044,-0.42807250939347835,1.2002765418458676,0.2332727608290527,-1.0690729046985459,0.1556726718769394,-1.0670240730349723,-1.0359131809586002,-1.1768923800548332,-0.6683591089246615,-1.1469071832564992,True,False,True,False,True,False,False,False,False,False,True,False,False,False,False,False,False,False,False,True,True
0.7905949217780662,0,-1.5500689186298584,-0.1662180554215485,0.08984534639226345,-1.573189559483144,-0.5412946228415165,0.37840702535570064,0.1765837713204426,-0.6673540997861319,-0.22230975635299535,1.3283131480741603,0.5485444592996741,1.5783068214797948,2.3360528369758367,0.27551802437825607,0.2332727608290527,-0.9171325568554237,-0.6147366093826588,1.7506675394974955,-1.0359131809586002,-1.1768923800548332,-0.6683591089246615,-1.1469071832564992,False,True,True,False,True,False,False,False,False,False,False,False,True,False,False,False,False,False,False,False,False
-1.8213833007234506,1,-0.749275823175801,-0.9044004238220503,0.08984534639226345,0.26107101030115826,-0.8374994285610872,-1.0197399130157712,-1.0029610262683273,0.24030102489791522,-1.0422270226071249,1.0811548472187404,-0.6576603301225281,-0.6159098130726615,-0.42807250939347835,1.2002765418458676,-0.9254007325196485,-1.221013252541668,0.1556726718769394,-1.0670240730349723,-0.8429336132460213,-0.5913608932251309,-0.6683591089246615,-0.5631210944817947,False,True,False,True,False,False,True,False,False,False,False,False,False,False,False,False,True,False,True,False,False
-1.7078190301799063,1,1.5489755684214477,1.0640858919126213,-1.8594392889342857,1.1782012951933094,-0.04761994664223216,0.37840702535570064,-1.0029610262683273,1.1479561495819623,-0.84666424943589,-0.7679034512353716,-0.6576603301225281,1.0297526628416807,-0.42807250939347835,-1.5739990105569672,-0.9254007325196485,-1.37295360038479,0.1556726718769394,-1.0670240730349723,-1.0359131809586002,-1.1768923800548332,-0.6683591089246615,-1.1469071832564992,False,True,True,False,False,False,False,True,False,False,False,False,False,False,True,False,False,False,True,False,False
-0.004354972026743229,0,1.5440170972421656,0.5719643129789533,-1.8594392889342857,0.26107101030115826,0.10048245621755315,0.37840702535570064,0.1765837713204426,1.1479561495819623,0.32641106020296556,-1.3358625659706698,-1.0597285932632623,0.48119850420356663,-0.42807250939347835,-1.5739990105569672,0.2332727608290527,1.058091965105164,-0.6147366093826588,-1.0670240730349723,1.8587803347300833,1.1652335672639762,0.696029226343447,2.063916305004376,False,True,True,False,True,False,False,False,False,False,False,False,False,False,False,False,False,True,False,True,True
1.244852003952243,0,1.6159149293417558,-0.9044004238220503,1.064487664055538,1.1782012951933094,-0.04761994664223216,-1.0197399130157712,-1.0029610262683273,1.1479561495819623,-0.6655652869152241,-0.16936515966325086,-0.6576603301225281,0.7554755835226237,-0.42807250939347835,-1.5739990105569672,-0.9254007325196485,-1.0690729046985459,0.1556726718769394,-1.0670240730349723,-0.6499540455334424,-0.5913608932251309,-0.3272620251076344,-0.5631210944817947,False,True,False,True,True,False,False,False,False,False,False,False,False,False,False,False,True,False,True,False,True
-1.594254759636362,1,-0.4592052591877987,-0.7813700290886334,-1.8594392889342857,-0.6560592745909929,-1.5780114428600138,0.37840702535570064,0.1765837713204426,0.24030102489791522,-0.4012994131537866,-0.6063107369417032,-1.0597285932632623,1.0297526628416807,-0.42807250939347835,-1.5739990105569672,0.2332727608290527,-0.9171325568554237,0.1556726718769394,1.7506675394974955,-0.6499540455334424,-0.5913608932251309,-0.6683591089246615,-0.5631210944817947,False,True,True,False,True,False,False,False,False,False,False,False,True,False,False,False,False,True,False,False,True
0.5634663806909778,1,0.7010769967642103,-0.9044004238220503,1.064487664055538,-0.6560592745909929,-0.44255968760165965,-2.417886851387243,-1.0029610262683273,1.1479561495819623,-0.8210512514088407,0.4742002684438244,0.5485444592996741,-0.6159098130726615,-0.42807250939347835,0.27551802437825607,0.2332727608290527,-0.00549046979669098,-1.3851458906422571,-1.0670240730349723,0.12196422531687327,0.872467823849125,-0.3272620251076344,-1.1469071832564992,False,True,True,False,True,False,False,False,False,False,True,False,False,False,False,False,False,False,False,False,True
-0.9128691363750969,0,0.47794579369651624,-0.043187660688131534,0.08984534639226345,0.26107101030115826,0.544789664796909,0.37840702535570064,-1.0029610262683273,0.24030102489791522,-0.9418843362188025,-0.6326817701771283,0.9506127224404082,0.7554755835226237,-0.42807250939347835,-0.6492404930893556,0.2332727608290527,-0.6132518611691794,-0.6147366093826588,0.3418217332312617,-0.8429336132460213,-0.5913608932251309,0.013835058709392709,-0.5631210944817947,False,True,True,False,False,False,True,False,False,False,False,False,False,False,True,False,False,False,False,False,False
0.3363378396038894,1,0.792808713580929,-0.41227884488838246,0.08984534639226345,1.1782012951933094,0.19921739145741002,0.37840702535570064,-1.0029610262683273,-1.575009224470179,-0.9337484427278574,-1.4085231788214687,1.7547492487218765,1.5783068214797948,2.3360528369758367,1.2002765418458676,-0.9254007325196485,-0.3093711654829352,-0.6147366093826588,-2.475869879301206,-0.8429336132460213,-0.5913608932251309,0.013835058709392709,-0.5631210944817947,False,True,True,False,False,False,True,False,False,False,True,False,False,False,False,False,False,True,False,True,True
-1.0264334069186412,0,-0.45672602359815767,-0.6583396343552164,0.08984534639226345,-0.6560592745909929,0.49542219717698066,0.37840702535570064,-1.0029610262683273,0.24030102489791522,-0.9596627701434601,0.4858427990743578,-0.6576603301225281,1.0297526628416807,-0.42807250939347835,0.27551802437825607,-0.9254007325196485,-1.37295360038479,-0.6147366093826588,0.3418217332312617,-1.0359131809586002,-0.884126636639982,-0.6683591089246615,-1.1469071832564992,False,True,True,False,True,False,False,False,False,False,False,False,False,False,True,False,False,False,True,False,False
-0.23148351311383164,0,-0.6352309860523129,0.07984273404528544,0.08984534639226345,-0.6560592745909929,0.8409944705164797,0.37840702535570064,-1.0029610262683273,-0.6673540997861319,-1.0530748805950516,-1.0447993002073348,-0.6576603301225281,-0.3416327337536044,-0.42807250939347835,-0.6492404930893556,1.3919462541777539,-1.37295360038479,0.1556726718769394,0.3418217332312617,-1.0359131809586002,-1.1768923800548332,-0.3272620251076344,-1.1469071832564992,False,True,True,False,True,False,False,False,False,False,True,False,False,False,False,False,False,False,False,True,False
0.677030651234522,0,-0.8434867755821607,0.5719643129789533,-0.8847969712710111,0.26107101030115826,0.10048245621755315,-1.0197399130157712,0.1765837713204426,0.24030102489791522,0.22335640931766154,-0.9146273914707685,1.7547492487218765,0.48119850420356663,-0.42807250939347835,-1.5739990105569672,-0.9254007325196485,-0.00549046979669098,2.466900515655734,0.3418217332312617,-0.2639949101082846,-0.005829406395428478,-0.6683591089246615,-0.27122805009444234,False,True,False,True,False,False,True,False,False,False,False,False,False,False,False,True,False,False,True,False,False
-0.3450477836573759,0,0.9812306183936483,-1.0274308185554673,1.064487664055538,0.26107101030115826,1.6802414200552631,-1.0197399130157712,-1.0029610262683273,-1.575009224470179,-0.8147233342492168,-1.5437448598797119,0.14647619615894003,-1.1644639717107754,-0.42807250939347835,-0.6492404930893556,-0.9254007325196485,-0.6132518611691794,-1.3851458906422571,0.3418217332312617,-0.6499540455334424,-0.5913608932251309,-0.6683591089246615,-0.5631210944817947,False,True,True,False,False,False,False,True,False,False,False,False,False,False,True,False,False,False,True,True,True
2.4940589799312294,0,1.1646940520270856,-0.5353092396217994,0.08984534639226345,0.26107101030115826,-1.4299090400002283,-1.0197399130157712,1.3561285689092124,-0.6673540997861319,1.5214834152062282,-0.7138989416841023,-0.25559206698179404,-0.6159098130726615,-0.42807250939347835,1.2002765418458676,0.2332727608290527,2.1216744000070187,0.1556726718769394,0.3418217332312617,-0.07101534239570564,-1.1768923800548332,-0.6683591089246615,0.020664994292909928,False,True,True,False,False,False,False,False,True,False,False,False,False,False,False,False,False,False,False,False,True
-0.5721763247444642,0,-1.6070913371916025,-0.2892484501549655,1.064487664055538,-0.6560592745909929,-1.2324391695205146,-1.0197399130157712,-1.0029610262683273,0.24030102489791522,-0.9563481468693714,-0.3657451943951396,0.14647619615894003,-0.0673556544345474,-0.42807250939347835,-0.6492404930893556,-0.9254007325196485,0.4503305737326754,-0.6147366093826588,1.7506675394974955,0.12196422531687327,0.872467823849125,1.037126310160474,-0.5631210944817947,False,True,False,True,True,False,False,False,False,False,False,False,False,False,False,False,True,True,False,True,False
-0.11791924257028744,0,0.8299972474255446,1.4331770761128722,-1.8594392889342857,1.1782012951933094,-0.7387644933212303,0.37840702535570064,0.1765837713204426,1.1479561495819623,-0.4486081271566893,0.6768925185778095,-0.6576603301225281,2.6754151387560228,2.3360528369758367,1.2002765418458676,0.2332727608290527,-0.00549046979669098,-0.6147366093826588,-2.475869879301206,0.70090292845461,0.5797020804342738,-0.6683591089246615,0.8963441274549668,False,True,True,False,True,False,False,False,False,False,False,False,False,False,False,False,False,True,False,False,True
1.4719805450393315,0,-0.6823364622554927,-0.1662180554215485,-0.8847969712710111,-1.573189559483144,-0.7387644933212303,0.37840702535570064,1.3561285689092124,-0.6673540997861319,0.5725971706511919,1.1407702149052066,0.5485444592996741,-1.1644639717107754,-0.42807250939347835,0.27551802437825607,0.2332727608290527,2.8813761392226294,0.1556726718769394,-1.0670240730349723,3.7885760118558722,1.4579993106788274,-0.3272620251076344,0.8963441274549668,False,True,True,False,False,False,False,True,False,False,True,False,False,False,False,False,False,True,False,False,False
1.3584162744957873,0,1.6531034631863715,1.3101466813794551,1.064487664055538,1.1782012951933094,-0.7387644933212303,0.37840702535570064,-1.0029610262683273,0.24030102489791522,-0.9774412040681179,-1.2345865766303672,0.5485444592996741,0.48119850420356663,-0.42807250939347835,-1.5739990105569672,1.3919462541777539,0.4503305737326754,-0.6147366093826588,-1.0670240730349723,-1.2288927486711791,-1.1768923800548332,-0.6683591089246615,-1.1469071832564992,False,True,True,False,False,False,True,False,False,False,False,False,False,False,True,False,False,True,False,True,False
-0.5721763247444642,0,0.956438262497238,1.3101466813794551,-0.8847969712710111,1.1782012951933094,-1.0349692990408008,0.37840702535570064,0.1765837713204426,0.24030102489791522,0.4306710286424837,1.4113538484750734,-0.6576603301225281,-0.6159098130726615,-0.42807250939347835,1.2002765418458676,0.2332727608290527,-0.1574308176398131,-0.6147366093826588,-1.0670240730349723,0.5079233607420311,1.1652335672639762,-0.6683591089246615,-1.1469071832564992,False,False,False,True,False,True,False,False,False,False,False,False,False,False,False,True,False,True,False,False,False
-0.004354972026743229,0,-1.522797327143807,-0.2892484501549655,1.064487664055538,-0.6560592745909929,-0.04761994664223216,0.37840702535570064,-1.0029610262683273,1.1479561495819623,-0.24852541315715165,1.2552317208632218,-0.25559206698179404,0.7554755835226237,-0.42807250939347835,0.27551802437825607,-0.9254007325196485,-0.3093711654829352,2.466900515655734,0.3418217332312617,-0.07101534239570564,-0.5913608932251309,-0.6683591089246615,-0.8550141388691469,False,True,True,False,False,False,False,True,False,False,False,False,False,False,True,False,False,False,True,True,False
0.22277356906034518,0,1.3159274229951894,-1.0274308185554673,0.08984534639226345,1.1782012951933094,0.6928920676566944,0.37840702535570064,1.3561285689092124,-1.575009224470179,2.4345114625233957,0.2731912757503983,-0.6576603301225281,-0.6159098130726615,-0.42807250939347835,-0.6492404930893556,0.2332727608290527,0.7542112694189196,0.1556726718769394,0.3418217332312617,1.6658007670175043,2.336296540923381,1.037126310160474,2.063916305004376,False,True,True,False,False,False,False,False,True,False,False,False,False,True,False,False,False,True,False,False,False
-0.45861205420092005,0,0.9465213201386737,-1.0274308185554673,0.08984534639226345,0.26107101030115826,0.19921739145741002,-1.0197399130157712,-1.0029610262683273,-0.6673540997861319,-0.9554441587037109,-1.4546724869834624,1.3526809855811424,1.3040297421607379,2.3360528369758367,0.27551802437825607,-0.9254007325196485,-0.7651922090123016,0.1556726718769394,0.3418217332312617,-0.6499540455334424,-1.1768923800548332,-0.6683591089246615,-0.5631210944817947,False,False,True,False,True,False,False,False,False,False,True,False,False,False,False,False,False,True,False,False,False
-1.2535619480057296,1,0.1606036382224625,1.187116286646038,-0.8847969712710111,0.26107101030115826,-1.4792765076201568,-1.0197399130157712,-1.0029610262683273,-0.6673540997861319,-0.9310364782308758,0.6247115379204791,-0.6576603301225281,0.7554755835226237,-0.42807250939347835,0.27551802437825607,2.550619747526455,-1.37295360038479,-0.6147366093826588,0.3418217332312617,-1.0359131809586002,-1.1768923800548332,-0.6683591089246615,-1.1469071832564992,False,True,False,True,False,True,False,False,False,False,False,False,False,False,False,False,True,True,False,True,True
0.4499021101474336,0,-0.3575566000125159,0.07984273404528544,1.064487664055538,-1.573189559483144,0.051114988597624714,-1.0197399130157712,1.3561285689092124,-0.6673540997861319,1.2662574231013963,0.8847748124868517,-0.25559206698179404,-0.8901868923917186,-0.42807250939347835,-0.6492404930893556,0.2332727608290527,0.14644987804643114,-0.6147366093826588,-1.0670240730349723,-1.0359131809586002,-1.1768923800548332,-0.6683591089246615,-1.1469071832564992,False,True,False,True,False,True,False,False,False,False,False,False,False,False,False,True,False,False,False,True,False
-1.1399976774621854,0,1.1919656435131372,-1.0274308185554673,0.08984534639226345,0.26107101030115826,-0.6893970257013019,-1.0197399130157712,0.1765837713204426,-1.575009224470179,-0.36423589836170356,-0.4483650804359128,-0.6576603301225281,-0.8901868923917186,-0.42807250939347835,-0.6492404930893556,-0.9254007325196485,-0.46131151332605735,-0.6147366093826588,0.3418217332312617,0.12196422531687327,0.872467823849125,-0.6683591089246615,0.8963441274549668,True,False,False,True,False,False,True,False,False,False,False,False,False,False,False,True,False,False,True,True,False
0.5634663806909778,0,-1.3368546579207286,-0.41227884488838246,0.08984534639226345,1.1782012951933094,-0.34382475236180277,0.37840702535570064,-1.0029610262683273,-1.575009224470179,-0.23556824944935026,-1.5746045796232946,-0.25559206698179404,-0.6159098130726615,-0.42807250939347835,0.27551802437825607,-0.9254007325196485,1.5139130086345303,0.1556726718769394,0.3418217332312617,2.244739470155241,2.629062284338232,0.013835058709392709,3.81527457132849,False,True,True,False,False,False,True,False,False,False,True,False,False,False,False,False,False,False,True,True,True
-0.004354972026743229,0,0.3366293650869767,-0.9044004238220503,1.064487664055538,0.26107101030115826,0.6435246000367659,0.37840702535570064,-1.0029610262683273,0.24030102489791522,-0.8990955630442026,-0.2885958950361833,0.5485444592996741,1.5783068214797948,2.3360528369758367,0.27551802437825607,-0.9254007325196485,0.9061516172620417,2.466900515655734,0.3418217332312617,0.893882496167189,1.1652335672639762,0.3549321425264198,1.4801302162296714,False,True,True,False,False,False,True,False,False,False,True,False,False,False,False,False,False,False,True,True,False
-1.9349475712669948,1,-0.9500939059367256,1.4331770761128722,0.08984534639226345,1.1782012951933094,-1.4299090400002283,-1.0197399130157712,-1.0029610262683273,-0.6673540997861319,-1.0190246596885038,-0.6168310959451972,-0.6576603301225281,-0.6159098130726615,-0.42807250939347835,-0.6492404930893556,-0.9254007325196485,-1.37295360038479,0.1556726718769394,1.7506675394974955,-1.0359131809586002,-1.1768923800548332,-0.6683591089246615,-1.1469071832564992,False,True,False,True,False,False,False,True,False,False,False,False,False,False,False,False,True,False,True,True,True
-1.8213833007234506,1,-1.6690722269326286,-0.6583396343552164,0.08984534639226345,-1.573189559483144,0.8903619381364082,0.37840702535570064,-1.0029610262683273,-1.575009224470179,-0.7622920206409042,-0.1874601771492606,-0.6576603301225281,1.0297526628416807,-0.42807250939347835,-0.6492404930893556,-0.9254007325196485,-1.37295360038479,-0.6147366093826588,0.3418217332312617,-1.0359131809586002,-1.1768923800548332,-0.6683591089246615,-1.1469071832564992,False,True,True,False,False,False,False,False,True,False,True,False,False,False,False,False,False,False,True,True,False
-0.5721763247444642,0,-0.4616844947774397,0.3259035235121194,0.08984534639226345,1.1782012951933094,-1.2324391695205146,0.37840702535570064,0.1765837713204426,1.1479561495819623,0.10613927717034205,0.4242636310405727,-1.0597285932632623,-1.1644639717107754,-0.42807250939347835,0.27551802437825607,1.3919462541777539,-0.00549046979669098,-0.6147366093826588,-2.475869879301206,0.5079233607420311,0.872467823849125,2.060417561611555,0.3125580386802622,False,True,True,False,False,False,True,False,False,False,False,False,False,False,False,False,False,True,False,False,True
0.4499021101474336,0,1.6531034631863715,-0.043187660688131534,1.064487664055538,1.1782012951933094,-1.5286439752400853,0.37840702535570064,-1.0029610262683273,-0.6673540997861319,-0.5682358944124369,1.503512193345681,2.1568175118626107,-0.3416327337536044,-0.42807250939347835,1.2002765418458676,0.2332727608290527,-1.0690729046985459,-0.6147366093826588,0.3418217332312617,-1.0359131809586002,-0.884126636639982,-0.6683591089246615,-1.1469071832564992,True,False,True,False,False,False,True,False,False,False,False,False,False,False,True,False,False,False,False,True,True
-0.45861205420092005,0,-0.754234294355083,-0.7813700290886334,1.064487664055538,0.26107101030115826,1.334669146715764,0.37840702535570064,0.1765837713204426,-1.575009224470179,0.36829584521190495,-0.11087196360382402,-0.6576603301225281,-0.8901868923917186,-0.42807250939347835,0.27551802437825607,0.2332727608290527,-0.3093711654829352,-0.6147366093826588,1.7506675394974955,0.3149437930294522,0.872467823849125,1.3782233939775013,-0.27122805009444234,False,True,True,False,False,False,True,False,False,False,False,False,True,False,False,False,False,True,False,False,False
-0.004354972026743229,1,-0.6748987554865696,-0.7813700290886334,-1.8594392889342857,0.26107101030115826,-0.7387644933212303,-1.0197399130157712,1.3561285689092124,1.1479561495819623,1.453081644004579,-1.2380933629648652,-0.6576603301225281,-1.1644639717107754,-0.42807250939347835,-1.5739990105569672,0.2332727608290527,0.9061516172620417,2.466900515655734,0.3418217332312617,1.8587803347300833,0.872467823849125,0.3549321425264198,0.8963441274549668,False,True,False,True,True,False,False,False,False,False,False,False,False,False,False,True,False,True,False,True,True
-0.3450477836573759,0,0.6614092273299536,-1.0274308185554673,0.08984534639226345,-0.6560592745909929,-1.1830717019005863,-1.0197399130157712,0.1765837713204426,1.1479561495819623,0.4357936282478935,-0.2880348092226636,-1.0597285932632623,-0.3416327337536044,-0.42807250939347835,-1.5739990105569672,-0.9254007325196485,-0.6132518611691794,0.1556726718769394,0.3418217332312617,-0.2639949101082846,-1.1768923800548332,-0.3272620251076344,0.020664994292909928,False,True,True,False,True,False,False,False,False,False,False,False,False,False,False,False,False,False,True,False,False
0.10920929851680099,1,-0.4393713744706703,-1.0274308185554673,1.064487664055538,-1.573189559483144,-0.9856018314208724,-1.0197399130157712,1.3561285689092124,0.24030102489791522,1.5386591903537787,0.08101938461990724,0.9506127224404082,-1.1644639717107754,-0.42807250939347835,0.27551802437825607,-0.9254007325196485,1.058091965105164,-0.6147366093826588,-2.475869879301206,1.4728211993049256,-0.884126636639982,3.083708813062637,0.8963441274549668,False,True,False,True,True,False,False,False,False,False,False,False,False,False,False,True,False,True,False,True,False
1.0177234628651546,0,0.006891031664717735,-0.6583396343552164,-0.8847969712710111,0.26107101030115826,-0.44255968760165965,0.37840702535570064,0.1765837713204426,-0.6673540997861319,-0.3181325019130149,1.236996431923832,-0.6576603301225281,-0.8901868923917186,-0.42807250939347835,-0.6492404930893556,-0.9254007325196485,-0.1574308176398131,1.696491234396136,-1.0670240730349723,0.5079233607420311,0.872467823849125,-0.6683591089246615,1.188237171842319,False,False,True,False,True,False,False,False,False,False,True,False,False,False,False,False,False,True,False,True,False
-0.7993048658315527,0,1.4919531498597036,1.3101466813794551,0.08984534639226345,0.26107101030115826,0.8903619381364082,0.37840702535570064,-1.0029610262683273,1.1479561495819623,-1.008176801700577,0.5412500231594264,-0.6576603301225281,-0.0673556544345474,-0.42807250939347835,-0.6492404930893556,0.2332727608290527,-1.0690729046985459,1.696491234396136,0.3418217332312617,-0.6499540455334424,-0.884126636639982,-0.6683591089246615,-0.5631210944817947,True,False,False,True,False,False,False,False,True,False,False,False,False,False,False,False,True,True,False,False,False
-0.11791924257028744,0,1.0332945657761103,1.0640858919126213,0.08984534639226345,0.26107101030115826,0.9890968733762651,0.37840702535570064,0.1765837713204426,0.24030102489791522,-0.27172777607577275,-1.1453739322807377,-0.6576603301225281,0.20692142488450962,-0.42807250939347835,-0.6492404930893556,-0.9254007325196485,-0.7651922090123016,0.1556726718769394,0.3418217332312617,-0.2639949101082846,-0.5913608932251309,-0.3272620251076344,-1.1469071832564992,False,True,False,True,False,False,True,False,False,False,False,False,False,False,False,True,False,True,False,False,False
2.4940589799312294,1,-1.2723945325900614,-0.9044004238220503,0.08984534639226345,1.1782012951933094,-0.7387644933212303,0.37840702535570064,-1.0029610262683273,0.24030102489791522,-0.9111487385863434,1.6667881650799086,0.5485444592996741,2.401138059436966,2.3360528369758367,-1.5739990105569672,-0.9254007325196485,-0.46131151332605735,0.9260819531365376,0.3418217332312617,-1.0359131809586002,-1.1768923800548332,-0.6683591089246615,-1.1469071832564992,False,True,True,False,False,False,False,False,True,False,False,False,False,False,True,False,False,False,True,True,False
1.9262376272135084,0,1.4225345533497544,-0.9044004238220503,-0.8847969712710111,0.26107101030115826,-1.0349692990408008,0.37840702535570064,2.535673366497982,0.24030102489791522,2.8171997859863667,-0.057007725505934546,1.3526809855811424,-0.6159098130726615,-0.42807250939347835,0.27551802437825607,0.2332727608290527,1.8177937043207744,0.1556726718769394,1.7506675394974955,2.051759902442662,2.629062284338232,4.448097148330746,-0.5631210944817947,False,True,False,True,False,False,True,False,False,False,False,True,False,False,False,False,False,False,False,True,False
-0.6857405952880085,0,-1.416190196789242,-0.1662180554215485,-0.8847969712710111,0.26107101030115826,-0.19572234950201747,0.37840702535570064,1.3561285689092124,0.24030102489791522,0.5307123856422525,-0.6126229523437997,0.9506127224404082,-1.1644639717107754,-0.42807250939347835,-1.5739990105569672,0.2332727608290527,-0.00549046979669098,-0.6147366093826588,1.7506675394974955,0.3149437930294522,-0.005829406395428478,1.7193204777945283,0.8963441274549668,False,True,False,True,False,False,False,True,False,False,False,False,False,False,False,True,False,False,False,True,False
0.22277356906034518,0,-1.6120498083708845,0.07984273404528544,0.08984534639226345,0.26107101030115826,0.9397294057563366,0.37840702535570064,0.1765837713204426,1.1479561495819623,0.04918802273372667,0.7791504080917716,-0.6576603301225281,-0.6159098130726615,-0.42807250939347835,-0.6492404930893556,-0.9254007325196485,-0.6132518611691794,-1.3851458906422571,0.3418217332312617,-0.2639949101082846,-0.2985951498102796,-0.3272620251076344,-0.27122805009444234,False,False,False,True,False,False,False,False,True,False,False,False,False,False,False,True,False,False,True,False,True
-0.11791924257028744,0,0.1977921720670782,-0.7813700290886334,1.064487664055538,1.1782012951933094,1.2853016790958356,0.37840702535570064,1.3561285689092124,1.1479561495819623,0.6991555138436705,-1.056582102291248,1.3526809855811424,-0.6159098130726615,-0.42807250939347835,-0.6492404930893556,0.2332727608290527,0.2983902258895533,-0.6147366093826588,0.3418217332312617,0.70090292845461,1.4579993106788274,-0.6683591089246615,1.188237171842319,False,True,False,True,True,False,False,False,False,False,False,False,False,False,False,True,False,False,False,True,False
0.3363378396038894,0,0.24985611944954011,-0.9044004238220503,2.0391299817188124,-1.573189559483144,-1.2324391695205146,1.7765539637271726,1.3561285689092124,0.24030102489791522,0.7163312889912212,-1.6530163220626701,-1.0597285932632623,0.7554755835226237,-0.42807250939347835,1.2002765418458676,-0.9254007325196485,-0.1574308176398131,0.1556726718769394,0.3418217332312617,0.3149437930294522,0.872467823849125,-0.6683591089246615,0.8963441274549668,False,True,False,True,True,False,False,False,False,False,False,False,False,False,False,True,False,False,True,True,False
0.4499021101474336,1,1.677895819082782,1.802268260313123,0.08984534639226345,-0.6560592745909929,1.6802414200552631,1.7765539637271726,2.535673366497982,-0.6673540997861319,2.3175956597646294,0.3824627379333564,0.5485444592996741,0.20692142488450962,-0.42807250939347835,1.2002765418458676,-0.9254007325196485,1.8177937043207744,-0.6147366093826588,-1.0670240730349723,-1.0359131809586002,-1.1768923800548332,-0.6683591089246615,-1.1469071832564992,False,False,False,True,True,False,False,False,False,False,False,False,False,False,False,True,False,False,True,False,True
1.244852003952243,0,1.4299722601186775,0.8180251024457873,1.064487664055538,0.26107101030115826,-0.09698741426216059,1.7765539637271726,0.1765837713204426,0.24030102489791522,-0.13130828100983216,-1.0640164893203838,-0.6576603301225281,1.0297526628416807,-0.42807250939347835,0.27551802437825607,-0.9254007325196485,1.5139130086345303,0.1556726718769394,1.7506675394974955,2.43771903786782,1.7507650540936786,0.013835058709392709,0.8963441274549668,True,False,True,False,False,False,True,False,False,False,False,False,True,False,False,False,False,False,False,True,True
-0.004354972026743229,0,1.0580869216725208,-0.1662180554215485,1.064487664055538,-1.573189559483144,0.8903619381364082,0.37840702535570064,0.1765837713204426,1.1479561495819623,-0.1276923283471899,1.6282135154004305,0.5485444592996741,-0.6159098130726615,-0.42807250939347835,1.2002765418458676,1.3919462541777539,0.2983902258895533,0.1556726718769394,0.3418217332312617,0.12196422531687327,0.872467823849125,-0.6683591089246615,0.8963441274549668,False,False,False,True,False,False,False,False,True,False,False,False,False,False,False,True,False,False,False,True,False
-0.5721763247444642,1,-1.1583496954665733,-0.043187660688131534,-0.8847969712710111,0.26107101030115826,-0.9856018314208724,-1.0197399130157712,-1.0029610262683273,-1.575009224470179,-0.9587587819777996,-0.564229300927727,-1.0597285932632623,1.8525839007988518,2.3360528369758367,-1.5739990105569672,-0.9254007325196485,-0.9171325568554237,-2.1555551719018555,0.3418217332312617,-0.6499540455334424,-0.5913608932251309,-0.3272620251076344,-0.5631210944817947,False,False,True,False,False,False,True,False,False,False,False,False,False,False,True,False,False,False,True,True,True
-0.7993048658315527,1,0.25729382621846325,0.07984273404528544,0.08984534639226345,1.1782012951933094,1.2853016790958356,-1.0197399130157712,-1.0029610262683273,-1.575009224470179,-0.9337484427278574,-0.4019352293671591,1.3526809855811424,1.3040297421607379,2.3360528369758367,0.27551802437825607,-0.9254007325196485,-1.0690729046985459,1.696491234396136,0.3418217332312617,-1.2288927486711791,-1.1768923800548332,-0.6683591089246615,-1.1469071832564992,False,True,True,False,True,False,False,False,False,False,False,False,False,False,True,False,False,False,True,False,True
-0.3450477836573759,0,-0.8459660111718017,0.44893391824553636,-1.8594392889342857,-0.6560592745909929,-0.6400295580813734,0.37840702535570064,-1.0029610262683273,1.1479561495819623,-0.6179552435237678,0.4063088850079429,0.14647619615894003,0.7554755835226237,-0.42807250939347835,-1.5739990105569672,-0.9254007325196485,-0.7651922090123016,0.9260819531365376,0.3418217332312617,-0.6499540455334424,-0.5913608932251309,-0.6683591089246615,-0.5631210944817947,False,True,True,False,True,False,False,False,False,False,False,False,False,False,True,False,False,False,True,False,False
1.0177234628651546,0,0.4258818463140543,-1.0274308185554673,1.064487664055538,1.1782012951933094,1.2359342114759073,0.37840702535570064,-1.0029610262683273,1.1479561495819623,-0.9741265807940291,-0.4684238982692414,0.14647619615894003,-0.3416327337536044,-0.42807250939347835,1.2002765418458676,1.3919462541777539,-0.3093711654829352,-0.6147366093826588,0.3418217332312617,-0.2639949101082846,-0.2985951498102796,-0.6683591089246615,-0.5631210944817947,False,True,True,False,False,False,True,False,False,False,True,False,False,False,False,False,False,False,False,False,False
-0.3450477836573759,0,0.06143421463682072,-1.0274308185554673,1.064487664055538,0.26107101030115826,0.8903619381364082,1.7765539637271726,0.1765837713204426,-0.6673540997861319,-0.004448608428799993,0.8159015288773107,-0.6576603301225281,-0.6159098130726615,-0.42807250939347835,-1.5739990105569672,0.2332727608290527,-0.6132518611691794,-0.6147366093826588,0.3418217332312617,-0.07101534239570564,0.28693633701942267,-0.3272620251076344,-0.5631210944817947,True,False,True,False,False,False,False,True,False,False,False,False,False,False,False,False,False,True,False,False,True
-1.0264334069186412,0,0.8225595406566215,0.8180251024457873,1.064487664055538,0.26107101030115826,-1.4299090400002283,0.37840702535570064,-1.0029610262683273,-0.6673540997861319,-0.8111073815865746,-0.3167904571655473,2.5588857750033447,-0.3416327337536044,-0.42807250939347835,-0.6492404930893556,0.2332727608290527,-0.9171325568554237,-0.6147366093826588,0.3418217332312617,-0.8429336132460213,-0.5913608932251309,0.013835058709392709,-0.5631210944817947,False,True,True,False,False,False,False,False,True,False,True,False,False,False,False,False,False,True,False,False,False
1.0177234628651546,0,-1.3740431917653442,1.679237865579706,-0.8847969712710111,1.1782012951933094,-1.1830717019005863,0.37840702535570064,0.1765837713204426,-1.575009224470179,-0.5634146241955806,-0.04284030871456257,-0.6576603301225281,-0.0673556544345474,-0.42807250939347835,0.27551802437825607,0.2332727608290527,-0.1574308176398131,-0.6147366093826588,0.3418217332312617,0.5079233607420311,1.1652335672639762,-0.6683591089246615,1.188237171842319,False,False,True,False,True,False,False,False,False,False,True,False,False,False,False,False,False,True,False,True,True
1.244852003952243,0,0.37877637011087445,-0.6583396343552164,-0.8847969712710111,1.1782012951933094,0.8409944705164797,0.37840702535570064,0.1765837713204426,1.1479561495819623,-0.40371004826221474,-0.8098446157959679,-0.6576603301225281,0.48119850420356663,-0.42807250939347835,0.27551802437825607,-0.9254007325196485,-0.1574308176398131,-2.1555551719018555,0.3418217332312617,0.5079233607420311,-1.1768923800548332,-0.6683591089246615,0.8963441274549668,False,True,False,True,True,False,False,False,False,False,False,False,False,False,False,True,False,False,True,False,True
-0.6857405952880085,1,-1.6467591066258591,1.556207470846289,0.08984534639226345,-1.573189559483144,-0.8868668961810157,0.37840702535570064,-1.0029610262683273,0.24030102489791522,-1.015710036414415,-0.39351894216436384,0.5485444592996741,-1.1644639717107754,-0.42807250939347835,-0.6492404930893556,-0.9254007325196485,-0.46131151332605735,-0.6147366093826588,0.3418217332312617,-0.2639949101082846,-0.5913608932251309,-0.6683591089246615,-0.8550141388691469,False,True,True,False,True,False,False,False,False,False,False,False,False,False,True,False,False,True,False,False,True
1.5855448155828757,0,0.33910860067661774,1.802268260313123,0.08984534639226345,1.1782012951933094,1.433404081955621,0.37840702535570064,2.535673366497982,0.24030102489791522,2.552331253447822,-1.4284417252014174,0.14647619615894003,0.7554755835226237,-0.42807250939347835,1.2002765418458676,0.2332727608290527,1.8177937043207744,-0.6147366093826588,0.3418217332312617,1.086862063879768,2.04353079750853,-0.3272620251076344,0.3125580386802622,False,True,True,False,True,False,False,False,False,False,False,False,True,False,False,False,False,True,False,True,True
0.22277356906034518,0,1.45972308719437,0.07984273404528544,-1.8594392889342857,0.26107101030115826,0.0017475209776962777,0.37840702535570064,-1.0029610262683273,0.24030102489791522,-0.8493762139328717,-0.31103932757697056,-1.0597285932632623,0.48119850420356663,-0.42807250939347835,-0.6492404930893556,0.2332727608290527,-1.0690729046985459,-2.1555551719018555,-1.0670240730349723,-0.8429336132460213,-0.884126636639982,-0.6683591089246615,-0.5631210944817947,True,False,True,False,False,False,True,False,False,False,False,False,False,False,True,False,False,True,False,True,False
1.1312877334086988,0,-0.585646274259492,-0.2892484501549655,-0.8847969712710111,1.1782012951933094,0.4460547295570522,0.37840702535570064,1.3561285689092124,0.24030102489791522,1.6097729260524096,1.383580100705849,1.3526809855811424,-0.6159098130726615,-0.42807250939347835,-0.6492404930893556,0.2332727608290527,0.4503305737326754,0.1556726718769394,0.3418217332312617,0.3149437930294522,0.872467823849125,-0.6683591089246615,0.8963441274549668,False,True,True,False,False,False,True,False,False,False,False,False,True,False,False,False,False,False,False,True,False
-1.3671262185492736,0,1.0010645031107768,0.9410554971792042,-1.8594392889342857,1.1782012951933094,-1.2324391695205146,-1.0197399130157712,0.1765837713204426,0.24030102489791522,-0.33922555911176133,1.3708153984482763,-0.6576603301225281,-0.0673556544345474,-0.42807250939347835,-0.6492404930893556,1.3919462541777539,-0.7651922090123016,2.466900515655734,0.3418217332312617,-0.4569744778208635,-0.5913608932251309,0.3549321425264198,-0.5631210944817947,False,True,True,False,False,False,True,False,False,False,False,False,True,False,False,False,False,False,False,False,False
-0.11791924257028744,1,-0.44680908123959345,0.5719643129789533,1.064487664055538,0.26107101030115826,-1.3311741047603716,-1.0197399130157712,-1.0029610262683273,-0.6673540997861319,-0.5302683914546934,-0.5990166213659474,-0.6576603301225281,2.401138059436966,2.3360528369758367,1.2002765418458676,0.2332727608290527,-0.7651922090123016,-0.6147366093826588,-2.475869879301206,-0.4569744778208635,-0.5913608932251309,-0.6683591089246615,-0.5631210944817947,False,True,True,False,False,False,False,True,False,False,True,False,False,False,False,False,False,False,False,True,True
-0.5721763247444642,0,0.1258943399674879,-1.0274308185554673,-1.8594392889342857,0.26107101030115826,1.4827715495755494,0.37840702535570064,0.1765837713204426,-1.575009224470179,-0.40822998909051755,-0.4305506058566628,-0.6576603301225281,-0.8901868923917186,-0.42807250939347835,0.27551802437825607,0.2332727608290527,-0.9171325568554237,-1.3851458906422571,0.3418217332312617,-0.4569744778208635,-0.2985951498102796,-0.6683591089246615,-0.27122805009444234,True,False,True,False,True,False,False,False,False,False,False,False,True,False,False,False,False,True,False,False,False
-2.048511841810539,0,-1.2773530037693435,-0.5353092396217994,-0.8847969712710111,-0.6560592745909929,0.34731979431719534,0.37840702535570064,-1.0029610262683273,1.1479561495819623,-1.3414471054407708,-0.11942852225999917,-0.6576603301225281,-0.0673556544345474,-0.42807250939347835,1.2002765418458676,-0.9254007325196485,-1.5248939482279122,-0.6147366093826588,0.3418217332312617,-1.2288927486711791,-1.1768923800548332,-0.6683591089246615,-1.1469071832564992,False,False,True,False,True,False,False,False,False,False,False,False,False,False,True,False,False,False,True,True,False
2.0398018977570525,0,1.5836848666764223,0.9410554971792042,0.08984534639226345,0.26107101030115826,-0.4919271552215881,0.37840702535570064,1.3561285689092124,0.24030102489791522,1.5778320108657364,-0.05630636823903494,2.1568175118626107,-1.1644639717107754,-0.42807250939347835,0.27551802437825607,0.2332727608290527,1.8177937043207744,-0.6147366093826588,0.3418217332312617,0.70090292845461,0.872467823849125,-0.6683591089246615,1.188237171842319,False,True,True,False,False,False,False,False,True,False,False,False,True,False,False,False,False,True,False,False,False
-0.11791924257028744,0,-0.5434992692355942,1.92529865504654,1.064487664055538,0.26107101030115826,-0.44255968760165965,0.37840702535570064,1.3561285689092124,0.24030102489791522,1.4720653954834508,-1.033717855390321,-0.6576603301225281,-1.1644639717107754,-0.42807250939347835,0.27551802437825607,0.2332727608290527,0.9061516172620417,0.1556726718769394,-1.0670240730349723,1.8587803347300833,1.7507650540936786,2.74261172924561,-0.8550141388691469,False,True,True,False,False,False,True,False,False,False,False,False,False,False,False,False,False,False,False,False,True
-0.6857405952880085,0,-1.6095705727812435,-0.1662180554215485,-0.8847969712710111,-0.6560592745909929,0.34731979431719534,1.7765539637271726,1.3561285689092124,-1.575009224470179,1.78183200691647,0.4850011703540783,-1.0597285932632623,-0.8901868923917186,-0.42807250939347835,0.27551802437825607,2.550619747526455,-0.1574308176398131,0.9260819531365376,-1.0670240730349723,0.3149437930294522,0.872467823849125,-0.3272620251076344,0.8963441274549668,False,True,True,False,True,False,False,False,False,False,False,False,False,True,False,False,False,True,False,False,True
-1.8213833007234506,1,0.7308278238399029,0.2028731287787024,0.08984534639226345,1.1782012951933094,1.5815064848154063,-1.0197399130157712,-1.0029610262683273,-1.575009224470179,-0.8746878825713674,0.5513495678027807,-0.6576603301225281,-0.0673556544345474,-0.42807250939347835,-1.5739990105569672,-0.9254007325196485,-1.37295360038479,-0.6147366093826588,0.3418217332312617,-1.0359131809586002,-1.1768923800548332,-0.6683591089246615,-1.1469071832564992,False,True,True,False,False,False,True,False,False,False,False,False,False,False,True,False,False,False,True,False,True
-0.6857405952880085,1,-1.7186569387254496,-0.5353092396217994,0.08984534639226345,-0.6560592745909929,-0.2944572847418743,0.37840702535570064,-1.0029610262683273,-0.6673540997861319,-0.928324513733894,1.5963718954831885,-1.0597285932632623,0.48119850420356663,-0.42807250939347835,-1.5739990105569672,-0.9254007325196485,-0.9171325568554237,0.1556726718769394,0.3418217332312617,-0.6499540455334424,-0.5913608932251309,-0.3272620251076344,-0.5631210944817947,True,False,True,False,False,False,True,False,False,False,True,False,False,False,False,False,False,False,True,False,False
-1.1399976774621854,0,0.6539715205610305,-0.9044004238220503,-0.8847969712710111,1.1782012951933094,-1.6767463780998706,1.7765539637271726,0.1765837713204426,1.1479561495819623,-0.009269878645656322,-1.5444462171466116,-0.6576603301225281,-0.8901868923917186,-0.42807250939347835,-0.6492404930893556,-0.9254007325196485,-0.3093711654829352,-0.6147366093826588,0.3418217332312617,0.3149437930294522,0.872467823849125,-0.3272620251076344,-0.27122805009444234,False,True,True,False,False,False,True,False,False,False,False,False,True,False,False,False,False,True,False,True,False
-1.594254759636362,0,-1.4508994950442167,-0.1662180554215485,-1.8594392889342857,-0.6560592745909929,1.3840366143356926,-2.417886851387243,-1.0029610262683273,-1.575009224470179,-0.9195859614658419,-1.0469033720080336,-0.6576603301225281,-0.0673556544345474,-0.42807250939347835,-1.5739990105569672,0.2332727608290527,-0.9171325568554237,0.1556726718769394,-1.0670240730349723,-0.4569744778208635,-0.2985951498102796,-0.3272620251076344,-0.8550141388691469,False,True,True,False,True,False,False,False,False,False,True,False,False,False,False,False,False,True,False,True,False
1.3584162744957873,0,-1.302145359665754,-0.41227884488838246,0.08984534639226345,-1.573189559483144,1.5321390171954778,-1.0197399130157712,0.1765837713204426,0.24030102489791522,-0.38050768534359364,-0.17189004582408943,-0.25559206698179404,-0.6159098130726615,-0.42807250939347835,1.2002765418458676,-0.9254007325196485,1.361972660791408,-2.1555551719018555,0.3418217332312617,-0.8429336132460213,-0.5913608932251309,0.013835058709392709,-0.5631210944817947,False,True,True,False,True,False,False,False,False,False,False,False,False,False,False,False,False,False,True,True,False
1.3584162744957873,0,1.3704706059672924,-0.6583396343552164,1.064487664055538,0.26107101030115826,0.5941571324168375,-1.0197399130157712,1.3561285689092124,0.24030102489791522,1.6561776518896518,1.1082272377210651,1.7547492487218765,-0.3416327337536044,-0.42807250939347835,-0.6492404930893556,-0.9254007325196485,2.577495443536385,0.1556726718769394,0.3418217332312617,1.6658007670175043,2.04353079750853,0.696029226343447,1.188237171842319,False,True,True,False,True,False,False,False,False,False,False,False,False,False,False,False,False,False,True,True,False
0.5634663806909778,0,-0.6277932792833898,-0.2892484501549655,-0.8847969712710111,1.1782012951933094,-1.1830717019005863,0.37840702535570064,0.1765837713204426,0.24030102489791522,-0.15059336187725747,1.2661728942268555,1.3526809855811424,-0.3416327337536044,-0.42807250939347835,-0.6492404930893556,-0.9254007325196485,-0.3093711654829352,2.466900515655734,0.3418217332312617,-0.8429336132460213,-0.5913608932251309,0.013835058709392709,-0.8550141388691469,False,True,True,False,False,False,True,False,False,False,False,False,True,False,False,False,False,False,True,False,False
0.3363378396038894,0,-0.8335698332235965,-1.0274308185554673,-1.8594392889342857,1.1782012951933094,-0.04761994664223216,-1.0197399130157712,2.535673366497982,1.1479561495819623,2.181394776138438,-1.0217947818530277,-0.6576603301225281,0.20692142488450962,-0.42807250939347835,0.27551802437825607,0.2332727608290527,1.6658533564776523,0.1556726718769394,0.3418217332312617,2.823678173292978,0.5797020804342738,3.083708813062637,1.188237171842319,False,True,True,False,True,False,False,False,False,False,False,False,True,False,False,False,False,True,False,False,False
-1.0264334069186412,0,0.626699929074979,-0.9044004238220503,1.064487664055538,-1.573189559483144,-0.936234363800944,0.37840702535570064,0.1765837713204426,1.1479561495819623,-0.38442496739478943,-1.3587268128715968,-1.0597285932632623,0.7554755835226237,-0.42807250939347835,-0.6492404930893556,0.2332727608290527,-0.9171325568554237,-0.6147366093826588,0.3418217332312617,-0.6499540455334424,-0.5913608932251309,0.013835058709392709,-0.5631210944817947,False,True,True,False,True,False,False,False,False,False,False,False,True,False,False,False,False,True,False,False,False
-0.11791924257028744,0,-0.0005466751042054,0.07984273404528544,0.08984534639226345,-0.6560592745909929,-1.0349692990408008,0.37840702535570064,-1.0029610262683273,1.1479561495819623,-0.4778370778463808,-0.673781306017445,-0.6576603301225281,1.3040297421607379,2.3360528369758367,-1.5739990105569672,0.2332727608290527,-1.0690729046985459,0.9260819531365376,-1.0670240730349723,-0.6499540455334424,-0.5913608932251309,-0.3272620251076344,-0.5631210944817947,False,True,True,False,False,False,False,True,False,False,True,False,False,False,False,False,False,False,False,True,False
1.5855448155828757,0,0.00441179607507669,-0.043187660688131534,0.08984534639226345,-1.573189559483144,-0.09698741426216059,0.37840702535570064,-1.0029610262683273,1.1479561495819623,-0.9409803480531419,0.8164626146908305,0.5485444592996741,0.7554755835226237,-0.42807250939347835,-0.6492404930893556,-0.9254007325196485,-0.3093711654829352,1.696491234396136,0.3418217332312617,-1.0359131809586002,-1.1768923800548332,-0.6683591089246615,-1.1469071832564992,False,True,True,False,True,False,False,False,False,False,True,False,False,False,False,False,False,True,False,True,False
2.6076232504747736,0,-0.2162401714029763,-0.9044004238220503,0.08984534639226345,0.26107101030115826,0.14984992383748158,-1.0197399130157712,2.535673366497982,1.1479561495819623,2.4779028944751023,1.049874313115018,0.14647619615894003,-0.6159098130726615,-0.42807250939347835,-1.5739990105569672,-0.9254007325196485,3.0333164870657514,0.9260819531365376,0.3418217332312617,-0.2639949101082846,-0.2985951498102796,0.696029226343447,-0.27122805009444234,False,True,True,False,True,False,False,False,False,False,False,False,True,False,False,False,False,False,True,False,True
0.10920929851680099,1,0.8399141897841088,0.2028731287787024,-0.8847969712710111,-1.573189559483144,-0.2450898171219459,-2.417886851387243,0.1765837713204426,-0.6673540997861319,-0.21869380369035313,0.0052727997947501605,0.9506127224404082,-0.0673556544345474,-0.42807250939347835,-1.5739990105569672,-0.9254007325196485,0.7542112694189196,-0.6147366093826588,-2.475869879301206,-1.0359131809586002,-1.1768923800548332,-0.6683591089246615,-1.1469071832564992,False,True,True,False,False,False,True,False,False,False,False,False,False,False,False,False,False,True,False,False,False
2.1533661683005967,0,-1.6541968133947822,1.0640858919126213,1.064487664055538,0.26107101030115826,-0.19572234950201747,0.37840702535570064,0.1765837713204426,-0.6673540997861319,0.26584385310370795,-0.18970452040333935,0.14647619615894003,-0.3416327337536044,-0.42807250939347835,1.2002765418458676,1.3919462541777539,1.058091965105164,0.1556726718769394,0.3418217332312617,0.3149437930294522,0.872467823849125,1.3782233939775013,0.8963441274549668,True,False,True,False,False,False,True,False,False,False,False,False,False,False,False,False,False,True,False,True,True
0.22277356906034518,0,0.5771152172821581,-0.7813700290886334,1.064487664055538,-0.6560592745909929,-1.1830717019005863,0.37840702535570064,0.1765837713204426,1.1479561495819623,0.40927664205518377,-1.3134191334298826,2.1568175118626107,-0.8901868923917186,-0.42807250939347835,0.27551802437825607,-0.9254007325196485,1.361972660791408,-1.3851458906422571,0.3418217332312617,-1.0359131809586002,-1.1768923800548332,-0.6683591089246615,-1.1469071832564992,False,True,False,True,True,False,False,False,False,False,False,False,False,False,False,True,False,False,True,True,True
-1.1399976774621854,1,-1.3318961867414465,2.417420233980208,-0.8847969712710111,-0.6560592745909929,0.6435246000367659,-2.417886851387243,0.1765837713204426,-1.575009224470179,-0.16083856108807718,1.0476299698609395,2.1568175118626107,0.7554755835226237,-0.42807250939347835,1.2002765418458676,-0.9254007325196485,-0.46131151332605735,2.466900515655734,0.3418217332312617,-0.8429336132460213,-0.5913608932251309,0.013835058709392709,-0.5631210944817947,False,False,False,True,False,False,True,False,False,False,False,False,False,False,False,True,False,False,True,True,False
0.9041591923216105,0,1.6010395158039095,2.294389839246791,0.08984534639226345,1.1782012951933094,-0.6400295580813734,1.7765539637271726,2.535673366497982,1.1479561495819623,2.355563162722373,-0.3657451943951396,0.14647619615894003,0.7554755835226237,-0.42807250939347835,0.27551802437825607,0.2332727608290527,1.9697340521638966,-0.6147366093826588,0.3418217332312617,1.086862063879768,2.04353079750853,3.083708813062637,2.063916305004376,False,True,False,True,False,False,True,False,False,False,False,False,False,False,False,True,False,True,False,False,True
1.5855448155828757,0,-1.629404457498372,-1.0274308185554673,0.08984534639226345,1.1782012951933094,1.433404081955621,0.37840702535570064,0.1765837713204426,0.24030102489791522,0.25439333633867417,1.4834533755123525,-1.0597285932632623,-0.8901868923917186,-0.42807250939347835,-1.5739990105569672,0.2332727608290527,1.361972660791408,0.1556726718769394,0.3418217332312617,2.244739470155241,0.872467823849125,-0.6683591089246615,2.6477023937790807,False,False,False,True,True,False,False,False,False,False,False,False,False,False,False,True,False,True,False,False,False
-0.004354972026743229,1,0.20522987883600133,0.8180251024457873,1.064487664055538,0.26107101030115826,-1.1337042342806578,1.7765539637271726,-1.0029610262683273,-1.575009224470179,-0.8315977800082139,-0.8522065947167039,-0.6576603301225281,0.20692142488450962,-0.42807250939347835,0.27551802437825607,-0.9254007325196485,1.210032312948286,-1.3851458906422571,0.3418217332312617,2.051759902442662,2.629062284338232,4.448097148330746,2.9395954381664327,False,True,True,False,True,False,False,False,False,False,True,False,False,False,False,False,False,False,True,False,False
0.3363378396038894,0,0.353984014214464,1.556207470846289,0.08984534639226345,1.1782012951933094,0.7916270028965513,0.37840702535570064,1.3561285689092124,-1.575009224470179,1.620319454651783,-1.2991114451851307,-0.6576603301225281,-0.6159098130726615,-0.42807250939347835,0.27551802437825607,-0.9254007325196485,1.6658533564776523,-0.6147366093826588,0.3418217332312617,2.823678173292978,0.5797020804342738,0.013835058709392709,1.188237171842319,True,False,True,False,False,False,True,False,False,False,False,False,True,False,False,False,False,False,True,False,True
-0.3450477836573759,0,0.5845529240510812,-0.1662180554215485,-1.8594392889342857,-0.6560592745909929,1.0878318086161218,-1.0197399130157712,-1.0029610262683273,1.1479561495819623,-0.9524308648181757,0.9948879033900894,-1.0597285932632623,1.0297526628416807,-0.42807250939347835,1.2002765418458676,-0.9254007325196485,-1.0690729046985459,-0.6147366093826588,-1.0670240730349723,-0.8429336132460213,-0.5913608932251309,0.013835058709392709,-0.5631210944817947,False,False,False,True,True,False,False,False,False,False,False,False,False,False,False,False,True,False,True,False,False
-0.45861205420092005,0,0.7605786509155954,2.417420233980208,1.064487664055538,1.1782012951933094,0.14984992383748158,0.37840702535570064,-1.0029610262683273,0.24030102489791522,-0.4452935038826006,-0.4501886093298517,2.5588857750033447,-0.8901868923917186,-0.42807250939347835,-0.6492404930893556,-0.9254007325196485,-0.00549046979669098,-0.6147366093826588,0.3418217332312617,0.3149437930294522,0.872467823849125,1.7193204777945283,0.8963441274549668,False,False,True,False,False,False,True,False,False,False,True,False,False,False,False,False,False,False,True,False,False
-0.23148351311383164,0,-1.4533787306338577,-1.0274308185554673,1.064487664055538,-0.6560592745909929,0.4460547295570522,1.7765539637271726,0.1765837713204426,1.1479561495819623,1.2722840108724667,-0.2898583381166026,-1.0597285932632623,-1.1644639717107754,-0.42807250939347835,1.2002765418458676,0.2332727608290527,0.9061516172620417,-0.6147366093826588,-1.0670240730349723,1.6658007670175043,-0.884126636639982,-0.6683591089246615,1.4801302162296714,False,True,False,True,False,True,False,False,False,False,False,False,False,False,False,True,False,False,False,True,False
2.6076232504747736,0,0.7109939391227744,-1.0274308185554673,-0.8847969712710111,-0.6560592745909929,0.0017475209776962777,0.37840702535570064,1.3561285689092124,1.1479561495819623,1.9288807485305879,-0.463794940307704,0.14647619615894003,-0.3416327337536044,-0.42807250939347835,0.27551802437825607,0.2332727608290527,0.6022709215757975,-1.3851458906422571,-2.475869879301206,-0.07101534239570564,-0.005829406395428478,-0.6683591089246615,0.020664994292909928,False,True,False,True,False,False,False,False,True,False,False,True,False,False,False,False,False,True,False,True,True
1.0177234628651546,0,-0.03525597335918003,1.802268260313123,1.064487664055538,-0.6560592745909929,-1.4792765076201568,0.37840702535570064,-1.0029610262683273,-0.6673540997861319,-1.0021502139295067,-0.8453332935010878,-0.6576603301225281,0.20692142488450962,-0.42807250939347835,-1.5739990105569672,-0.9254007325196485,-0.6132518611691794,0.1556726718769394,0.3418217332312617,-0.07101534239570564,-0.2985951498102796,-0.6683591089246615,0.020664994292909928,False,True,False,False,False,False,True,False,False,True,False,False,False,False,False,False,False,False,True,True,False
1.9262376272135084,0,-1.6814684048808337,-0.9044004238220503,0.08984534639226345,0.26107101030115826,-1.3805415723803,-1.0197399130157712,1.3561285689092124,-0.6673540997861319,0.6093593560547214,1.2894579554879224,-0.25559206698179404,-0.8901868923917186,-0.42807250939347835,-1.5739990105569672,0.2332727608290527,3.0333164870657514,-0.6147366093826588,0.3418217332312617,1.6658007670175043,0.872467823849125,1.3782233939775013,2.3558093493917283,True,False,False,True,False,True,False,False,False,False,False,False,False,False,False,True,False,True,False,False,False
-0.004354972026743229,1,-0.35259812883323377,0.6949947077123703,0.08984534639226345,-1.573189559483144,0.7422595352766228,0.37840702535570064,0.1765837713204426,0.24030102489791522,-0.20151802854280243,-0.9098581620558512,1.7547492487218765,-0.3416327337536044,-0.42807250939347835,-0.6492404930893556,0.2332727608290527,-0.1574308176398131,0.1556726718769394,-1.0670240730349723,-1.0359131809586002,-1.1768923800548332,-0.6683591089246615,-1.1469071832564992,False,True,True,False,False,False,False,True,False,False,True,False,False,False,False,False,False,False,False,True,False
-1.1399976774621854,1,-1.140995046339086,-0.9044004238220503,0.08984534639226345,-1.573189559483144,-0.44255968760165965,0.37840702535570064,-1.0029610262683273,-1.575009224470179,-1.042829681384232,0.14049448085299354,1.3526809855811424,-0.3416327337536044,-0.42807250939347835,-0.6492404930893556,0.2332727608290527,-0.6132518611691794,-0.6147366093826588,0.3418217332312617,-0.6499540455334424,-0.5913608932251309,-0.3272620251076344,-0.5631210944817947,True,False,True,False,True,False,False,False,False,False,False,False,False,False,True,False,False,True,False,True,True
-0.23148351311383164,0,1.3159274229951894,0.07984273404528544,1.064487664055538,0.26107101030115826,1.0384643409961936,0.37840702535570064,-1.0029610262683273,0.24030102489791522,-0.9891930502217052,0.57028621400907,-0.6576603301225281,1.0297526628416807,-0.42807250939347835,1.2002765418458676,0.2332727608290527,-1.37295360038479,-0.6147366093826588,0.3418217332312617,-1.0359131809586002,-0.884126636639982,-0.6683591089246615,-1.1469071832564992,False,True,False,True,True,False,False,False,False,False,False,False,False,False,False,False,True,True,False,False,True
-0.9128691363750969,0,0.8473518965530319,0.07984273404528544,-1.8594392889342857,1.1782012951933094,0.3966872619371238,0.37840702535570064,-1.0029610262683273,-0.6673540997861319,-1.3411457760522172,1.2679964231207945,-0.6576603301225281,1.8525839007988518,2.3360528369758367,-0.6492404930893556,-0.9254007325196485,-1.37295360038479,1.696491234396136,0.3418217332312617,-1.0359131809586002,-1.1768923800548332,-0.6683591089246615,-1.1469071832564992,False,True,False,True,False,False,True,False,False,False,False,False,False,False,False,False,True,True,False,True,False
0.22277356906034518,0,0.9514797913179558,-0.7813700290886334,1.064487664055538,0.26107101030115826,-1.0843367666607293,0.37840702535570064,-1.0029610262683273,0.24030102489791522,-0.8080940877010393,-1.5917176969356448,0.14647619615894003,0.20692142488450962,-0.42807250939347835,-1.5739990105569672,0.2332727608290527,-0.3093711654829352,-0.6147366093826588,0.3418217332312617,-0.8429336132460213,-0.5913608932251309,0.013835058709392709,-0.5631210944817947,True,False,True,False,False,False,False,True,False,False,False,False,False,False,True,False,False,True,False,True,False
0.10920929851680099,0,-1.6814684048808337,-0.7813700290886334,0.08984534639226345,1.1782012951933094,-1.5286439752400853,0.37840702535570064,0.1765837713204426,-0.6673540997861319,-0.4205844940212119,-0.06963215631012738,0.14647619615894003,-0.0673556544345474,-0.42807250939347835,-1.5739990105569672,-0.9254007325196485,-0.3093711654829352,0.1556726718769394,-1.0670240730349723,-0.4569744778208635,-0.2985951498102796,-0.6683591089246615,-0.8550141388691469,False,True,True,False,False,False,False,True,False,False,False,False,False,False,False,False,False,False,True,False,False
0.4499021101474336,0,-1.24512294110401,2.048329049779957,0.08984534639226345,0.26107101030115826,0.3966872619371238,0.37840702535570064,0.1765837713204426,-1.575009224470179,0.8718172534848379,1.1042996370264273,-0.6576603301225281,-0.3416327337536044,-0.42807250939347835,-0.6492404930893556,0.2332727608290527,-0.3093711654829352,0.1556726718769394,-1.0670240730349723,0.12196422531687327,0.872467823849125,1.7193204777945283,0.3125580386802622,False,True,False,True,False,True,False,False,False,False,False,False,False,False,False,True,False,True,False,True,False
-1.1399976774621854,0,0.29448236006307893,-1.0274308185554673,-1.8594392889342857,-1.573189559483144,0.0017475209776962777,-1.0197399130157712,-1.0029610262683273,0.24030102489791522,-1.053376209983605,1.531847026928425,-0.6576603301225281,-0.6159098130726615,-0.42807250939347835,0.27551802437825607,1.3919462541777539,-0.7651922090123016,1.696491234396136,0.3418217332312617,-0.2639949101082846,-0.2985951498102796,-0.3272620251076344,-0.27122805009444234,True,False,True,False,False,False,True,False,False,False,False,False,False,False,True,False,False,False,False,False,False
2.0398018977570525,0,0.6936392899952871,-0.9044004238220503,1.064487664055538,0.26107101030115826,-1.2324391695205146,-1.0197399130157712,1.3561285689092124,0.24030102489791522,1.5618615532723998,-0.8349532059509737,1.3526809855811424,-1.1644639717107754,-0.42807250939347835,-0.6492404930893556,0.2332727608290527,0.4503305737326754,0.9260819531365376,0.3418217332312617,0.5079233607420311,-0.005829406395428478,1.7193204777945283,-1.1469071832564992,False,True,False,True,True,False,False,False,False,False,False,False,False,False,False,True,False,True,False,False,False
2.266930438844141,0,1.0853585131585723,-0.043187660688131534,0.08984534639226345,-1.573189559483144,-0.14635488188208903,0.37840702535570064,-1.0029610262683273,0.24030102489791522,-0.7716332316860633,-0.3072519983357127,-0.25559206698179404,1.0297526628416807,-0.42807250939347835,-0.6492404930893556,0.2332727608290527,1.210032312948286,0.9260819531365376,0.3418217332312617,-0.2639949101082846,-0.005829406395428478,-0.6683591089246615,-0.27122805009444234,True,False,True,False,False,False,True,False,False,False,False,False,False,False,True,False,False,True,False,False,False
-0.004354972026743229,0,-0.01542208864205167,0.3259035235121194,2.0391299817188124,1.1782012951933094,-0.7387644933212303,-1.0197399130157712,1.3561285689092124,1.1479561495819623,1.0110314309965642,0.18580216029470786,-1.0597285932632623,-1.1644639717107754,-0.42807250939347835,-0.6492404930893556,-0.9254007325196485,0.7542112694189196,-0.6147366093826588,-1.0670240730349723,1.4728211993049256,1.1652335672639762,1.7193204777945283,1.188237171842319,False,True,True,False,False,False,True,False,False,False,False,False,True,False,False,False,False,False,True,False,False
0.7905949217780662,0,-0.9600108482952897,1.92529865504654,0.08984534639226345,0.26107101030115826,0.6435246000367659,-1.0197399130157712,1.3561285689092124,1.1479561495819623,1.5956104447903943,-1.2731612263098453,0.9506127224404082,-0.6159098130726615,-0.42807250939347835,0.27551802437825607,0.2332727608290527,1.210032312948286,1.696491234396136,0.3418217332312617,-1.0359131809586002,-1.1768923800548332,-0.6683591089246615,-1.1469071832564992,False,True,False,True,False,False,True,False,False,False,False,False,False,False,False,True,False,False,False,True,False
-1.8213833007234506,1,-0.08236144956235988,-0.043187660688131534,0.08984534639226345,1.1782012951933094,-0.590662090461445,0.37840702535570064,-1.0029610262683273,1.1479561495819623,-0.9581561232006925,0.40125911268626574,-0.6576603301225281,-0.3416327337536044,-0.42807250939347835,-0.6492404930893556,-0.9254007325196485,-1.221013252541668,0.1556726718769394,0.3418217332312617,-0.8429336132460213,-0.5913608932251309,-0.6683591089246615,-0.5631210944817947,True,False,False,True,False,True,False,False,False,False,False,False,False,False,False,False,True,False,True,False,True
-1.7078190301799063,1,1.3184066585848304,0.07984273404528544,0.08984534639226345,0.26107101030115826,-1.4792765076201568,-1.0197399130157712,-1.0029610262683273,-1.575009224470179,-1.2314618786187357,0.40869349971540153,-0.6576603301225281,-0.6159098130726615,-0.42807250939347835,-1.5739990105569672,-0.9254007325196485,-1.37295360038479,2.466900515655734,-1.0670240730349723,-1.0359131809586002,-1.1768923800548332,-0.3272620251076344,-1.1469071832564992,False,True,True,False,True,False,False,False,False,False,True,False,False,False,False,False,False,False,True,False,False
1.1312877334086988,0,0.4977796784136446,-0.1662180554215485,1.064487664055538,1.1782012951933094,0.3966872619371238,-1.0197399130157712,0.1765837713204426,-1.575009224470179,-0.2675091646360234,0.9376571504110818,2.1568175118626107,2.126860980117909,2.3360528369758367,-1.5739990105569672,2.550619747526455,1.361972660791408,-0.6147366093826588,0.3418217332312617,1.8587803347300833,2.629062284338232,-0.3272620251076344,0.8963441274549668,False,True,True,False,True,False,False,False,False,False,False,False,False,False,True,False,False,False,False,False,True
1.69910908612642,1,1.291135067098779,-0.6583396343552164,1.064487664055538,-1.573189559483144,-1.5780114428600138,0.37840702535570064,-1.0029610262683273,0.24030102489791522,-0.9165726675803068,-0.5628265863939279,2.5588857750033447,-0.8901868923917186,-0.42807250939347835,0.27551802437825607,2.550619747526455,1.210032312948286,-0.6147366093826588,1.7506675394974955,0.70090292845461,-1.1768923800548332,0.013835058709392709,0.8963441274549668,False,True,True,False,True,False,False,False,False,False,False,False,False,False,True,False,False,True,False,True,True
-0.9128691363750969,1,1.397742197453344,1.802268260313123,-0.8847969712710111,-0.6560592745909929,0.2979523266972669,-1.0197399130157712,1.3561285689092124,-1.575009224470179,0.9700506341532855,-0.2790574362063487,-0.6576603301225281,-0.8901868923917186,-0.42807250939347835,-1.5739990105569672,-0.9254007325196485,-0.00549046979669098,-0.6147366093826588,-1.0670240730349723,0.70090292845461,0.872467823849125,-0.3272620251076344,1.4801302162296714,False,False,True,False,False,False,False,False,True,False,False,False,False,False,False,False,False,False,True,True,False
-1.1399976774621854,0,-1.5128803847852428,-1.0274308185554673,-0.8847969712710111,-1.573189559483144,-0.34382475236180277,-1.0197399130157712,-1.0029610262683273,-1.575009224470179,-0.466386561081347,-0.4493469806095722,-0.6576603301225281,0.20692142488450962,-0.42807250939347835,-1.5739990105569672,1.3919462541777539,-0.6132518611691794,-0.6147366093826588,0.3418217332312617,-0.2639949101082846,-0.2985951498102796,-0.3272620251076344,-0.27122805009444234,False,True,True,False,False,False,True,False,False,False,True,False,False,False,False,False,False,True,False,True,False
-0.6857405952880085,0,0.9266874354215454,1.3101466813794551,0.08984534639226345,0.26107101030115826,0.9397294057563366,0.37840702535570064,0.1765837713204426,-1.575009224470179,1.3421924290168834,-0.7362021027715097,-1.0597285932632623,-0.0673556544345474,-0.42807250939347835,0.27551802437825607,0.2332727608290527,-0.46131151332605735,-1.3851458906422571,-1.0670240730349723,-0.07101534239570564,-0.5913608932251309,-0.6683591089246615,-0.5631210944817947,False,True,True,False,False,False,False,True,False,False,False,False,True,False,False,False,False,True,False,True,False
0.5634663806909778,0,-0.7269627028690315,-0.2892484501549655,-0.8847969712710111,-0.6560592745909929,-1.1337042342806578,1.7765539637271726,-1.0029610262683273,0.24030102489791522,-0.6408562770538354,0.6338291823901739,-0.6576603301225281,-0.6159098130726615,-0.42807250939347835,0.27551802437825607,-0.9254007325196485,-0.00549046979669098,0.1556726718769394,0.3418217332312617,0.70090292845461,0.5797020804342738,-0.6683591089246615,1.188237171842319,False,True,True,False,False,False,False,False,True,False,False,False,False,False,True,False,False,True,False,False,False
0.22277356906034518,0,-1.1707458734147786,0.9410554971792042,-1.8594392889342857,0.26107101030115826,-0.04761994664223216,-1.0197399130157712,1.3561285689092124,0.24030102489791522,1.0004849023971911,1.4396886820578172,-1.0597285932632623,0.7554755835226237,-0.42807250939347835,-1.5739990105569672,0.2332727608290527,1.5139130086345303,0.9260819531365376,-1.0670240730349723,2.43771903786782,1.4579993106788274,-0.3272620251076344,1.4801302162296714,False,True,True,False,True,False,False,False,False,False,False,False,False,False,False,False,False,True,False,False,False
0.4499021101474336,0,1.7101258817481155,1.3101466813794551,1.064487664055538,-1.573189559483144,-0.2450898171219459,0.37840702535570064,1.3561285689092124,1.1479561495819623,1.4521776558389183,1.7109736728945835,0.5485444592996741,1.3040297421607379,2.3360528369758367,1.2002765418458676,0.2332727608290527,0.6022709215757975,2.466900515655734,0.3418217332312617,0.893882496167189,1.7507650540936786,3.083708813062637,-0.8550141388691469,False,True,True,False,False,False,False,False,True,False,False,False,False,False,False,False,False,True,False,True,False
-1.0264334069186412,0,1.177090229975291,-0.1662180554215485,2.0391299817188124,-1.573189559483144,1.0384643409961936,-2.417886851387243,-1.0029610262683273,0.24030102489791522,-0.2657011883047023,-1.1888580828285131,-0.6576603301225281,1.0297526628416807,-0.42807250939347835,1.2002765418458676,2.550619747526455,-1.0690729046985459,0.9260819531365376,0.3418217332312617,-0.6499540455334424,-0.5913608932251309,-0.3272620251076344,-0.5631210944817947,False,False,True,False,True,False,False,False,False,False,True,False,False,False,False,False,False,True,False,True,False
2.1533661683005967,0,0.7159524103020566,-0.9044004238220503,-1.8594392889342857,1.1782012951933094,-0.04761994664223216,0.37840702535570064,1.3561285689092124,-0.6673540997861319,1.649247075952921,0.2060012495814164,0.14647619615894003,0.7554755835226237,-0.42807250939347835,-0.6492404930893556,0.2332727608290527,1.9697340521638966,0.9260819531365376,0.3418217332312617,-0.6499540455334424,-0.5913608932251309,-0.3272620251076344,-0.5631210944817947,True,False,True,False,True,False,False,False,False,False,False,False,True,False,False,False,False,True,False,True,False
-0.9128691363750969,0,0.13581128232605208,0.07984273404528544,0.08984534639226345,0.26107101030115826,-0.34382475236180277,0.37840702535570064,0.1765837713204426,0.24030102489791522,-0.5552787307046356,-0.9027043179334753,0.14647619615894003,-0.6159098130726615,-0.42807250939347835,1.2002765418458676,-0.9254007325196485,-0.00549046979669098,0.9260819531365376,1.7506675394974955,0.3149437930294522,0.872467823849125,-0.3272620251076344,0.8963441274549668,False,True,True,False,False,False,False,True,False,False,False,False,False,False,True,False,False,False,True,False,False
0.9041591923216105,1,1.4225345533497544,-1.0274308185554673,-0.8847969712710111,-0.6560592745909929,1.2359342114759073,-1.0197399130157712,1.3561285689092124,-1.575009224470179,1.5003903580074818,-1.6858398421535714,2.5588857750033447,-0.3416327337536044,-0.42807250939347835,1.2002765418458676,0.2332727608290527,2.1216744000070187,-1.3851458906422571,0.3418217332312617,2.630698605580399,0.5797020804342738,0.3549321425264198,0.6044510830676145,False,True,False,False,False,False,True,False,False,True,False,False,False,False,False,False,False,True,False,True,False
-0.3450477836573759,0,-0.36747354237108004,-0.5353092396217994,0.08984534639226345,1.1782012951933094,-1.5780114428600138,-1.0197399130157712,1.3561285689092124,1.1479561495819623,0.487019624301992,0.963607369286367,0.5485444592996741,-0.0673556544345474,-0.42807250939347835,0.27551802437825607,0.2332727608290527,-0.1574308176398131,-0.6147366093826588,0.3418217332312617,-0.6499540455334424,-0.5913608932251309,-0.3272620251076344,-0.5631210944817947,False,True,True,False,True,False,False,False,False,False,False,False,False,False,False,False,False,False,False,True,False
-0.11791924257028744,1,0.9961060319314946,-0.6583396343552164,0.08984534639226345,1.1782012951933094,0.9890968733762651,0.37840702535570064,1.3561285689092124,-1.575009224470179,1.2291939083093133,-0.562686314940548,-1.0597285932632623,1.8525839007988518,2.3360528369758367,-1.5739990105569672,-0.9254007325196485,-0.1574308176398131,-0.6147366093826588,0.3418217332312617,0.3149437930294522,0.872467823849125,0.696029226343447,0.8963441274549668,False,True,False,True,False,False,False,False,True,False,False,False,False,False,False,True,False,False,True,True,True
-0.3450477836573759,1,0.06143421463682072,2.417420233980208,1.064487664055538,-1.573189559483144,-0.590662090461445,-1.0197399130157712,0.1765837713204426,0.24030102489791522,-0.29975140921125015,-1.5732018650894952,-0.6576603301225281,1.8525839007988518,2.3360528369758367,-0.6492404930893556,-0.9254007325196485,0.6022709215757975,0.9260819531365376,0.3418217332312617,1.2798416315923467,0.872467823849125,0.3549321425264198,1.188237171842319,True,False,True,False,False,False,True,False,False,False,False,False,False,False,True,False,False,False,True,False,False
-0.9128691363750969,0,0.23002223473241176,0.6949947077123703,-0.8847969712710111,-1.573189559483144,-0.7881319609411588,0.37840702535570064,-1.0029610262683273,0.24030102489791522,-0.993110332272901,1.1414715721721063,-0.6576603301225281,0.20692142488450962,-0.42807250939347835,1.2002765418458676,0.2332727608290527,-0.9171325568554237,1.696491234396136,-1.0670240730349723,-0.4569744778208635,-0.5913608932251309,0.013835058709392709,-0.5631210944817947,False,True,True,False,True,False,False,False,False,False,True,False,False,False,False,False,False,False,False,True,False
-0.23148351311383164,0,-0.45672602359815767,-0.7813700290886334,-1.8594392889342857,-1.573189559483144,-1.0349692990408008,0.37840702535570064,0.1765837713204426,1.1479561495819623,0.6789664448105847,1.1111729382420434,-1.0597285932632623,0.48119850420356663,-0.42807250939347835,0.27551802437825607,-0.9254007325196485,-0.46131151332605735,-1.3851458906422571,-1.0670240730349723,-0.07101534239570564,-0.5913608932251309,-0.6683591089246615,0.020664994292909928,True,False,True,False,True,False,False,False,False,False,False,False,False,False,False,False,False,False,True,True,False
0.10920929851680099,0,-1.2228098207972404,0.07984273404528544,1.064487664055538,1.1782012951933094,1.0878318086161218,-1.0197399130157712,0.1765837713204426,1.1479561495819623,0.35895463416674583,1.3856841725065479,-0.25559206698179404,-0.3416327337536044,-0.42807250939347835,0.27551802437825607,2.550619747526455,-0.3093711654829352,1.696491234396136,0.3418217332312617,-1.0359131809586002,-1.1768923800548332,-0.6683591089246615,-1.1469071832564992,False,True,False,True,True,False,False,False,False,False,False,False,False,False,False,True,False,False,False,False,True
-1.2535619480057296,1,1.0332945657761103,-0.6583396343552164,-1.8594392889342857,1.1782012951933094,-1.6767463780998706,0.37840702535570064,-1.0029610262683273,1.1479561495819623,-0.5459375196594765,-1.3661611999007326,-0.6576603301225281,-0.0673556544345474,-0.42807250939347835,-0.6492404930893556,0.2332727608290527,-0.46131151332605735,0.1556726718769394,1.7506675394974955,0.12196422531687327,0.872467823849125,1.037126310160474,0.6044510830676145,False,True,True,False,False,False,False,False,True,False,True,False,False,False,False,False,False,True,False,True,True
-1.1399976774621854,1,1.3084897162262663,1.4331770761128722,0.08984534639226345,-1.573189559483144,-1.4299090400002283,0.37840702535570064,-1.0029610262683273,0.24030102489791522,-0.9418843362188025,0.7053676236139333,-0.6576603301225281,1.3040297421607379,2.3360528369758367,0.27551802437825607,0.2332727608290527,-1.37295360038479,-2.1555551719018555,-1.0670240730349723,-1.0359131809586002,-0.884126636639982,-0.6683591089246615,-1.1469071832564992,False,True,True,False,False,False,True,False,False,False,True,False,False,False,False,False,False,False,False,True,False
-0.3450477836573759,1,0.5324889766686193,1.92529865504654,0.08984534639226345,-1.573189559483144,-0.5412946228415165,-1.0197399130157712,-1.0029610262683273,-0.6673540997861319,-0.9611694170862278,-1.5922787827491645,0.5485444592996741,1.3040297421607379,2.3360528369758367,-0.6492404930893556,-0.9254007325196485,-0.7651922090123016,-2.1555551719018555,0.3418217332312617,-0.8429336132460213,-0.5913608932251309,0.013835058709392709,-0.5631210944817947,False,True,True,False,False,False,True,False,False,False,False,False,False,False,True,False,False,False,True,True,True
-0.9128691363750969,1,0.5126550919514908,-1.0274308185554673,0.08984534639226345,-1.573189559483144,-1.0349692990408008,-1.0197399130157712,-1.0029610262683273,-0.6673540997861319,-0.8758932001255815,-1.0077676365150356,-0.6576603301225281,-0.0673556544345474,-0.42807250939347835,-1.5739990105569672,1.3919462541777539,-1.37295360038479,-0.6147366093826588,0.3418217332312617,-1.0359131809586002,-1.1768923800548332,-0.6683591089246615,-1.1469071832564992,True,False,True,False,False,False,True,False,False,False,True,False,False,False,False,False,False,False,False,True,False
1.5855448155828757,1,0.3886933124694386,-1.0274308185554673,1.064487664055538,1.1782012951933094,0.7422595352766228,0.37840702535570064,0.1765837713204426,0.24030102489791522,-0.23345894372947562,0.4077115995417421,0.14647619615894003,-0.3416327337536044,-0.42807250939347835,1.2002765418458676,-0.9254007325196485,-0.7651922090123016,0.9260819531365376,0.3418217332312617,-1.2288927486711791,-1.1768923800548332,-0.6683591089246615,-1.1469071832564992,True,False,False,True,False,False,False,True,False,False,False,False,False,False,False,True,False,False,True,True,True
-0.3450477836573759,0,0.41596490395549013,-0.2892484501549655,0.08984534639226345,1.1782012951933094,-1.7754813133397276,0.37840702535570064,0.1765837713204426,-0.6673540997861319,-0.3618252632532754,-0.13233349597095184,-1.0597285932632623,0.48119850420356663,-0.42807250939347835,0.27551802437825607,0.2332727608290527,-0.9171325568554237,0.1556726718769394,0.3418217332312617,-0.6499540455334424,-0.5913608932251309,-0.6683591089246615,-0.5631210944817947,True,False,False,True,True,False,False,False,False,False,False,False,False,False,False,True,False,True,False,False,False
-0.23148351311383164,0,-0.2608664120165151,-0.7813700290886334,1.064487664055538,0.26107101030115826,-1.281806637140443,-1.0197399130157712,-1.0029610262683273,1.1479561495819623,-0.760484044309583,1.1409104863585866,0.14647619615894003,0.48119850420356663,-0.42807250939347835,1.2002765418458676,2.550619747526455,-0.6132518611691794,-0.6147366093826588,0.3418217332312617,-1.2288927486711791,-1.1768923800548332,-0.6683591089246615,-1.1469071832564992,False,False,True,False,True,False,False,False,False,False,False,False,False,False,True,False,False,True,False,True,False
1.0177234628651546,0,0.6143037511267737,-0.043187660688131534,1.064487664055538,-0.6560592745909929,-0.04761994664223216,-1.0197399130157712,0.1765837713204426,0.24030102489791522,0.027190977369319667,0.5085667745219049,-0.6576603301225281,-0.6159098130726615,-0.42807250939347835,1.2002765418458676,0.2332727608290527,0.7542112694189196,-0.6147366093826588,0.3418217332312617,1.6658007670175043,1.7507650540936786,0.696029226343447,2.3558093493917283,False,False,False,True,True,False,False,False,False,False,False,False,False,False,False,True,False,True,False,False,False
1.8126733566699642,0,0.4754665581068752,-0.2892484501549655,1.064487664055538,-0.6560592745909929,1.0384643409961936,0.37840702535570064,1.3561285689092124,-0.6673540997861319,1.4892411706310014,0.13712796597187543,1.7547492487218765,1.0297526628416807,-0.42807250939347835,1.2002765418458676,-0.9254007325196485,1.210032312948286,0.9260819531365376,0.3418217332312617,0.3149437930294522,0.5797020804342738,0.696029226343447,-1.1469071832564992,False,True,True,False,True,False,False,False,False,False,False,False,False,False,False,False,False,False,True,True,False
0.22277356906034518,0,-0.07988221397271883,0.07984273404528544,1.064487664055538,0.26107101030115826,0.34731979431719534,-1.0197399130157712,1.3561285689092124,0.24030102489791522,0.9754745631472489,-1.2309395188424892,-1.0597285932632623,-0.3416327337536044,-0.42807250939347835,-0.6492404930893556,1.3919462541777539,-0.1574308176398131,-0.6147366093826588,0.3418217332312617,0.3149437930294522,0.872467823849125,0.013835058709392709,0.8963441274549668,False,True,False,True,False,True,False,False,False,False,False,False,False,False,False,True,False,False,False,True,True
-0.7993048658315527,0,0.7556201797363132,2.294389839246791,1.064487664055538,0.26107101030115826,1.334669146715764,0.37840702535570064,-1.0029610262683273,1.1479561495819623,-0.9006022099869702,1.7707293120344296,0.5485444592996741,1.8525839007988518,2.3360528369758367,-1.5739990105569672,0.2332727608290527,0.14644987804643114,-1.3851458906422571,0.3418217332312617,0.12196422531687327,0.28693633701942267,-0.3272620251076344,0.8963441274549668,False,True,True,False,True,False,False,False,False,False,False,False,False,False,True,False,False,False,False,False,False
-0.9128691363750969,0,0.36638019216266926,-0.7813700290886334,0.08984534639226345,1.1782012951933094,1.334669146715764,0.37840702535570064,1.3561285689092124,-0.6673540997861319,0.648532176566679,-0.8844690289940856,-1.0597285932632623,0.48119850420356663,-0.42807250939347835,-0.6492404930893556,2.550619747526455,-0.00549046979669098,0.1556726718769394,-1.0670240730349723,0.5079233607420311,0.872467823849125,-0.3272620251076344,0.8963441274549668,False,True,True,False,False,False,True,False,False,False,False,False,True,False,False,False,False,False,False,False,False
0.22277356906034518,0,-1.6665929913429876,-0.9044004238220503,-0.8847969712710111,1.1782012951933094,-1.6767463780998706,0.37840702535570064,1.3561285689092124,-0.6673540997861319,0.5569280424464088,0.8801458545253144,1.7547492487218765,0.20692142488450962,-0.42807250939347835,0.27551802437825607,-0.9254007325196485,-0.00549046979669098,-0.6147366093826588,0.3418217332312617,-1.0359131809586002,-1.1768923800548332,-0.6683591089246615,-1.1469071832564992,False,True,False,True,False,True,False,False,False,False,False,False,False,False,False,True,False,False,True,True,False
0.7905949217780662,0,0.6936392899952871,2.171359444513374,0.08984534639226345,0.26107101030115826,0.8409944705164797,0.37840702535570064,1.3561285689092124,-1.575009224470179,1.6022396913385717,-0.3940800279778835,2.1568175118626107,-1.1644639717107754,-0.42807250939347835,0.27551802437825607,0.2332727608290527,1.210032312948286,-1.3851458906422571,0.3418217332312617,0.3149437930294522,0.872467823849125,-0.6683591089246615,-0.8550141388691469,True,False,True,False,True,False,False,False,False,False,False,False,True,False,False,False,False,True,False,False,False
0.3363378396038894,1,-1.4856087932991913,-0.9044004238220503,0.08984534639226345,-1.573189559483144,0.8903619381364082,0.37840702535570064,2.535673366497982,1.1479561495819623,2.008733036497271,-0.11185386377748346,1.7547492487218765,-1.1644639717107754,-0.42807250939347835,1.2002765418458676,2.550619747526455,1.6658533564776523,0.9260819531365376,0.3418217332312617,2.244739470155241,0.872467823849125,3.083708813062637,0.3125580386802622,True,False,True,False,True,False,False,False,False,False,False,False,False,False,False,False,False,False,False,True,False
-1.7078190301799063,0,0.4506742022104648,-1.0274308185554673,-1.8594392889342857,1.1782012951933094,0.19921739145741002,-1.0197399130157712,-1.0029610262683273,-0.6673540997861319,-1.0343924585047333,1.5404035855846,-0.6576603301225281,-1.1644639717107754,-0.42807250939347835,0.27551802437825607,-0.9254007325196485,-1.221013252541668,2.466900515655734,1.7506675394974955,-0.8429336132460213,-0.5913608932251309,0.013835058709392709,-0.5631210944817947,False,True,True,False,False,False,False,False,True,False,False,False,False,False,True,False,False,False,True,False,True
0.3363378396038894,0,-0.9005091941439046,-0.043187660688131534,0.08984534639226345,0.26107101030115826,0.19921739145741002,0.37840702535570064,0.1765837713204426,-0.6673540997861319,0.3854716203594556,-0.7819305965733637,2.5588857750033447,-0.0673556544345474,-0.42807250939347835,0.27551802437825607,-0.9254007325196485,-0.1574308176398131,-0.6147366093826588,-1.0670240730349723,-0.2639949101082846,-0.005829406395428478,-0.6683591089246615,-0.27122805009444234,False,False,True,False,True,False,False,False,False,False,True,False,False,False,False,False,False,False,True,True,False
-0.004354972026743229,0,-1.4508994950442167,1.0640858919126213,1.064487664055538,-1.573189559483144,0.5941571324168375,0.37840702535570064,0.1765837713204426,1.1479561495819623,0.6858970207473156,1.2475167909273261,-0.25559206698179404,1.3040297421607379,2.3360528369758367,-1.5739990105569672,-0.9254007325196485,1.210032312948286,-2.1555551719018555,0.3418217332312617,0.893882496167189,1.4579993106788274,-0.6683591089246615,1.4801302162296714,False,False,True,False,True,False,False,False,False,False,False,False,True,False,False,False,False,False,True,True,False
-0.5721763247444642,0,-0.022859795410974805,1.3101466813794551,0.08984534639226345,0.26107101030115826,0.051114988597624714,1.7765539637271726,-1.0029610262683273,1.1479561495819623,-0.8171339693576449,1.071195574028766,-1.0597285932632623,-0.8901868923917186,-0.42807250939347835,-1.5739990105569672,0.2332727608290527,-1.0690729046985459,0.9260819531365376,0.3418217332312617,-0.8429336132460213,-0.5913608932251309,0.013835058709392709,-0.5631210944817947,True,False,False,True,True,False,False,False,False,False,False,False,False,False,False,False,True,True,False,True,False
-0.9128691363750969,0,1.6084772225728328,-0.9044004238220503,-1.8594392889342857,-1.573189559483144,0.051114988597624714,-1.0197399130157712,-1.0029610262683273,-0.6673540997861319,-0.6935889200507015,0.7808336655323307,-1.0597285932632623,0.48119850420356663,-0.42807250939347835,-1.5739990105569672,-0.9254007325196485,-0.6132518611691794,-0.6147366093826588,-2.475869879301206,-0.2639949101082846,-0.2985951498102796,-0.6683591089246615,0.020664994292909928,False,True,True,False,True,False,False,False,False,False,False,False,False,False,True,False,False,True,False,True,False
-0.11791924257028744,0,0.9415628489593917,0.2028731287787024,-0.8847969712710111,1.1782012951933094,-0.590662090461445,0.37840702535570064,0.1765837713204426,1.1479561495819623,-0.1611398904766307,0.5829106448132628,-0.6576603301225281,-1.1644639717107754,-0.42807250939347835,1.2002765418458676,0.2332727608290527,-0.7651922090123016,0.1556726718769394,0.3418217332312617,-0.2639949101082846,-0.5913608932251309,-0.6683591089246615,-0.5631210944817947,True,False,False,True,False,True,False,False,False,False,False,False,False,False,False,True,False,False,False,True,False
1.4719805450393315,0,-1.5575066253987815,-0.1662180554215485,1.064487664055538,1.1782012951933094,-0.4919271552215881,-1.0197399130157712,2.535673366497982,-0.6673540997861319,2.295297285011669,-0.34582664801519086,1.3526809855811424,0.48119850420356663,-0.42807250939347835,-0.6492404930893556,0.2332727608290527,1.8177937043207744,0.1556726718769394,0.3418217332312617,0.5079233607420311,1.1652335672639762,0.013835058709392709,-0.27122805009444234,False,True,False,True,False,False,False,False,True,False,False,False,False,False,False,True,False,True,False,True,False
-0.23148351311383164,0,0.4977796784136446,-0.9044004238220503,-0.8847969712710111,1.1782012951933094,1.433404081955621,0.37840702535570064,0.1765837713204426,0.24030102489791522,-0.44288286877417243,0.20894695010239472,-0.25559206698179404,-1.1644639717107754,-0.42807250939347835,1.2002765418458676,-0.9254007325196485,-0.7651922090123016,0.1556726718769394,-1.0670240730349723,-0.6499540455334424,-0.5913608932251309,-0.6683591089246615,-0.5631210944817947,True,False,True,False,True,False,False,False,False,False,False,False,True,False,False,False,False,False,True,True,False
-0.7993048658315527,0,-0.7740681790722114,0.07984273404528544,0.08984534639226345,1.1782012951933094,-0.2450898171219459,0.37840702535570064,-1.0029610262683273,-0.6673540997861319,-0.6664692750808847,0.5043586309205074,-1.0597285932632623,-0.3416327337536044,-0.42807250939347835,1.2002765418458676,1.3919462541777539,-0.3093711654829352,-0.6147366093826588,-1.0670240730349723,0.12196422531687327,0.28693633701942267,-0.3272620251076344,-0.8550141388691469,True,False,True,False,True,False,False,False,False,False,False,False,False,False,True,False,False,False,False,False,False
0.677030651234522,0,-1.522797327143807,2.417420233980208,0.08984534639226345,-0.6560592745909929,-0.4919271552215881,-2.417886851387243,0.1765837713204426,1.1479561495819623,-0.370865144909881,-0.6713966913099864,0.5485444592996741,1.0297526628416807,-0.42807250939347835,-1.5739990105569672,-0.9254007325196485,0.9061516172620417,0.1556726718769394,0.3418217332312617,-1.0359131809586002,-1.1768923800548332,-0.6683591089246615,-1.1469071832564992,False,True,True,False,False,False,True,False,False,False,True,False,False,False,False,False,False,False,True,True,False
-0.7993048658315527,0,-0.20880246463405316,-0.1662180554215485,-1.8594392889342857,-0.6560592745909929,0.6435246000367659,-1.0197399130157712,0.1765837713204426,1.1479561495819623,-0.13462290428392087,0.46915049612214726,-0.6576603301225281,-0.0673556544345474,-0.42807250939347835,0.27551802437825607,0.2332727608290527,-0.00549046979669098,-0.6147366093826588,-1.0670240730349723,0.70090292845461,0.872467823849125,-0.3272620251076344,-0.5631210944817947,False,True,True,False,False,False,True,False,False,False,False,False,True,False,False,False,False,True,False,True,True
0.22277356906034518,0,-0.9153846076817509,-1.0274308185554673,0.08984534639226345,0.26107101030115826,-1.4299090400002283,1.7765539637271726,-1.0029610262683273,0.24030102489791522,-0.8011635117643083,-1.169921436622224,-0.6576603301225281,-0.6159098130726615,-0.42807250939347835,1.2002765418458676,0.2332727608290527,-0.46131151332605735,-0.6147366093826588,1.7506675394974955,0.12196422531687327,0.5797020804342738,1.037126310160474,-1.1469071832564992,False,True,False,False,False,False,False,False,False,True,False,False,False,False,False,False,False,True,False,True,False
-0.9128691363750969,0,-0.0724445072037957,-0.41227884488838246,0.08984534639226345,0.26107101030115826,-1.3311741047603716,-1.0197399130157712,-1.0029610262683273,0.24030102489791522,-0.8436509555503547,1.0862046195404176,-0.6576603301225281,-0.3416327337536044,-0.42807250939347835,1.2002765418458676,0.2332727608290527,-1.0690729046985459,-0.6147366093826588,0.3418217332312617,-0.6499540455334424,-0.884126636639982,-0.6683591089246615,-0.5631210944817947,True,False,True,False,True,False,False,False,False,False,False,False,False,False,True,False,False,False,False,True,True
-2.048511841810539,1,-1.3765224273549852,-0.1662180554215485,-1.8594392889342857,0.26107101030115826,0.6928920676566944,0.37840702535570064,-1.0029610262683273,0.24030102489791522,-1.0844131370046177,-0.11059142069706418,-0.6576603301225281,-0.8901868923917186,-0.42807250939347835,1.2002765418458676,-0.9254007325196485,-1.5248939482279122,-2.1555551719018555,0.3418217332312617,-1.2288927486711791,-1.1768923800548332,-0.6683591089246615,-1.1469071832564992,False,False,True,False,False,False,True,False,False,False,True,False,False,False,False,False,False,False,True,True,False
-0.3450477836573759,1,-0.4939145574427733,-0.043187660688131534,1.064487664055538,-1.573189559483144,0.544789664796909,0.37840702535570064,0.1765837713204426,-1.575009224470179,0.8199885986536323,0.5667794276745719,-1.0597285932632623,0.48119850420356663,-0.42807250939347835,-1.5739990105569672,-0.9254007325196485,-0.6132518611691794,0.1556726718769394,0.3418217332312617,-0.2639949101082846,-0.5913608932251309,-0.6683591089246615,-0.27122805009444234,False,True,False,True,False,True,False,False,False,False,False,False,False,False,False,True,False,False,True,False,True
0.5634663806909778,0,-1.574861274526269,0.3259035235121194,1.064487664055538,-0.6560592745909929,-0.9856018314208724,0.37840702535570064,-1.0029610262683273,1.1479561495819623,-0.22200842696444184,-0.742514318173606,0.14647619615894003,-1.1644639717107754,-0.42807250939347835,-1.5739990105569672,0.2332727608290527,-0.6132518611691794,0.9260819531365376,0.3418217332312617,-1.0359131809586002,-1.1768923800548332,-0.6683591089246615,-1.1469071832564992,False,True,True,False,True,False,False,False,False,False,True,False,False,False,False,False,False,True,False,True,True
-0.5721763247444642,1,0.17795828734994984,0.6949947077123703,0.08984534639226345,0.26107101030115826,0.2979523266972669,0.37840702535570064,-1.0029610262683273,0.24030102489791522,-0.8716745886858321,-1.137799273798222,-0.6576603301225281,-0.8901868923917186,-0.42807250939347835,0.27551802437825607,0.2332727608290527,-1.221013252541668,1.696491234396136,-1.0670240730349723,-0.8429336132460213,-0.5913608932251309,0.013835058709392709,-0.5631210944817947,True,False,True,False,False,False,True,False,False,False,True,False,False,False,False,False,False,True,False,True,False
0.10920929851680099,0,-1.07901415659806,1.92529865504654,-0.8847969712710111,0.26107101030115826,-0.6893970257013019,-1.0197399130157712,0.1765837713204426,1.1479561495819623,0.06877443298970551,0.39648988327134843,1.7547492487218765,-0.6159098130726615,-0.42807250939347835,0.27551802437825607,1.3919462541777539,-0.1574308176398131,-0.6147366093826588,0.3418217332312617,-0.07101534239570564,-0.5913608932251309,-0.3272620251076344,-0.27122805009444234,False,True,True,False,False,False,True,False,False,False,False,False,False,False,False,False,False,False,False,False,False
-1.0264334069186412,0,-1.4955257356577554,-0.41227884488838246,0.08984534639226345,1.1782012951933094,-0.5412946228415165,-1.0197399130157712,-1.0029610262683273,0.24030102489791522,-0.8930689752731321,-0.8969531883448986,-0.6576603301225281,-0.6159098130726615,-0.42807250939347835,0.27551802437825607,0.2332727608290527,-0.9171325568554237,-2.1555551719018555,0.3418217332312617,-0.4569744778208635,-0.5913608932251309,0.013835058709392709,-0.5631210944817947,False,True,True,False,True,False,False,False,False,False,False,False,False,False,True,False,False,True,False,True,False
-0.23148351311383164,0,1.4820362075011395,-0.043187660688131534,-1.8594392889342857,-0.6560592745909929,0.19921739145741002,0.37840702535570064,0.1765837713204426,0.24030102489791522,0.06365183338429566,-1.19446894096371,-0.6576603301225281,1.3040297421607379,2.3360528369758367,-1.5739990105569672,-0.9254007325196485,-0.6132518611691794,0.1556726718769394,-1.0670240730349723,-0.07101534239570564,0.28693633701942267,-0.3272620251076344,-0.27122805009444234,False,True,False,True,True,False,False,False,False,False,False,False,False,False,False,True,False,True,False,False,False
-0.11791924257028744,0,-0.6798572266658517,-0.1662180554215485,1.064487664055538,0.26107101030115826,1.6802414200552631,0.37840702535570064,-1.0029610262683273,0.24030102489791522,-0.35549734609365147,-1.0150617520907916,-0.6576603301225281,0.48119850420356663,-0.42807250939347835,-0.6492404930893556,-0.9254007325196485,-0.6132518611691794,-0.6147366093826588,-2.475869879301206,-0.2639949101082846,-0.005829406395428478,-0.3272620251076344,0.020664994292909928,False,True,False,False,False,False,False,False,True,True,False,False,False,False,False,False,False,False,True,True,False
-0.7993048658315527,1,-0.9773654974227771,1.679237865579706,-1.8594392889342857,1.1782012951933094,-1.0349692990408008,-1.0197399130157712,1.3561285689092124,-1.575009224470179,0.552408101618106,-0.44640128008859387,-0.6576603301225281,-0.6159098130726615,-0.42807250939347835,-1.5739990105569672,0.2332727608290527,0.14644987804643114,0.1556726718769394,-2.475869879301206,0.893882496167189,1.1652335672639762,0.3549321425264198,1.7720232606170236,False,True,False,True,True,False,False,False,False,False,False,False,False,False,False,True,False,True,False,False,False
0.4499021101474336,0,-0.5187069133391837,-0.043187660688131534,1.064487664055538,-0.6560592745909929,1.0878318086161218,0.37840702535570064,1.3561285689092124,0.24030102489791522,2.4095011232734533,-0.07889007223320214,2.5588857750033447,0.48119850420356663,-0.42807250939347835,0.27551802437825607,-0.9254007325196485,1.5139130086345303,0.1556726718769394,-1.0670240730349723,2.244739470155241,0.872467823849125,0.013835058709392709,2.6477023937790807,True,False,True,False,False,False,True,False,False,False,False,False,False,True,False,False,False,False,True,False,False
0.677030651234522,1,-0.7963812993789808,0.3259035235121194,0.08984534639226345,0.26107101030115826,-1.0843367666607293,0.37840702535570064,2.535673366497982,-1.575009224470179,2.487545434908815,-1.668866996294601,-1.0597285932632623,-0.8901868923917186,-0.42807250939347835,-0.6492404930893556,-0.9254007325196485,1.8177937043207744,-0.6147366093826588,-1.0670240730349723,2.823678173292978,1.4579993106788274,3.7659029806966915,2.9395954381664327,True,False,False,True,True,False,False,False,False,False,False,False,False,False,False,True,False,False,True,True,True
0.677030651234522,0,-0.38482819149856734,-0.6583396343552164,1.064487664055538,-0.6560592745909929,-1.0349692990408008,0.37840702535570064,0.1765837713204426,-1.575009224470179,-0.10479129481712234,-1.6960796582503057,1.7547492487218765,-0.6159098130726615,-0.42807250939347835,1.2002765418458676,-0.9254007325196485,-0.1574308176398131,0.1556726718769394,1.7506675394974955,-0.07101534239570564,-0.005829406395428478,-0.3272620251076344,0.3125580386802622,False,True,False,True,False,True,False,False,False,False,False,False,False,False,False,True,False,False,True,True,False
-0.11791924257028744,0,0.44571573103118267,-1.0274308185554673,1.064487664055538,1.1782012951933094,-0.3931922199817312,-1.0197399130157712,-1.0029610262683273,0.24030102489791522,-0.9777425334566714,0.27992430551263453,1.3526809855811424,-0.8901868923917186,-0.42807250939347835,-0.6492404930893556,0.2332727608290527,-0.00549046979669098,-0.6147366093826588,0.3418217332312617,0.3149437930294522,-1.1768923800548332,-0.3272620251076344,0.8963441274549668,False,True,True,False,False,False,True,False,False,False,True,False,False,False,False,False,False,True,False,True,False
-1.3671262185492736,0,-0.8062982417375449,1.802268260313123,0.08984534639226345,1.1782012951933094,-0.8374994285610872,0.37840702535570064,-1.0029610262683273,-0.6673540997861319,-0.5742624821835074,-1.113111498003356,2.1568175118626107,1.8525839007988518,2.3360528369758367,1.2002765418458676,-0.9254007325196485,-0.6132518611691794,-0.6147366093826588,0.3418217332312617,-0.4569744778208635,-0.2985951498102796,-0.3272620251076344,-0.5631210944817947,False,True,True,False,False,False,True,False,False,False,True,False,False,False,False,False,False,False,True,True,False
-0.9128691363750969,1,1.6927712326206281,0.3259035235121194,-1.8594392889342857,0.26107101030115826,0.6435246000367659,0.37840702535570064,-1.0029610262683273,1.1479561495819623,-0.9003008805984166,1.2078199696208087,-0.6576603301225281,-1.1644639717107754,-0.42807250939347835,1.2002765418458676,-0.9254007325196485,-1.37295360038479,0.9260819531365376,-1.0670240730349723,-1.0359131809586002,-0.884126636639982,-0.6683591089246615,-1.1469071832564992,False,True,True,False,True,False,False,False,False,False,True,False,False,False,False,False,False,True,False,False,True
-1.1399976774621854,0,1.4423684380668826,-0.7813700290886334,1.064487664055538,-1.573189559483144,0.7916270028965513,1.7765539637271726,-1.0029610262683273,1.1479561495819623,-0.32626839540395997,-0.12952806690335344,-0.6576603301225281,1.8525839007988518,2.3360528369758367,-0.6492404930893556,0.2332727608290527,-0.3093711654829352,-0.6147366093826588,0.3418217332312617,0.3149437930294522,0.872467823849125,-0.6683591089246615,0.8963441274549668,False,True,True,False,False,False,True,False,False,False,True,False,False,False,False,False,False,True,False,True,False
-0.6857405952880085,0,0.12341510437784683,0.07984273404528544,0.08984534639226345,0.26107101030115826,0.2979523266972669,-1.0197399130157712,0.1765837713204426,0.24030102489791522,0.3240004250945374,-1.6325366898692018,-0.6576603301225281,0.7554755835226237,-0.42807250939347835,-1.5739990105569672,0.2332727608290527,-0.00549046979669098,0.1556726718769394,0.3418217332312617,0.70090292845461,-0.2985951498102796,-0.3272620251076344,0.020664994292909928,False,True,False,True,False,True,False,False,False,False,False,False,False,False,False,True,False,True,False,True,False
0.4499021101474336,0,0.2473768838598991,2.048329049779957,-0.8847969712710111,0.26107101030115826,1.2853016790958356,-1.0197399130157712,0.1765837713204426,1.1479561495819623,-0.32566573662685294,0.962064383299188,0.14647619615894003,-0.6159098130726615,-0.42807250939347835,1.2002765418458676,0.2332727608290527,0.9061516172620417,0.1556726718769394,-2.475869879301206,-1.0359131809586002,-0.884126636639982,-0.6683591089246615,-1.1469071832564992,True,False,True,False,False,False,True,False,False,False,False,False,False,False,True,False,False,True,False,False,True
-0.11791924257028744,0,0.04160032991969236,-0.9044004238220503,0.08984534639226345,0.26107101030115826,-1.0843367666607293,-1.0197399130157712,1.3561285689092124,-0.6673540997861319,1.4377138451883493,0.7355259860906163,-0.25559206698179404,0.7554755835226237,-0.42807250939347835,-0.6492404930893556,0.2332727608290527,0.7542112694189196,-0.6147366093826588,1.7506675394974955,0.12196422531687327,0.872467823849125,1.3782233939775013,0.020664994292909928,False,True,True,False,True,False,False,False,False,False,False,False,True,False,False,False,False,False,False,True,False
-0.23148351311383164,0,-0.33028500852646436,-1.0274308185554673,0.08984534639226345,1.1782012951933094,1.5321390171954778,-1.0197399130157712,0.1765837713204426,-1.575009224470179,-0.04814136976906047,1.6005800390845861,-1.0597285932632623,1.3040297421607379,2.3360528369758367,0.27551802437825607,-0.9254007325196485,0.6022709215757975,0.1556726718769394,0.3418217332312617,1.2798416315923467,1.4579993106788274,0.696029226343447,1.4801302162296714,True,False,True,False,False,False,True,False,False,False,False,False,False,False,False,False,False,False,True,True,False
-0.11791924257028744,0,-0.41209978298461886,-0.6583396343552164,1.064487664055538,1.1782012951933094,-0.936234363800944,-1.0197399130157712,-1.0029610262683273,1.1479561495819623,-0.942185665607356,1.710272315627684,-0.6576603301225281,-0.6159098130726615,-0.42807250939347835,-0.6492404930893556,0.2332727608290527,-1.221013252541668,-0.6147366093826588,1.7506675394974955,-0.8429336132460213,-0.5913608932251309,0.013835058709392709,-0.5631210944817947,True,False,True,False,False,False,False,True,False,False,True,False,False,False,False,False,False,True,False,True,False
0.7905949217780662,1,1.41261761099119,-0.043187660688131534,0.08984534639226345,-1.573189559483144,0.9397294057563366,-2.417886851387243,0.1765837713204426,0.24030102489791522,-0.047237381603399915,-0.6810754215932009,2.1568175118626107,-0.6159098130726615,-0.42807250939347835,-0.6492404930893556,-0.9254007325196485,-0.46131151332605735,-0.6147366093826588,-1.0670240730349723,-0.4569744778208635,-0.2985951498102796,-0.3272620251076344,-0.27122805009444234,False,True,False,True,False,True,False,False,False,False,False,False,False,False,False,True,False,False,True,False,False
-0.45861205420092005,0,0.1482074602742573,-0.9044004238220503,-1.8594392889342857,0.26107101030115826,0.49542219717698066,0.37840702535570064,-1.0029610262683273,-1.575009224470179,-0.8062861113697182,0.08452617095440525,-0.6576603301225281,-0.8901868923917186,-0.42807250939347835,0.27551802437825607,2.550619747526455,-1.37295360038479,0.1556726718769394,0.3418217332312617,-1.0359131809586002,-1.1768923800548332,-0.6683591089246615,-1.1469071832564992,False,False,False,True,True,False,False,False,False,False,False,False,False,False,False,False,True,False,False,False,False
-0.7993048658315527,0,1.4845154430907805,-0.41227884488838246,-1.8594392889342857,-0.6560592745909929,-0.590662090461445,0.37840702535570064,-1.0029610262683273,1.1479561495819623,-0.7146819772494479,1.6829193822185995,-0.6576603301225281,-0.6159098130726615,-0.42807250939347835,-1.5739990105569672,0.2332727608290527,-0.00549046979669098,1.696491234396136,0.3418217332312617,0.70090292845461,1.1652335672639762,-0.6683591089246615,1.188237171842319,False,True,True,False,False,False,True,False,False,False,True,False,False,False,False,False,False,True,False,False,False
-1.9349475712669948,0,-0.38978666267784945,-0.043187660688131534,-0.8847969712710111,0.26107101030115826,-0.590662090461445,0.37840702535570064,-1.0029610262683273,-1.575009224470179,-0.8891516932219363,-1.0060843790744767,-0.6576603301225281,2.6754151387560228,2.3360528369758367,0.27551802437825607,-0.9254007325196485,-1.37295360038479,0.9260819531365376,0.3418217332312617,-1.0359131809586002,-0.884126636639982,-0.6683591089246615,-1.1469071832564992,False,True,True,False,True,False,False,False,False,False,False,False,False,False,True,False,False,False,True,True,False
1.0177234628651546,0,1.623352636110679,-0.2892484501549655,0.08984534639226345,-1.573189559483144,0.8409944705164797,0.37840702535570064,-1.0029610262683273,0.24030102489791522,-0.30909262025640927,0.8073449702211356,0.5485444592996741,1.0297526628416807,-0.42807250939347835,0.27551802437825607,0.2332727608290527,-0.46131151332605735,-0.6147366093826588,-1.0670240730349723,-0.6499540455334424,-0.5913608932251309,-0.6683591089246615,-0.5631210944817947,False,True,True,False,False,False,True,False,False,False,False,False,False,False,True,False,False,True,False,False,True
0.10920929851680099,0,0.4333195530829774,-1.0274308185554673,0.08984534639226345,1.1782012951933094,-0.4919271552215881,-1.0197399130157712,0.1765837713204426,1.1479561495819623,0.2926621686849713,-0.6148672955978783,-0.6576603301225281,-0.6159098130726615,-0.42807250939347835,-0.6492404930893556,0.2332727608290527,0.6022709215757975,-0.6147366093826588,-1.0670240730349723,1.4728211993049256,1.1652335672639762,0.3549321425264198,2.063916305004376,False,True,True,False,True,False,False,False,False,False,False,False,True,False,False,False,False,True,False,False,False
-1.8213833007234506,0,0.006891031664717735,-0.7813700290886334,0.08984534639226345,-1.573189559483144,1.0384643409961936,-1.0197399130157712,-1.0029610262683273,0.24030102489791522,-0.744212257327693,-0.2127090387576463,-0.6576603301225281,-0.8901868923917186,-0.42807250939347835,-1.5739990105569672,-0.9254007325196485,-1.221013252541668,-0.6147366093826588,-1.0670240730349723,-0.8429336132460213,-0.5913608932251309,-0.3272620251076344,-0.5631210944817947,False,True,True,False,True,False,False,False,False,False,True,False,False,False,False,False,False,False,True,True,False
0.9041591923216105,1,0.7308278238399029,0.07984273404528544,1.064487664055538,0.26107101030115826,1.4827715495755494,0.37840702535570064,-1.0029610262683273,0.24030102489791522,-0.7734412080173845,-0.49353248842424713,-0.6576603301225281,-1.1644639717107754,-0.42807250939347835,0.27551802437825607,-0.9254007325196485,-0.6132518611691794,0.9260819531365376,0.3418217332312617,-0.07101534239570564,-0.005829406395428478,-0.6683591089246615,-0.5631210944817947,False,True,True,False,True,False,False,False,False,False,False,False,False,False,True,False,False,False,True,True,True
-0.7993048658315527,0,0.3465463074455409,0.6949947077123703,-1.8594392889342857,-0.6560592745909929,0.14984992383748158,-2.417886851387243,-1.0029610262683273,1.1479561495819623,-1.0048621784264882,1.7658198111661325,-1.0597285932632623,0.7554755835226237,-0.42807250939347835,-1.5739990105569672,0.2332727608290527,-0.6132518611691794,-0.6147366093826588,-1.0670240730349723,-0.2639949101082846,-0.005829406395428478,-0.3272620251076344,-0.27122805009444234,False,True,True,False,True,False,False,False,False,False,False,False,False,False,True,False,False,True,False,False,True
-1.594254759636362,1,1.125026282592829,-0.7813700290886334,1.064487664055538,0.26107101030115826,-0.8868668961810157,-1.0197399130157712,-1.0029610262683273,1.1479561495819623,-0.7984515472673267,-1.4197448950918623,-1.0597285932632623,-1.1644639717107754,-0.42807250939347835,-0.6492404930893556,0.2332727608290527,-1.37295360038479,1.696491234396136,0.3418217332312617,-1.2288927486711791,-1.1768923800548332,-0.6683591089246615,-1.1469071832564992,True,False,True,False,True,False,False,False,False,False,False,False,False,False,True,False,False,True,False,True,True
0.9041591923216105,0,-1.7136984675461673,0.9410554971792042,0.08984534639226345,1.1782012951933094,0.3966872619371238,-2.417886851387243,-1.0029610262683273,0.24030102489791522,-0.9680999930229588,-1.4118896937025867,-0.25559206698179404,-0.6159098130726615,-0.42807250939347835,1.2002765418458676,-0.9254007325196485,-0.6132518611691794,0.1556726718769394,0.3418217332312617,-1.2288927486711791,-1.1768923800548332,-0.6683591089246615,-1.1469071832564992,False,False,True,False,True,False,False,False,False,False,False,False,False,False,True,False,False,False,True,True,False
-0.3450477836573759,0,-1.6244459863190899,-0.9044004238220503,0.08984534639226345,-0.6560592745909929,1.6308739524353348,0.37840702535570064,-1.0029610262683273,0.24030102489791522,-0.5733584940178468,-0.8297631621759166,-0.6576603301225281,-0.6159098130726615,-0.42807250939347835,1.2002765418458676,0.2332727608290527,-0.7651922090123016,-0.6147366093826588,0.3418217332312617,-0.2639949101082846,-0.005829406395428478,-0.3272620251076344,0.020664994292909928,False,True,False,False,False,False,False,False,False,True,False,False,False,False,False,False,False,True,False,True,False
0.5634663806909778,1,0.25729382621846325,-0.5353092396217994,-0.8847969712710111,-1.573189559483144,1.433404081955621,-1.0197399130157712,-1.0029610262683273,-1.575009224470179,-1.023243271128253,0.8344173607234603,1.3526809855811424,0.48119850420356663,-0.42807250939347835,-1.5739990105569672,0.2332727608290527,-0.7651922090123016,-0.6147366093826588,-2.475869879301206,-1.0359131809586002,-1.1768923800548332,-0.6683591089246615,-1.1469071832564992,False,False,True,False,True,False,False,False,False,False,False,False,False,False,True,False,False,False,False,True,False
-0.6857405952880085,0,1.3060104806366253,2.417420233980208,1.064487664055538,0.26107101030115826,-0.2450898171219459,0.37840702535570064,0.1765837713204426,-1.575009224470179,-0.41817385891278375,-0.16165022972735524,2.1568175118626107,1.0297526628416807,-0.42807250939347835,0.27551802437825607,2.550619747526455,-0.3093711654829352,0.1556726718769394,0.3418217332312617,-0.4569744778208635,-0.2985951498102796,-0.6683591089246615,-0.27122805009444234,False,True,False,True,True,False,False,False,False,False,False,False,False,False,False,True,False,False,False,True,False
0.4499021101474336,0,0.9465213201386737,-0.9044004238220503,1.064487664055538,-0.6560592745909929,-0.19572234950201747,0.37840702535570064,0.1765837713204426,-0.6673540997861319,-0.35429202853943736,1.556394531269911,0.9506127224404082,-0.8901868923917186,-0.42807250939347835,1.2002765418458676,2.550619747526455,-0.7651922090123016,-0.6147366093826588,0.3418217332312617,-1.2288927486711791,-1.1768923800548332,-0.6683591089246615,-1.1469071832564992,True,False,False,True,False,False,True,False,False,False,False,False,False,False,False,True,False,True,False,True,False
-0.9128691363750969,0,0.9341251421904685,1.187116286646038,1.064487664055538,1.1782012951933094,0.5941571324168375,-1.0197399130157712,-1.0029610262683273,-1.575009224470179,-0.6950955669934691,-0.26587191958863615,-0.6576603301225281,-0.8901868923917186,-0.42807250939347835,0.27551802437825607,2.550619747526455,-0.6132518611691794,-0.6147366093826588,0.3418217332312617,-0.07101534239570564,0.28693633701942267,0.3549321425264198,-0.27122805009444234,False,True,True,False,False,False,True,False,False,False,True,False,False,False,False,False,False,True,False,True,False
-0.11791924257028744,0,1.3853460195051386,0.9410554971792042,1.064487664055538,0.26107101030115826,1.3840366143356926,0.37840702535570064,0.1765837713204426,-1.575009224470179,1.0435750049603445,0.937236336050942,0.14647619615894003,-0.0673556544345474,-0.42807250939347835,1.2002765418458676,2.550619747526455,0.7542112694189196,-0.6147366093826588,0.3418217332312617,0.12196422531687327,0.872467823849125,-0.3272620251076344,0.8963441274549668,False,True,False,True,True,False,False,False,False,False,False,False,False,False,False,True,False,True,False,True,True
-1.3671262185492736,1,0.4506742022104648,0.9410554971792042,-0.8847969712710111,1.1782012951933094,1.5321390171954778,0.37840702535570064,-1.0029610262683273,-0.6673540997861319,-0.9922063441072404,-1.5391159019181746,-0.6576603301225281,-0.6159098130726615,-0.42807250939347835,-1.5739990105569672,0.2332727608290527,-1.37295360038479,0.1556726718769394,-2.475869879301206,-1.0359131809586002,-1.1768923800548332,-0.6683591089246615,-1.1469071832564992,False,True,True,False,True,False,False,False,False,False,True,False,False,False,False,False,False,True,False,False,False
-0.3450477836573759,0,0.8523103677323141,1.92529865504654,0.08984534639226345,-0.6560592745909929,0.7916270028965513,0.37840702535570064,0.1765837713204426,0.24030102489791522,-0.290410198166091,-1.3240797638867565,-0.6576603301225281,-0.8901868923917186,-0.42807250939347835,-1.5739990105569672,0.2332727608290527,-0.00549046979669098,0.1556726718769394,-1.0670240730349723,0.70090292845461,0.872467823849125,-0.6683591089246615,-0.8550141388691469,True,False,False,True,False,False,True,False,False,False,False,False,False,False,False,True,False,True,False,False,False
-0.004354972026743229,0,0.28456541770451477,-0.41227884488838246,1.064487664055538,0.26107101030115826,-0.2944572847418743,-2.417886851387243,-1.0029610262683273,0.24030102489791522,-0.832200438785321,-1.0491477152621123,-0.6576603301225281,-0.3416327337536044,-0.42807250939347835,0.27551802437825607,0.2332727608290527,-0.46131151332605735,0.9260819531365376,0.3418217332312617,0.12196422531687327,0.872467823849125,-0.3272620251076344,0.8963441274549668,False,True,True,False,True,False,False,False,False,False,True,False,False,False,False,False,False,False,False,True,False
-0.6857405952880085,0,0.1258943399674879,-0.2892484501549655,1.064487664055538,0.26107101030115826,-0.8374994285610872,0.37840702535570064,0.1765837713204426,0.24030102489791522,-0.6062033973701806,-0.4257813764417456,-0.6576603301225281,-0.6159098130726615,-0.42807250939347835,-1.5739990105569672,2.550619747526455,-0.00549046979669098,0.9260819531365376,-1.0670240730349723,0.70090292845461,0.872467823849125,2.060417561611555,1.4801302162296714,False,True,True,False,True,False,False,False,False,False,True,False,False,False,False,False,False,False,False,True,False
0.9041591923216105,0,-1.4930465000681143,2.417420233980208,1.064487664055538,1.1782012951933094,-1.6767463780998706,0.37840702535570064,0.1765837713204426,1.1479561495819623,-0.28980753938898396,-0.9258491077411621,-0.6576603301225281,2.6754151387560228,2.3360528369758367,-0.6492404930893556,-0.9254007325196485,1.5139130086345303,0.1556726718769394,0.3418217332312617,2.630698605580399,2.04353079750853,3.7659029806966915,3.81527457132849,False,True,True,False,False,False,False,True,False,False,False,False,False,False,True,False,False,False,True,True,False
-1.8213833007234506,0,-0.36747354237108004,1.4331770761128722,0.08984534639226345,0.26107101030115826,-1.1337042342806578,1.7765539637271726,-1.0029610262683273,1.1479561495819623,-0.8511841902641928,-1.303740403146668,-0.6576603301225281,0.48119850420356663,-0.42807250939347835,1.2002765418458676,-0.9254007325196485,-1.221013252541668,-0.6147366093826588,0.3418217332312617,-0.8429336132460213,-0.884126636639982,0.013835058709392709,-0.5631210944817947,False,True,False,True,False,True,False,False,False,False,False,False,False,False,False,False,True,False,True,True,False
1.1312877334086988,0,-1.6170082795501666,-0.9044004238220503,1.064487664055538,1.1782012951933094,-0.2944572847418743,0.37840702535570064,0.1765837713204426,1.1479561495819623,0.5653652653259074,0.43324100405688765,-0.25559206698179404,-1.1644639717107754,-0.42807250939347835,0.27551802437825607,0.2332727608290527,0.2983902258895533,0.1556726718769394,-1.0670240730349723,-0.07101534239570564,-0.2985951498102796,-0.3272620251076344,0.020664994292909928,False,True,True,False,False,False,False,False,True,False,False,False,True,False,False,False,False,False,False,True,False
0.677030651234522,0,-1.5451104474505764,-0.9044004238220503,2.0391299817188124,1.1782012951933094,0.6435246000367659,1.7765539637271726,0.1765837713204426,-1.575009224470179,0.23179363219716012,-0.2085008951562487,1.7547492487218765,0.20692142488450962,-0.42807250939347835,-1.5739990105569672,0.2332727608290527,-0.00549046979669098,0.1556726718769394,1.7506675394974955,-0.4569744778208635,-0.2985951498102796,-0.6683591089246615,-0.27122805009444234,False,False,False,False,False,False,True,False,False,True,False,False,False,False,False,False,False,True,False,True,False
2.721187521018318,0,-0.26334564760615614,-0.2892484501549655,1.064487664055538,-0.6560592745909929,-0.6893970257013019,1.7765539637271726,0.1765837713204426,1.1479561495819623,-0.0852048845611435,-0.4841343010477925,-1.0597285932632623,0.7554755835226237,-0.42807250939347835,-0.6492404930893556,0.2332727608290527,0.2983902258895533,0.1556726718769394,0.3418217332312617,0.893882496167189,0.872467823849125,-0.3272620251076344,1.4801302162296714,False,True,False,True,False,True,False,False,False,False,False,False,False,False,False,True,False,False,False,True,True
-0.45861205420092005,0,-1.7013022895979621,0.44893391824553636,0.08984534639226345,0.26107101030115826,0.544789664796909,-1.0197399130157712,-1.0029610262683273,-0.6673540997861319,-0.8315977800082139,-0.9837812179870693,-0.6576603301225281,1.3040297421607379,2.3360528369758367,0.27551802437825607,0.2332727608290527,-1.221013252541668,-0.6147366093826588,0.3418217332312617,-0.8429336132460213,-0.5913608932251309,0.013835058709392709,-0.5631210944817947,True,False,True,False,False,False,False,True,False,False,True,False,False,False,False,False,False,True,False,False,False
-0.45861205420092005,0,1.2737804179712917,-0.9044004238220503,-0.8847969712710111,1.1782012951933094,-1.3805415723803,0.37840702535570064,0.1765837713204426,0.24030102489791522,-0.15210000882002506,-1.6841565847130124,0.5485444592996741,-0.3416327337536044,-0.42807250939347835,1.2002765418458676,-0.9254007325196485,-0.00549046979669098,-0.6147366093826588,0.3418217332312617,0.3149437930294522,0.872467823849125,-0.6683591089246615,0.8963441274549668,True,False,True,False,True,False,False,False,False,False,False,False,False,False,True,False,False,False,True,False,True
-0.004354972026743229,0,-1.088931098956624,-1.0274308185554673,0.08984534639226345,0.26107101030115826,0.544789664796909,-2.417886851387243,1.3561285689092124,-1.575009224470179,1.431084598640172,-1.418061637651303,-0.25559206698179404,1.5783068214797948,2.3360528369758367,0.27551802437825607,0.2332727608290527,1.058091965105164,-0.6147366093826588,0.3418217332312617,0.12196422531687327,0.872467823849125,1.7193204777945283,0.8963441274549668,False,True,True,False,False,False,False,False,True,False,False,False,True,False,False,False,False,False,False,False,True
-0.3450477836573759,0,-1.6988230540083211,-0.043187660688131534,0.08984534639226345,-1.573189559483144,-0.2944572847418743,0.37840702535570064,-1.0029610262683273,1.1479561495819623,-0.8201472632431802,-1.1268581004345883,-1.0597285932632623,-0.6159098130726615,-0.42807250939347835,-0.6492404930893556,0.2332727608290527,0.7542112694189196,1.696491234396136,0.3418217332312617,1.4728211993049256,1.7507650540936786,0.696029226343447,1.7720232606170236,False,True,True,False,False,False,True,False,False,False,False,False,False,False,True,False,False,True,False,True,False
0.4499021101474336,0,-1.7236154099047316,0.07984273404528544,0.08984534639226345,-0.6560592745909929,0.8903619381364082,-1.0197399130157712,0.1765837713204426,-0.6673540997861319,0.4065646775582021,-0.38622482658860796,1.7547492487218765,-0.8901868923917186,-0.42807250939347835,-0.6492404930893556,0.2332727608290527,-0.46131151332605735,-0.6147366093826588,1.7506675394974955,-0.2639949101082846,-0.884126636639982,-0.3272620251076344,-0.27122805009444234,False,True,False,True,False,False,False,False,True,False,False,False,False,False,False,True,False,False,False,False,False
-1.2535619480057296,0,1.3729498415569334,0.07984273404528544,1.064487664055538,0.26107101030115826,-0.44255968760165965,0.37840702535570064,0.1765837713204426,1.1479561495819623,-0.16656381947059407,0.880706940338834,-1.0597285932632623,-0.3416327337536044,-0.42807250939347835,-0.6492404930893556,-0.9254007325196485,-0.7651922090123016,0.9260819531365376,0.3418217332312617,-0.4569744778208635,-0.2985951498102796,-0.3272620251076344,-0.8550141388691469,False,True,False,True,True,False,False,False,False,False,False,False,False,False,False,True,False,False,True,True,False
-0.6857405952880085,0,1.6431865208278074,-1.0274308185554673,0.08984534639226345,1.1782012951933094,-0.14635488188208903,0.37840702535570064,-1.0029610262683273,-0.6673540997861319,-0.5796864111774708,-0.6979079959987914,-1.0597285932632623,1.5783068214797948,2.3360528369758367,-1.5739990105569672,0.2332727608290527,0.2983902258895533,-0.6147366093826588,0.3418217332312617,0.893882496167189,1.4579993106788274,1.037126310160474,0.8963441274549668,False,True,True,False,False,False,True,False,False,False,False,False,False,False,True,False,False,True,False,True,True
0.677030651234522,0,-0.8534037179407248,2.048329049779957,2.0391299817188124,-1.573189559483144,-0.2944572847418743,0.37840702535570064,1.3561285689092124,-1.575009224470179,2.316691671598969,1.2535484634226628,0.14647619615894003,0.48119850420356663,-0.42807250939347835,0.27551802437825607,-0.9254007325196485,1.5139130086345303,2.466900515655734,0.3418217332312617,-1.0359131809586002,-1.1768923800548332,-0.6683591089246615,-1.1469071832564992,True,False,True,False,False,False,True,False,False,False,False,False,False,True,False,False,False,True,False,False,True
-0.11791924257028744,0,1.015939916648623,-0.1662180554215485,-0.8847969712710111,0.26107101030115826,0.5941571324168375,-1.0197399130157712,1.3561285689092124,1.1479561495819623,1.468750772209362,-0.08267740147446,0.5485444592996741,-1.1644639717107754,-0.42807250939347835,-0.6492404930893556,0.2332727608290527,0.9061516172620417,2.466900515655734,-1.0670240730349723,1.2798416315923467,-0.5913608932251309,0.696029226343447,2.3558093493917283,False,False,False,True,False,True,False,False,False,False,False,False,False,False,False,True,False,True,False,False,True
-1.0264334069186412,0,0.7457032373777491,0.5719643129789533,0.08984534639226345,-1.573189559483144,-1.1830717019005863,0.37840702535570064,-1.0029610262683273,-1.575009224470179,-0.9846731093934024,0.004571442527850559,-0.6576603301225281,-0.3416327337536044,-0.42807250939347835,1.2002765418458676,1.3919462541777539,-0.1574308176398131,0.1556726718769394,-1.0670240730349723,0.5079233607420311,0.872467823849125,1.3782233939775013,1.188237171842319,False,True,True,False,True,False,False,False,False,False,False,False,False,False,True,False,False,True,False,True,True
2.0398018977570525,0,0.40604796159692597,-1.0274308185554673,1.064487664055538,1.1782012951933094,-0.6400295580813734,0.37840702535570064,1.3561285689092124,0.24030102489791522,1.5064169457785521,-0.6572292745186143,1.7547492487218765,0.48119850420356663,-0.42807250939347835,-1.5739990105569672,0.2332727608290527,3.4891375305951176,-0.6147366093826588,-2.475869879301206,-0.2639949101082846,-0.005829406395428478,-0.3272620251076344,0.020664994292909928,True,False,True,False,True,False,False,False,False,False,False,False,True,False,False,False,False,False,False,False,False
0.9041591923216105,0,0.7804125356327237,-0.9044004238220503,-1.8594392889342857,-1.573189559483144,0.2979523266972669,1.7765539637271726,-1.0029610262683273,1.1479561495819623,-1.052170892429391,0.7907929387223049,-0.6576603301225281,-0.6159098130726615,-0.42807250939347835,1.2002765418458676,0.2332727608290527,-0.00549046979669098,1.696491234396136,0.3418217332312617,0.70090292845461,0.28693633701942267,1.7193204777945283,0.8963441274549668,False,True,True,False,True,False,False,False,False,False,False,False,False,False,True,False,False,True,False,False,False
-1.9349475712669948,1,-0.7393588808172368,0.07984273404528544,0.08984534639226345,-1.573189559483144,1.4827715495755494,-1.0197399130157712,-1.0029610262683273,-0.6673540997861319,-1.0979729594895262,-1.1497223473355154,-0.6576603301225281,2.6754151387560228,2.3360528369758367,-0.6492404930893556,-0.9254007325196485,-1.37295360038479,-0.6147366093826588,1.7506675394974955,-1.0359131809586002,-0.884126636639982,-0.6683591089246615,-1.1469071832564992,False,False,True,False,False,False,True,False,False,False,False,False,False,False,True,False,False,False,True,False,True
-0.7993048658315527,0,0.515134327541132,-1.0274308185554673,0.08984534639226345,-1.573189559483144,1.5321390171954778,0.37840702535570064,-1.0029610262683273,1.1479561495819623,-0.5251457918492836,-1.2268716466944716,-0.6576603301225281,-0.0673556544345474,-0.42807250939347835,-1.5739990105569672,2.550619747526455,-1.0690729046985459,1.696491234396136,0.3418217332312617,-0.6499540455334424,-0.5913608932251309,-0.3272620251076344,-0.5631210944817947,False,True,True,False,True,False,False,False,False,False,False,False,False,False,True,False,False,False,False,False,False
-0.5721763247444642,0,1.3134481874055484,0.2028731287787024,-0.8847969712710111,0.26107101030115826,0.6928920676566944,0.37840702535570064,0.1765837713204426,-1.575009224470179,0.40083941917568516,0.38498762409419496,-0.6576603301225281,-0.8901868923917186,-0.42807250939347835,1.2002765418458676,-0.9254007325196485,-0.6132518611691794,-0.6147366093826588,-1.0670240730349723,-0.07101534239570564,0.28693633701942267,-0.6683591089246615,-0.8550141388691469,False,True,True,False,False,False,True,False,False,False,False,False,False,False,False,False,False,True,False,True,True
-0.5721763247444642,0,0.6440545782024663,1.802268260313123,0.08984534639226345,0.26107101030115826,1.4827715495755494,-1.0197399130157712,0.1765837713204426,-1.575009224470179,0.3945115020160612,0.4002772125126063,-0.6576603301225281,1.0297526628416807,-0.42807250939347835,-0.6492404930893556,-0.9254007325196485,-0.00549046979669098,-0.6147366093826588,0.3418217332312617,0.70090292845461,1.4579993106788274,-0.3272620251076344,1.188237171842319,False,True,True,False,False,False,True,False,False,False,False,False,False,False,False,False,False,False,True,False,False
2.6076232504747736,0,-1.1806628157733428,-0.7813700290886334,0.08984534639226345,0.26107101030115826,-0.8868668961810157,-1.0197399130157712,0.1765837713204426,1.1479561495819623,-0.09997002460026601,0.30096502351962257,0.9506127224404082,0.48119850420356663,-0.42807250939347835,1.2002765418458676,-0.9254007325196485,0.4503305737326754,-0.6147366093826588,0.3418217332312617,-0.07101534239570564,-0.884126636639982,-0.6683591089246615,0.3125580386802622,False,True,False,True,True,False,False,False,False,False,False,False,False,False,False,True,False,False,True,False,False
-0.004354972026743229,0,-0.8261321264546734,-0.7813700290886334,0.08984534639226345,0.26107101030115826,-0.9856018314208724,0.37840702535570064,-1.0029610262683273,-0.6673540997861319,-0.5456361902709229,-0.7137586702307224,-0.6576603301225281,-0.8901868923917186,-0.42807250939347835,0.27551802437825607,-0.9254007325196485,0.2983902258895533,-0.6147366093826588,-1.0670240730349723,0.893882496167189,1.7507650540936786,-0.6683591089246615,0.8963441274549668,True,False,True,False,False,False,False,False,True,False,False,False,False,False,True,False,False,True,False,True,False
1.3584162744957873,0,0.4134856683658491,-0.9044004238220503,-0.8847969712710111,1.1782012951933094,0.49542219717698066,1.7765539637271726,-1.0029610262683273,-0.6673540997861319,-0.8870423875020618,0.31920031245901226,0.9506127224404082,-1.1644639717107754,-0.42807250939347835,0.27551802437825607,-0.9254007325196485,-0.46131151332605735,0.9260819531365376,-1.0670240730349723,-1.0359131809586002,-1.1768923800548332,-0.6683591089246615,-1.1469071832564992,False,True,True,False,False,False,False,False,True,False,True,False,False,False,False,False,False,False,True,True,False
-1.0264334069186412,0,0.904374315114776,-0.6583396343552164,-0.8847969712710111,-1.573189559483144,0.49542219717698066,0.37840702535570064,-1.0029610262683273,0.24030102489791522,-0.8996982218213095,-1.5621204202724817,-0.6576603301225281,-1.1644639717107754,-0.42807250939347835,-0.6492404930893556,2.550619747526455,-0.7651922090123016,-0.6147366093826588,0.3418217332312617,-0.2639949101082846,-0.2985951498102796,-0.6683591089246615,-0.27122805009444234,False,True,True,False,True,False,False,False,False,False,False,False,False,False,True,False,False,False,False,True,False
-0.7993048658315527,0,1.3060104806366253,-0.2892484501549655,0.08984534639226345,0.26107101030115826,0.7916270028965513,0.37840702535570064,0.1765837713204426,1.1479561495819623,0.33756024757944586,-1.4224100527060808,-0.6576603301225281,-1.1644639717107754,-0.42807250939347835,-0.6492404930893556,1.3919462541777539,-0.6132518611691794,-0.6147366093826588,0.3418217332312617,-0.07101534239570564,-1.1768923800548332,-0.3272620251076344,-1.1469071832564992,False,True,True,False,True,False,False,False,False,False,False,False,False,False,False,False,False,False,False,True,True
-0.7993048658315527,0,-0.26830411878543825,-1.0274308185554673,0.08984534639226345,1.1782012951933094,1.0384643409961936,-1.0197399130157712,2.535673366497982,1.1479561495819623,3.200490768226445,-1.5319620577957986,0.14647619615894003,-0.3416327337536044,-0.42807250939347835,-0.6492404930893556,1.3919462541777539,-0.1574308176398131,-0.6147366093826588,-1.0670240730349723,0.12196422531687327,0.872467823849125,-0.3272620251076344,0.8963441274549668,False,True,True,False,True,False,False,False,False,False,False,False,False,True,False,False,False,False,False,False,False
-0.23148351311383164,0,1.2836973603298558,1.3101466813794551,0.08984534639226345,0.26107101030115826,1.1371992762360503,1.7765539637271726,-1.0029610262683273,0.24030102489791522,-0.8792078233996702,1.023783822786353,-1.0597285932632623,0.48119850420356663,-0.42807250939347835,1.2002765418458676,-0.9254007325196485,-1.221013252541668,1.696491234396136,-1.0670240730349723,-1.0359131809586002,-1.1768923800548332,-0.6683591089246615,-1.1469071832564992,False,True,True,False,False,False,False,False,True,False,False,False,False,False,True,False,False,True,False,False,False
-0.3450477836573759,0,-0.6600233419487234,0.07984273404528544,2.0391299817188124,1.1782012951933094,0.7916270028965513,1.7765539637271726,1.3561285689092124,0.24030102489791522,0.8669959832679814,1.0329014672560477,-1.0597285932632623,-0.3416327337536044,-0.42807250939347835,1.2002765418458676,1.3919462541777539,-0.00549046979669098,0.1556726718769394,0.3418217332312617,0.5079233607420311,1.1652335672639762,-0.6683591089246615,1.188237171842319,False,True,False,True,False,True,False,False,False,False,False,False,False,False,False,True,False,False,False,True,True
-1.9349475712669948,0,-1.3318961867414465,1.92529865504654,0.08984534639226345,-0.6560592745909929,-0.44255968760165965,1.7765539637271726,-1.0029610262683273,1.1479561495819623,-0.7559641034812803,0.9645892694600265,-0.6576603301225281,-0.8901868923917186,-0.42807250939347835,1.2002765418458676,-0.9254007325196485,-1.37295360038479,-0.6147366093826588,0.3418217332312617,-1.0359131809586002,-1.1768923800548332,-0.6683591089246615,-0.8550141388691469,False,True,True,False,True,False,False,False,False,False,False,False,False,False,True,False,False,False,True,False,True
-1.4806904890928179,0,-1.0641387430602136,-1.0274308185554673,-0.8847969712710111,1.1782012951933094,-0.936234363800944,0.37840702535570064,-1.0029610262683273,0.24030102489791522,-1.2896184506095651,0.3586165908587699,-0.6576603301225281,1.8525839007988518,2.3360528369758367,1.2002765418458676,0.2332727608290527,-1.37295360038479,-0.6147366093826588,0.3418217332312617,-1.0359131809586002,-1.1768923800548332,-0.6683591089246615,-0.8550141388691469,False,True,True,False,True,False,False,False,False,False,False,False,False,False,True,False,False,True,False,True,False
-1.2535619480057296,1,-0.5038314998013375,1.802268260313123,-1.8594392889342857,0.26107101030115826,0.34731979431719534,-2.417886851387243,-1.0029610262683273,1.1479561495819623,-1.321258036407685,-0.8843287575407057,-0.6576603301225281,-0.3416327337536044,-0.42807250939347835,1.2002765418458676,-0.9254007325196485,-1.37295360038479,0.9260819531365376,0.3418217332312617,-1.0359131809586002,-1.1768923800548332,-0.3272620251076344,-1.1469071832564992,True,False,False,True,True,False,False,False,False,False,False,False,False,False,False,False,True,False,True,True,True
-1.1399976774621854,0,-0.5434992692355942,-0.6583396343552164,-0.8847969712710111,0.26107101030115826,-0.6400295580813734,0.37840702535570064,-1.0029610262683273,1.1479561495819623,-0.7918223007191493,-0.6131840381573194,-0.6576603301225281,1.3040297421607379,2.3360528369758367,-0.6492404930893556,-0.9254007325196485,-0.3093711654829352,-0.6147366093826588,-1.0670240730349723,0.3149437930294522,0.28693633701942267,0.013835058709392709,-0.5631210944817947,False,True,True,False,True,False,False,False,False,False,False,False,False,False,True,False,False,False,True,True,True
2.1533661683005967,0,-1.5500689186298584,-0.1662180554215485,-1.8594392889342857,1.1782012951933094,-1.4299090400002283,-1.0197399130157712,2.535673366497982,-0.6673540997861319,2.433004815580628,1.577715792183659,-0.6576603301225281,-0.0673556544345474,-0.42807250939347835,1.2002765418458676,0.2332727608290527,3.6410778784382396,0.1556726718769394,0.3418217332312617,5.139432985843925,1.4579993106788274,4.448097148330746,-1.1469071832564992,False,False,True,False,False,False,True,False,False,False,False,False,False,False,False,False,False,False,False,True,True
-1.7078190301799063,1,-1.366605484996421,0.07984273404528544,-0.8847969712710111,-1.573189559483144,-1.0349692990408008,-1.0197399130157712,-1.0029610262683273,0.24030102489791522,-0.8671546478575294,1.5378786994237617,-0.6576603301225281,1.3040297421607379,2.3360528369758367,0.27551802437825607,-0.9254007325196485,-1.221013252541668,-0.6147366093826588,-2.475869879301206,-0.8429336132460213,-0.5913608932251309,0.013835058709392709,-0.5631210944817947,True,False,True,False,True,False,False,False,False,False,True,False,False,False,False,False,False,False,True,False,False
-0.23148351311383164,0,-1.6641137557533465,-0.9044004238220503,0.08984534639226345,0.26107101030115826,0.9890968733762651,0.37840702535570064,0.1765837713204426,-1.575009224470179,-0.2907115275546445,-1.1650119357539266,-1.0597285932632623,-0.8901868923917186,-0.42807250939347835,1.2002765418458676,-0.9254007325196485,-0.9171325568554237,0.1556726718769394,0.3418217332312617,-0.6499540455334424,-0.5913608932251309,-0.6683591089246615,-0.5631210944817947,False,True,False,True,False,True,False,False,False,False,False,False,False,False,False,True,False,False,True,False,True
2.6076232504747736,0,1.5539340396007297,1.0640858919126213,1.064487664055538,1.1782012951933094,0.051114988597624714,0.37840702535570064,1.3561285689092124,1.1479561495819623,1.5094302396640873,0.7935983677899034,1.3526809855811424,-0.8901868923917186,-0.42807250939347835,1.2002765418458676,-0.9254007325196485,2.2736147478501407,2.466900515655734,-1.0670240730349723,0.5079233607420311,0.872467823849125,1.037126310160474,0.020664994292909928,False,True,True,False,False,False,True,False,False,False,False,False,True,False,False,False,False,False,True,True,False
-0.23148351311383164,0,-1.6541968133947822,1.187116286646038,0.08984534639226345,0.26107101030115826,-0.9856018314208724,0.37840702535570064,0.1765837713204426,-0.6673540997861319,-0.31903649007867546,1.148765687747862,0.5485444592996741,-0.6159098130726615,-0.42807250939347835,0.27551802437825607,1.3919462541777539,0.7542112694189196,-0.6147366093826588,1.7506675394974955,0.893882496167189,1.1652335672639762,1.037126310160474,1.7720232606170236,True,False,True,False,False,False,True,False,False,False,True,False,False,False,False,False,False,False,False,False,False
-0.9128691363750969,0,-0.027818266590256893,-1.0274308185554673,1.064487664055538,1.1782012951933094,-1.0843367666607293,0.37840702535570064,-1.0029610262683273,0.24030102489791522,-1.0090807898662375,-1.0523739586898504,-1.0597285932632623,-1.1644639717107754,-0.42807250939347835,0.27551802437825607,-0.9254007325196485,-0.7651922090123016,-0.6147366093826588,-1.0670240730349723,-0.4569744778208635,-0.5913608932251309,-0.6683591089246615,-0.5631210944817947,True,False,True,False,False,False,True,False,False,False,True,False,False,False,False,False,False,False,True,True,True
-0.23148351311383164,0,-0.3823489559089263,0.2028731287787024,0.08984534639226345,0.26107101030115826,-0.4919271552215881,-1.0197399130157712,0.1765837713204426,-0.6673540997861319,-0.30517533820521353,1.0504353989285378,0.5485444592996741,-1.1644639717107754,-0.42807250939347835,1.2002765418458676,1.3919462541777539,0.6022709215757975,1.696491234396136,1.7506675394974955,0.70090292845461,1.4579993106788274,-0.3272620251076344,1.188237171842319,True,False,False,False,True,False,False,False,False,True,False,False,False,False,False,False,False,True,False,True,False
-0.11791924257028744,0,-0.1666554596101554,-0.41227884488838246,-1.8594392889342857,0.26107101030115826,0.0017475209776962777,0.37840702535570064,-1.0029610262683273,0.24030102489791522,-0.6016834565418777,-1.167677093368145,-1.0597285932632623,-0.3416327337536044,-0.42807250939347835,1.2002765418458676,-0.9254007325196485,-0.9171325568554237,0.1556726718769394,0.3418217332312617,-0.6499540455334424,-0.5913608932251309,0.013835058709392709,-0.5631210944817947,False,True,True,False,True,False,False,False,False,False,False,False,False,False,True,False,False,True,False,True,True
0.677030651234522,0,-0.4939145574427733,-0.2892484501549655,1.064487664055538,-0.6560592745909929,0.5941571324168375,1.7765539637271726,0.1765837713204426,-0.6673540997861319,-0.9433909831615701,-1.222663503093074,1.3526809855811424,0.20692142488450962,-0.42807250939347835,1.2002765418458676,-0.9254007325196485,1.210032312948286,-0.6147366093826588,0.3418217332312617,-1.0359131809586002,-1.1768923800548332,-0.6683591089246615,-1.1469071832564992,False,True,True,False,False,False,True,False,False,False,False,False,False,False,True,False,False,True,False,False,True
0.7905949217780662,0,-0.6724195198969285,-0.6583396343552164,1.064487664055538,1.1782012951933094,-0.4919271552215881,-1.0197399130157712,1.3561285689092124,1.1479561495819623,1.4247566814805481,0.8443766339134346,0.14647619615894003,-0.3416327337536044,-0.42807250939347835,1.2002765418458676,-0.9254007325196485,1.9697340521638966,0.1556726718769394,1.7506675394974955,2.823678173292978,0.872467823849125,4.448097148330746,3.81527457132849,False,True,False,True,False,True,False,False,False,False,False,False,False,False,False,True,False,False,True,False,False
-0.004354972026743229,0,-0.9253015500403151,-0.9044004238220503,1.064487664055538,0.26107101030115826,-0.6400295580813734,0.37840702535570064,0.1765837713204426,-0.6673540997861319,-0.027952300735974597,-1.6862606565137113,2.5588857750033447,-1.1644639717107754,-0.42807250939347835,1.2002765418458676,-0.9254007325196485,1.210032312948286,-0.6147366093826588,0.3418217332312617,1.8587803347300833,2.921828027753083,1.037126310160474,2.3558093493917283,False,True,True,False,True,False,False,False,False,False,False,False,True,False,False,False,False,False,True,False,True
0.9041591923216105,1,-0.44928831682923454,0.6949947077123703,0.08984534639226345,-1.573189559483144,0.34731979431719534,0.37840702535570064,1.3561285689092124,1.1479561495819623,0.7458615690694662,-0.03779053639288543,-0.6576603301225281,-1.1644639717107754,-0.42807250939347835,1.2002765418458676,0.2332727608290527,-0.00549046979669098,-0.6147366093826588,0.3418217332312617,0.70090292845461,0.872467823849125,-0.6683591089246615,0.3125580386802622,False,True,True,False,False,False,True,False,False,False,False,False,False,False,False,False,False,True,False,False,False
-0.9128691363750969,0,-1.5104011491956018,-0.9044004238220503,0.08984534639226345,1.1782012951933094,-0.6893970257013019,-1.0197399130157712,-1.0029610262683273,1.1479561495819623,-0.49290354727405683,-0.01717063274603712,-0.6576603301225281,-0.8901868923917186,-0.42807250939347835,-0.6492404930893556,0.2332727608290527,-1.221013252541668,-0.6147366093826588,0.3418217332312617,-0.8429336132460213,-0.5913608932251309,0.013835058709392709,-0.5631210944817947,True,False,True,False,True,False,False,False,False,False,True,False,False,False,False,False,False,True,False,True,True
1.69910908612642,0,0.411006432776208,-0.41227884488838246,-0.8847969712710111,-0.6560592745909929,-1.281806637140443,-1.0197399130157712,-1.0029610262683273,0.24030102489791522,-0.8029714880956295,-1.414975665676945,-1.0597285932632623,-0.3416327337536044,-0.42807250939347835,-0.6492404930893556,-0.9254007325196485,-0.3093711654829352,2.466900515655734,-1.0670240730349723,0.12196422531687327,-1.1768923800548332,1.7193204777945283,0.8963441274549668,True,False,True,False,False,False,True,False,False,False,True,False,False,False,False,False,False,False,True,False,False
-0.6857405952880085,0,0.19035446529815506,-0.043187660688131534,-0.8847969712710111,0.26107101030115826,0.2979523266972669,0.37840702535570064,0.1765837713204426,0.24030102489791522,-0.24340281355174181,-0.2085008951562487,1.7547492487218765,0.7554755835226237,-0.42807250939347835,0.27551802437825607,-0.9254007325196485,-0.00549046979669098,0.1556726718769394,0.3418217332312617,0.3149437930294522,-0.005829406395428478,-0.3272620251076344,0.8963441274549668,False,False,True,False,False,False,True,False,False,False,False,False,True,False,False,False,False,False,True,False,True
-0.7993048658315527,1,0.009370267254358779,-0.2892484501549655,0.08984534639226345,-0.6560592745909929,-1.3311741047603716,0.37840702535570064,-1.0029610262683273,0.24030102489791522,-0.6520054644303157,0.4124808289566594,0.14647619615894003,-0.6159098130726615,-0.42807250939347835,-1.5739990105569672,1.3919462541777539,-0.00549046979669098,-0.6147366093826588,0.3418217332312617,0.12196422531687327,0.872467823849125,1.7193204777945283,0.8963441274549668,False,True,True,False,False,False,False,False,True,False,True,False,False,False,False,False,False,False,False,False,True
-0.9128691363750969,0,-0.40218284062605464,-1.0274308185554673,0.08984534639226345,1.1782012951933094,0.8903619381364082,0.37840702535570064,-1.0029610262683273,-1.575009224470179,-1.031379164619198,-1.3483467253214827,-0.25559206698179404,-1.1644639717107754,-0.42807250939347835,-0.6492404930893556,-0.9254007325196485,-0.7651922090123016,-0.6147366093826588,-1.0670240730349723,-0.6499540455334424,-0.5913608932251309,-0.3272620251076344,-0.5631210944817947,False,True,True,False,False,False,False,False,True,False,False,False,False,False,True,False,False,False,True,True,False
-1.2535619480057296,0,-1.3294169511518055,-1.0274308185554673,0.08984534639226345,1.1782012951933094,-1.281806637140443,0.37840702535570064,-1.0029610262683273,-0.6673540997861319,-1.0265578944023417,0.6292002244286365,-0.6576603301225281,0.7554755835226237,-0.42807250939347835,1.2002765418458676,-0.9254007325196485,-1.221013252541668,0.1556726718769394,-1.0670240730349723,-0.8429336132460213,-0.5913608932251309,0.013835058709392709,-0.8550141388691469,False,True,True,False,False,False,True,False,False,False,False,False,False,False,True,False,False,False,True,False,False
-0.45861205420092005,0,-0.49143532185313227,-0.1662180554215485,0.08984534639226345,0.26107101030115826,-0.4919271552215881,1.7765539637271726,0.1765837713204426,1.1479561495819623,0.21280988071828832,-0.3719171383438561,-0.6576603301225281,-0.0673556544345474,-0.42807250939347835,0.27551802437825607,1.3919462541777539,-0.00549046979669098,0.9260819531365376,1.7506675394974955,0.70090292845461,0.872467823849125,-0.6683591089246615,1.188237171842319,False,True,False,True,False,False,True,False,False,False,False,False,False,False,False,True,False,True,False,True,False
2.4940589799312294,0,0.11349816201928266,1.679237865579706,1.064487664055538,-1.573189559483144,1.0878318086161218,0.37840702535570064,-1.0029610262683273,0.24030102489791522,-0.9433909831615701,1.6456071756195405,-0.6576603301225281,-0.8901868923917186,-0.42807250939347835,1.2002765418458676,1.3919462541777539,-1.221013252541668,0.1556726718769394,0.3418217332312617,-0.8429336132460213,-0.5913608932251309,0.013835058709392709,-0.5631210944817947,False,True,True,False,True,False,False,False,False,False,False,False,False,False,True,False,False,False,False,True,False
-0.45861205420092005,1,0.7109939391227744,-0.2892484501549655,-0.8847969712710111,1.1782012951933094,0.6435246000367659,0.37840702535570064,0.1765837713204426,0.24030102489791522,-0.18675288850367994,1.1923901097490175,-0.6576603301225281,0.7554755835226237,-0.42807250939347835,-1.5739990105569672,0.2332727608290527,-0.00549046979669098,0.1556726718769394,0.3418217332312617,0.70090292845461,-0.005829406395428478,-0.3272620251076344,-0.8550141388691469,False,True,True,False,True,False,False,False,False,False,True,False,False,False,False,False,False,True,False,True,False
0.3363378396038894,1,-1.0963688057255472,1.679237865579706,0.08984534639226345,0.26107101030115826,1.334669146715764,0.37840702535570064,-1.0029610262683273,-1.575009224470179,-0.4817543598975766,1.0954625354634924,-1.0597285932632623,-0.6159098130726615,-0.42807250939347835,-1.5739990105569672,-0.9254007325196485,-0.6132518611691794,-0.6147366093826588,0.3418217332312617,-0.2639949101082846,-0.5913608932251309,-0.6683591089246615,-0.27122805009444234,False,True,True,False,False,False,True,False,False,False,False,False,False,False,True,False,False,False,True,True,False
-0.6857405952880085,0,0.8324764830151856,-0.41227884488838246,0.08984534639226345,-1.573189559483144,-0.8868668961810157,-1.0197399130157712,0.1765837713204426,1.1479561495819623,-0.2638932119733812,1.302643472105635,-1.0597285932632623,-0.8901868923917186,-0.42807250939347835,-1.5739990105569672,0.2332727608290527,-0.00549046979669098,2.466900515655734,0.3418217332312617,0.5079233607420311,-0.5913608932251309,1.3782233939775013,0.8963441274549668,False,True,True,False,False,False,False,False,True,False,True,False,False,False,False,False,False,True,False,False,False
-0.004354972026743229,0,-1.1831420513629838,0.07984273404528544,1.064487664055538,1.1782012951933094,-0.14635488188208903,0.37840702535570064,1.3561285689092124,0.24030102489791522,0.47948638958815404,-1.2059712001408633,0.14647619615894003,-0.8901868923917186,-0.42807250939347835,-1.5739990105569672,-0.9254007325196485,-0.00549046979669098,-2.1555551719018555,0.3418217332312617,0.12196422531687327,0.872467823849125,-0.3272620251076344,0.8963441274549668,False,True,True,False,False,False,False,False,True,False,False,False,False,False,False,False,False,True,False,False,False
1.1312877334086988,0,0.4680288513379521,-1.0274308185554673,-0.8847969712710111,1.1782012951933094,-1.0843367666607293,0.37840702535570064,-1.0029610262683273,-1.575009224470179,-0.6266937957918199,1.2081005125275686,1.3526809855811424,-0.8901868923917186,-0.42807250939347835,0.27551802437825607,-0.9254007325196485,-0.00549046979669098,0.1556726718769394,1.7506675394974955,0.12196422531687327,0.5797020804342738,1.037126310160474,0.8963441274549668,False,True,False,False,True,False,False,False,False,True,False,False,False,False,False,False,False,False,True,False,False
-0.9128691363750969,0,1.6704581123138589,-1.0274308185554673,0.08984534639226345,0.26107101030115826,-0.5412946228415165,-2.417886851387243,0.1765837713204426,1.1479561495819623,0.3529280463956754,0.28721842108839035,-1.0597285932632623,-1.1644639717107754,-0.42807250939347835,-1.5739990105569672,2.550619747526455,-0.00549046979669098,2.466900515655734,0.3418217332312617,0.5079233607420311,1.1652335672639762,1.7193204777945283,0.3125580386802622,False,False,True,False,True,False,False,False,False,False,True,False,False,False,False,False,False,True,False,False,False
0.4499021101474336,1,-1.247602176693651,1.92529865504654,1.064487664055538,1.1782012951933094,-0.44255968760165965,-1.0197399130157712,1.3561285689092124,-0.6673540997861319,1.0821451666951951,0.40546725628766334,-0.25559206698179404,-0.8901868923917186,-0.42807250939347835,0.27551802437825607,-0.9254007325196485,-0.1574308176398131,-0.6147366093826588,0.3418217332312617,-0.2639949101082846,-0.005829406395428478,-0.3272620251076344,-1.1469071832564992,False,True,False,True,False,True,False,False,False,False,False,False,False,False,False,True,False,False,True,True,True
1.8126733566699642,1,0.5647190393339528,-0.5353092396217994,0.08984534639226345,-0.6560592745909929,-0.09698741426216059,0.37840702535570064,1.3561285689092124,-0.6673540997861319,0.8868837229125138,1.0084942343679417,2.5588857750033447,1.0297526628416807,-0.42807250939347835,0.27551802437825607,-0.9254007325196485,-0.00549046979669098,-0.6147366093826588,-1.0670240730349723,0.3149437930294522,0.872467823849125,1.7193204777945283,0.8963441274549668,False,True,False,True,True,False,False,False,False,False,False,False,False,False,False,True,False,False,True,True,True
-0.6857405952880085,0,-0.4170582541639009,0.9410554971792042,1.064487664055538,-0.6560592745909929,1.433404081955621,0.37840702535570064,1.3561285689092124,-1.575009224470179,1.9324967011932301,1.6247067290659325,-0.6576603301225281,2.126860980117909,2.3360528369758367,1.2002765418458676,1.3919462541777539,-0.1574308176398131,-0.6147366093826588,0.3418217332312617,0.5079233607420311,-0.884126636639982,-0.6683591089246615,1.188237171842319,False,True,True,False,False,False,True,False,False,False,False,True,False,False,False,False,False,True,False,False,True
0.3363378396038894,0,-0.6897741690244159,1.0640858919126213,-0.8847969712710111,-1.573189559483144,-1.6767463780998706,0.37840702535570064,0.1765837713204426,0.24030102489791522,-0.2919168451088586,-0.13920679718656795,-1.0597285932632623,-1.1644639717107754,-0.42807250939347835,-1.5739990105569672,-0.9254007325196485,-0.1574308176398131,2.466900515655734,0.3418217332312617,0.3149437930294522,0.872467823849125,-0.3272620251076344,0.8963441274549668,False,True,True,False,True,False,False,False,False,False,False,False,True,False,False,False,False,False,True,True,False
-0.5721763247444642,0,-0.53358232687703,-0.9044004238220503,1.064487664055538,1.1782012951933094,-0.44255968760165965,0.37840702535570064,1.3561285689092124,0.24030102489791522,1.3105528432187639,-0.7587858067656769,-0.6576603301225281,1.0297526628416807,-0.42807250939347835,-1.5739990105569672,0.2332727608290527,-0.00549046979669098,1.696491234396136,-1.0670240730349723,0.70090292845461,1.1652335672639762,2.4015146454285827,0.6044510830676145,False,False,False,True,True,False,False,False,False,False,False,False,False,False,False,True,False,False,False,False,True
0.5634663806909778,0,-1.354209307048216,0.07984273404528544,-0.8847969712710111,0.26107101030115826,-1.281806637140443,-2.417886851387243,0.1765837713204426,-0.6673540997861319,0.19533277618218414,1.0842408191930988,-0.6576603301225281,-0.6159098130726615,-0.42807250939347835,-1.5739990105569672,-0.9254007325196485,1.361972660791408,0.9260819531365376,0.3418217332312617,2.43771903786782,-0.5913608932251309,3.083708813062637,1.4801302162296714,False,False,False,True,False,False,True,False,False,False,False,False,False,False,False,True,False,False,True,True,False
-0.5721763247444642,1,0.6390961070231842,-1.0274308185554673,0.08984534639226345,1.1782012951933094,-0.590662090461445,0.37840702535570064,-1.0029610262683273,-0.6673540997861319,-0.9644840403603165,-0.8451930220477079,-0.6576603301225281,-1.1644639717107754,-0.42807250939347835,-1.5739990105569672,-0.9254007325196485,-1.0690729046985459,-0.6147366093826588,1.7506675394974955,-0.6499540455334424,-0.5913608932251309,0.013835058709392709,-0.5631210944817947,True,False,False,True,True,False,False,False,False,False,False,False,False,False,False,False,True,False,True,False,True
0.9041591923216105,1,0.3291916583180536,-0.7813700290886334,0.08984534639226345,-1.573189559483144,1.1371992762360503,0.37840702535570064,-1.0029610262683273,-1.575009224470179,-0.9464042770471053,0.04553070691478735,0.5485444592996741,-0.8901868923917186,-0.42807250939347835,0.27551802437825607,-0.9254007325196485,-0.00549046979669098,0.9260819531365376,1.7506675394974955,-0.6499540455334424,-0.5913608932251309,-0.3272620251076344,-0.5631210944817947,False,True,True,False,True,False,False,False,False,False,True,False,False,False,False,False,False,True,False,True,False
0.4499021101474336,0,-0.8534037179407248,0.8180251024457873,-0.8847969712710111,0.26107101030115826,0.3966872619371238,0.37840702535570064,-1.0029610262683273,0.24030102489791522,-0.590232939776844,-0.8153152024777848,2.5588857750033447,0.20692142488450962,-0.42807250939347835,-0.6492404930893556,0.2332727608290527,-0.6132518611691794,-2.1555551719018555,0.3418217332312617,-0.4569744778208635,-0.5913608932251309,-0.6683591089246615,-1.1469071832564992,False,False,True,False,True,False,False,False,False,False,False,False,False,False,True,False,False,False,False,True,False
-0.23148351311383164,0,0.3490255430351819,-0.043187660688131534,0.08984534639226345,1.1782012951933094,0.9890968733762651,0.37840702535570064,1.3561285689092124,1.1479561495819623,0.903155509894404,-1.2414598778459833,-1.0597285932632623,-1.1644639717107754,-0.42807250939347835,1.2002765418458676,0.2332727608290527,-0.00549046979669098,-2.1555551719018555,-1.0670240730349723,0.5079233607420311,0.872467823849125,-0.3272620251076344,0.6044510830676145,False,True,True,False,True,False,False,False,False,False,False,False,False,False,False,False,False,False,False,True,False
0.4499021101474336,0,-0.6922534046140569,-0.9044004238220503,0.08984534639226345,0.26107101030115826,1.5815064848154063,0.37840702535570064,0.1765837713204426,1.1479561495819623,-0.2536480127625615,1.1376842429308485,-0.6576603301225281,-0.6159098130726615,-0.42807250939347835,0.27551802437825607,-0.9254007325196485,-0.1574308176398131,0.9260819531365376,0.3418217332312617,0.5079233607420311,1.1652335672639762,2.060417561611555,1.188237171842319,False,True,True,False,True,False,False,False,False,False,False,False,False,False,True,False,False,False,True,True,False
0.5634663806909778,0,0.5349682122582603,-1.0274308185554673,0.08984534639226345,0.26107101030115826,0.0017475209776962777,0.37840702535570064,0.1765837713204426,-1.575009224470179,-0.421789811575426,-1.4093648075417482,-1.0597285932632623,0.48119850420356663,-0.42807250939347835,1.2002765418458676,0.2332727608290527,-0.00549046979669098,-0.6147366093826588,0.3418217332312617,0.5079233607420311,-0.2985951498102796,-0.3272620251076344,0.8963441274549668,True,False,False,True,False,True,False,False,False,False,False,False,False,False,False,True,False,False,False,False,False
-0.11791924257028744,0,-0.7939020637893397,-0.6583396343552164,1.064487664055538,0.26107101030115826,1.0384643409961936,0.37840702535570064,0.1765837713204426,0.24030102489791522,-0.37779572084661195,-1.6347810331232804,-0.6576603301225281,-1.1644639717107754,-0.42807250939347835,-0.6492404930893556,-0.9254007325196485,-0.1574308176398131,0.1556726718769394,0.3418217332312617,0.5079233607420311,0.5797020804342738,-0.3272620251076344,-0.8550141388691469,True,False,True,False,True,False,False,False,False,False,False,False,False,False,True,False,False,False,True,True,True
1.69910908612642,0,-0.07988221397271883,-0.5353092396217994,0.08984534639226345,0.26107101030115826,0.8903619381364082,0.37840702535570064,2.535673366497982,-0.6673540997861319,2.568301711041159,0.4549830793307753,-0.6576603301225281,-1.1644639717107754,-0.42807250939347835,-0.6492404930893556,0.2332727608290527,3.4891375305951176,-0.6147366093826588,0.3418217332312617,5.139432985843925,1.4579993106788274,-0.6683591089246615,1.7720232606170236,False,True,False,False,True,False,False,False,False,False,False,True,False,False,False,False,False,False,False,True,True
0.22277356906034518,0,0.5126550919514908,-0.9044004238220503,-0.8847969712710111,-0.6560592745909929,-1.726113845719799,0.37840702535570064,0.1765837713204426,-1.575009224470179,0.4189191824888964,0.7177115115113664,0.14647619615894003,-0.0673556544345474,-0.42807250939347835,1.2002765418458676,0.2332727608290527,0.14644987804643114,0.1556726718769394,0.3418217332312617,0.12196422531687327,0.872467823849125,-0.3272620251076344,0.8963441274549668,False,True,False,True,True,False,False,False,False,False,False,False,False,False,False,True,False,False,False,False,False
-0.23148351311383164,0,-0.7319211740483136,0.6949947077123703,-0.8847969712710111,0.26107101030115826,0.0017475209776962777,0.37840702535570064,0.1765837713204426,-1.575009224470179,0.18749821207979261,1.291702298742001,-0.6576603301225281,-0.8901868923917186,-0.42807250939347835,1.2002765418458676,-0.9254007325196485,-0.00549046979669098,2.466900515655734,1.7506675394974955,0.70090292845461,1.1652335672639762,2.4015146454285827,0.6044510830676145,False,True,False,True,False,False,True,False,False,False,False,False,False,False,False,True,False,False,True,False,False
-1.2535619480057296,0,0.1977921720670782,1.187116286646038,-1.8594392889342857,1.1782012951933094,0.051114988597624714,0.37840702535570064,-1.0029610262683273,1.1479561495819623,-0.5525667662076539,-0.739147803292488,0.14647619615894003,-1.1644639717107754,-0.42807250939347835,0.27551802437825607,2.550619747526455,-0.46131151332605735,2.466900515655734,-1.0670240730349723,-0.6499540455334424,-0.5913608932251309,-0.3272620251076344,-0.5631210944817947,False,True,True,False,False,False,True,False,False,False,True,False,False,False,False,False,False,True,False,True,False
2.4940589799312294,1,-0.4988730286220554,-0.2892484501549655,1.064487664055538,0.26107101030115826,-0.6400295580813734,-1.0197399130157712,1.3561285689092124,-1.575009224470179,1.357560227833113,-0.3256275587284823,1.7547492487218765,-0.3416327337536044,-0.42807250939347835,1.2002765418458676,-0.9254007325196485,3.1852568349088735,-2.1555551719018555,-1.0670240730349723,0.70090292845461,1.4579993106788274,1.037126310160474,1.4801302162296714,False,True,True,False,False,False,True,False,False,False,False,False,True,False,False,False,False,True,False,False,True
0.4499021101474336,0,-1.1732251090044197,-1.0274308185554673,1.064487664055538,-0.6560592745909929,1.0878318086161218,0.37840702535570064,-1.0029610262683273,-0.6673540997861319,-0.9388710423332672,-1.063595674960244,0.14647619615894003,1.8525839007988518,2.3360528369758367,0.27551802437825607,0.2332727608290527,-0.46131151332605735,0.1556726718769394,0.3418217332312617,-0.4569744778208635,-0.5913608932251309,-0.6683591089246615,-0.27122805009444234,False,True,True,False,True,False,False,False,False,False,True,False,False,False,False,False,False,True,False,True,False
-0.004354972026743229,0,-0.48399761508420913,-0.2892484501549655,0.08984534639226345,-1.573189559483144,0.8409944705164797,1.7765539637271726,0.1765837713204426,-1.575009224470179,-0.260277259310739,-1.6949574866232662,-0.25559206698179404,0.20692142488450962,-0.42807250939347835,1.2002765418458676,0.2332727608290527,1.058091965105164,-0.6147366093826588,-1.0670240730349723,1.6658007670175043,0.872467823849125,1.3782233939775013,2.6477023937790807,True,False,False,True,False,True,False,False,False,False,False,False,False,False,False,True,False,True,False,False,False
1.3584162744957873,0,0.13085281114676997,-0.6583396343552164,0.08984534639226345,1.1782012951933094,-0.590662090461445,0.37840702535570064,1.3561285689092124,1.1479561495819623,0.7217552179851846,0.6118065642095264,-0.6576603301225281,-1.1644639717107754,-0.42807250939347835,0.27551802437825607,-0.9254007325196485,0.14644987804643114,-0.6147366093826588,0.3418217332312617,0.70090292845461,1.4579993106788274,-0.6683591089246615,1.188237171842319,False,True,True,False,True,False,False,False,False,False,False,False,True,False,False,False,False,False,True,True,False
-1.0264334069186412,0,1.2117995282302656,0.2028731287787024,0.08984534639226345,0.26107101030115826,1.5815064848154063,1.7765539637271726,-1.0029610262683273,1.1479561495819623,-0.8945756222158997,-1.0965594665045255,2.1568175118626107,-0.3416327337536044,-0.42807250939347835,-0.6492404930893556,0.2332727608290527,-0.7651922090123016,0.9260819531365376,0.3418217332312617,-1.0359131809586002,-1.1768923800548332,-0.6683591089246615,-1.1469071832564992,False,True,False,True,False,False,True,False,False,False,False,False,False,False,False,False,True,True,False,False,False
1.69910908612642,0,1.4944323854493446,0.2028731287787024,-0.8847969712710111,1.1782012951933094,0.7916270028965513,-1.0197399130157712,2.535673366497982,-0.6673540997861319,2.3019265315598463,1.4159828064366107,0.14647619615894003,0.20692142488450962,-0.42807250939347835,-0.6492404930893556,-0.9254007325196485,2.8813761392226294,-1.3851458906422571,-1.0670240730349723,-0.2639949101082846,-0.5913608932251309,-0.6683591089246615,-0.27122805009444234,False,True,True,False,False,False,False,False,True,False,False,False,True,False,False,False,False,False,True,False,False
-2.048511841810539,0,0.797767184760211,-1.0274308185554673,0.08984534639226345,1.1782012951933094,1.5321390171954778,0.37840702535570064,-1.0029610262683273,1.1479561495819623,-1.1727026478507991,0.6958291647840988,-0.6576603301225281,-0.0673556544345474,-0.42807250939347835,0.27551802437825607,-0.9254007325196485,-1.5248939482279122,1.696491234396136,1.7506675394974955,-1.2288927486711791,-1.1768923800548332,-0.6683591089246615,-1.1469071832564992,False,False,True,False,True,False,False,False,False,False,True,False,False,False,False,False,False,False,True,False,False
-0.11791924257028744,0,0.036641858740410274,-1.0274308185554673,0.08984534639226345,1.1782012951933094,-0.2944572847418743,-1.0197399130157712,0.1765837713204426,1.1479561495819623,-0.04211478199799006,-0.49072705935664873,-1.0597285932632623,-0.8901868923917186,-0.42807250939347835,-0.6492404930893556,0.2332727608290527,-0.00549046979669098,-2.1555551719018555,0.3418217332312617,0.5079233607420311,0.872467823849125,-0.6683591089246615,-1.1469071832564992,False,True,True,False,False,False,True,False,False,False,True,False,False,False,False,False,False,True,False,False,False
-1.0264334069186412,0,-0.022859795410974805,-0.9044004238220503,-1.8594392889342857,1.1782012951933094,-1.1337042342806578,-2.417886851387243,0.1765837713204426,1.1479561495819623,-0.13010296345561806,0.8483042346080724,0.14647619615894003,1.3040297421607379,2.3360528369758367,-0.6492404930893556,-0.9254007325196485,-0.3093711654829352,0.1556726718769394,0.3418217332312617,-0.07101534239570564,-0.5913608932251309,-0.6683591089246615,-1.1469071832564992,True,False,False,True,True,False,False,False,False,False,False,False,False,False,False,True,False,False,True,True,False
2.1533661683005967,1,-1.3269377155621644,0.44893391824553636,1.064487664055538,-1.573189559483144,0.9397294057563366,1.7765539637271726,2.535673366497982,0.24030102489791522,2.468561683429943,-0.7108129697097441,1.3526809855811424,0.48119850420356663,-0.42807250939347835,0.27551802437825607,-0.9254007325196485,2.1216744000070187,-0.6147366093826588,-1.0670240730349723,2.43771903786782,0.872467823849125,0.3549321425264198,1.188237171842319,False,True,False,True,False,True,False,False,False,False,False,False,False,False,False,True,False,False,True,True,True
2.266930438844141,0,1.405179904222267,1.679237865579706,0.08984534639226345,1.1782012951933094,0.10048245621755315,0.37840702535570064,2.535673366497982,-0.6673540997861319,2.3802721725837617,0.5457387096675839,0.5485444592996741,-0.8901868923917186,-0.42807250939347835,-1.5739990105569672,0.2332727608290527,3.4891375305951176,-2.1555551719018555,0.3418217332312617,2.43771903786782,3.5073595145827854,4.448097148330746,1.4801302162296714,False,True,True,False,True,False,False,False,False,False,False,False,True,False,False,False,False,True,False,True,True
-0.23148351311383164,0,0.48786273605508046,2.048329049779957,-1.8594392889342857,-1.573189559483144,1.2853016790958356,-1.0197399130157712,-1.0029610262683273,0.24030102489791522,-1.0467469634354276,0.2169424229450502,-0.6576603301225281,1.3040297421607379,2.3360528369758367,0.27551802437825607,2.550619747526455,-0.7651922090123016,-0.6147366093826588,0.3418217332312617,-0.2639949101082846,-0.005829406395428478,-0.6683591089246615,-1.1469071832564992,False,False,True,False,False,False,False,False,True,False,False,False,False,False,True,False,False,False,False,False,False
0.4499021101474336,0,0.9911475607522126,-0.9044004238220503,-1.8594392889342857,-0.6560592745909929,1.1371992762360503,1.7765539637271726,0.1765837713204426,0.24030102489791522,0.2634332179952798,-0.06402129817493057,0.9506127224404082,1.3040297421607379,2.3360528369758367,-0.6492404930893556,2.550619747526455,0.7542112694189196,-2.1555551719018555,0.3418217332312617,1.086862063879768,2.04353079750853,3.083708813062637,1.188237171842319,False,True,True,False,False,False,True,False,False,False,False,False,False,False,False,False,False,False,False,False,False
-0.23148351311383164,0,-1.2823114749486255,2.417420233980208,0.08984534639226345,-0.6560592745909929,0.9890968733762651,0.37840702535570064,0.1765837713204426,0.24030102489791522,-0.022227042353457706,0.441376748352923,0.5485444592996741,-0.6159098130726615,-0.42807250939347835,-1.5739990105569672,1.3919462541777539,-0.00549046979669098,-1.3851458906422571,0.3418217332312617,0.3149437930294522,0.872467823849125,1.7193204777945283,0.8963441274549668,False,True,True,False,False,False,True,False,False,False,True,False,False,False,False,False,False,True,False,True,False
-0.5721763247444642,1,-0.24599099847866884,-0.9044004238220503,0.08984534639226345,0.26107101030115826,1.1865667438559788,-1.0197399130157712,-1.0029610262683273,1.1479561495819623,-0.818941945688966,-0.3454058336550511,1.7547492487218765,-0.3416327337536044,-0.42807250939347835,0.27551802437825607,-0.9254007325196485,-1.0690729046985459,0.1556726718769394,1.7506675394974955,-1.0359131809586002,-1.1768923800548332,-0.6683591089246615,-1.1469071832564992,True,False,False,True,True,False,False,False,False,False,False,False,False,False,False,False,True,False,True,False,False
-0.11791924257028744,1,-0.34763965765395166,1.0640858919126213,1.064487664055538,1.1782012951933094,0.051114988597624714,0.37840702535570064,0.1765837713204426,0.24030102489791522,-0.26781049402457696,1.254530363596322,-1.0597285932632623,0.7554755835226237,-0.42807250939347835,0.27551802437825607,0.2332727608290527,-0.7651922090123016,-2.1555551719018555,-1.0670240730349723,-0.4569744778208635,-0.5913608932251309,0.3549321425264198,-0.5631210944817947,True,False,False,True,False,True,False,False,False,False,False,False,False,False,False,True,False,True,False,False,True
0.22277356906034518,0,-0.2707833543750793,-0.2892484501549655,0.08984534639226345,1.1782012951933094,-0.44255968760165965,1.7765539637271726,-1.0029610262683273,0.24030102489791522,-0.8716745886858321,0.19688360511172157,-0.6576603301225281,-1.1644639717107754,-0.42807250939347835,1.2002765418458676,2.550619747526455,-0.9171325568554237,-0.6147366093826588,0.3418217332312617,-0.4569744778208635,-0.5913608932251309,-0.6683591089246615,-0.27122805009444234,True,False,True,False,True,False,False,False,False,False,False,False,False,False,True,False,False,False,False,True,False
-0.23148351311383164,0,-0.9872824397813412,-0.9044004238220503,1.064487664055538,0.26107101030115826,1.5815064848154063,0.37840702535570064,0.1765837713204426,1.1479561495819623,0.35684532844687117,-1.1476182755348165,-0.6576603301225281,-1.1644639717107754,-0.42807250939347835,1.2002765418458676,-0.9254007325196485,0.6022709215757975,-0.6147366093826588,1.7506675394974955,1.4728211993049256,2.04353079750853,0.696029226343447,2.063916305004376,False,True,True,False,False,False,False,False,True,False,False,False,False,False,False,False,False,False,True,False,False
-0.9128691363750969,0,-0.16417622402051435,2.048329049779957,0.08984534639226345,0.26107101030115826,-0.8868668961810157,-1.0197399130157712,0.1765837713204426,-1.575009224470179,-0.2346642612836897,1.3869466155869672,-0.6576603301225281,-1.1644639717107754,-0.42807250939347835,0.27551802437825607,0.2332727608290527,-0.7651922090123016,-2.1555551719018555,0.3418217332312617,-0.2639949101082846,-0.2985951498102796,-0.6683591089246615,0.020664994292909928,False,True,False,True,True,False,False,False,False,False,False,False,False,False,False,True,False,True,False,True,False
-0.5721763247444642,1,-1.1707458734147786,1.556207470846289,1.064487664055538,1.1782012951933094,1.5815064848154063,0.37840702535570064,0.1765837713204426,0.24030102489791522,0.20376999906168272,0.9415847511057195,-0.6576603301225281,-0.0673556544345474,-0.42807250939347835,1.2002765418458676,1.3919462541777539,-0.00549046979669098,0.1556726718769394,-1.0670240730349723,0.70090292845461,-0.5913608932251309,1.3782233939775013,0.8963441274549668,False,True,True,False,False,False,True,False,False,False,False,False,True,False,False,False,False,True,False,True,True
0.3363378396038894,0,1.725001295285962,1.4331770761128722,1.064487664055538,-1.573189559483144,-1.0843367666607293,-1.0197399130157712,0.1765837713204426,1.1479561495819623,0.185991565137025,-1.51176296850909,0.14647619615894003,-0.8901868923917186,-0.42807250939347835,1.2002765418458676,1.3919462541777539,-0.3093711654829352,-0.6147366093826588,1.7506675394974955,-0.2639949101082846,-0.005829406395428478,-0.3272620251076344,0.020664994292909928,False,True,False,True,True,False,False,False,False,False,False,False,False,False,False,True,False,True,False,True,True
1.69910908612642,0,-0.6476271640005181,-0.9044004238220503,0.08984534639226345,-0.6560592745909929,-0.6893970257013019,0.37840702535570064,1.3561285689092124,-0.6673540997861319,1.534741908302583,0.14736778206860962,-0.25559206698179404,-1.1644639717107754,-0.42807250939347835,-0.6492404930893556,-0.9254007325196485,0.6022709215757975,1.696491234396136,0.3418217332312617,-0.4569744778208635,-0.5913608932251309,0.3549321425264198,-0.5631210944817947,True,False,False,True,False,True,False,False,False,False,False,False,False,False,False,True,False,True,False,True,False
0.5634663806909778,0,0.9861890895729304,1.556207470846289,0.08984534639226345,1.1782012951933094,0.4460547295570522,0.37840702535570064,0.1765837713204426,1.1479561495819623,-0.010776525588423925,-0.054903653705235735,0.14647619615894003,-0.3416327337536044,-0.42807250939347835,-1.5739990105569672,1.3919462541777539,0.2983902258895533,0.9260819531365376,-1.0670240730349723,-0.07101534239570564,-0.5913608932251309,0.3549321425264198,-0.27122805009444234,True,False,True,False,True,False,False,False,False,False,False,False,False,False,True,False,False,False,False,False,True
0.10920929851680099,0,1.5787263954971402,-0.6583396343552164,-1.8594392889342857,0.26107101030115826,-0.590662090461445,0.37840702535570064,-1.0029610262683273,0.24030102489791522,-0.7553614447041732,-1.2852245713005186,1.7547492487218765,-0.0673556544345474,-0.42807250939347835,1.2002765418458676,-0.9254007325196485,-0.3093711654829352,-0.6147366093826588,0.3418217332312617,-0.07101534239570564,-0.005829406395428478,-0.3272620251076344,-0.27122805009444234,False,True,True,False,True,False,False,False,False,False,False,False,False,False,True,False,False,True,False,True,True
-0.3450477836573759,0,0.7655371220948775,-0.5353092396217994,-1.8594392889342857,-0.6560592745909929,-0.2450898171219459,0.37840702535570064,0.1765837713204426,1.1479561495819623,1.3545469339475777,0.6941459073435398,1.3526809855811424,-0.6159098130726615,-0.42807250939347835,-1.5739990105569672,-0.9254007325196485,-0.3093711654829352,-0.6147366093826588,1.7506675394974955,-0.2639949101082846,-0.005829406395428478,-0.3272620251076344,-0.5631210944817947,True,False,False,True,True,False,False,False,False,False,False,False,False,False,False,True,False,True,False,True,False
-0.45861205420092005,0,-0.751755058765442,-0.9044004238220503,-1.8594392889342857,0.26107101030115826,-1.4792765076201568,0.37840702535570064,0.1765837713204426,-0.6673540997861319,-0.429323046289264,0.863032737212964,-1.0597285932632623,-0.6159098130726615,-0.42807250939347835,-1.5739990105569672,2.550619747526455,-0.9171325568554237,0.1556726718769394,-1.0670240730349723,-0.6499540455334424,-0.5913608932251309,-0.3272620251076344,-0.5631210944817947,False,True,False,True,False,True,False,False,False,False,False,False,False,False,False,True,False,True,False,True,True
0.3363378396038894,0,1.6927712326206281,1.92529865504654,-0.8847969712710111,0.26107101030115826,0.24858485907733846,0.37840702535570064,1.3561285689092124,0.24030102489791522,1.6323726301939236,-1.5283150000079206,0.14647619615894003,1.5783068214797948,2.3360528369758367,-0.6492404930893556,0.2332727608290527,0.4503305737326754,-0.6147366093826588,0.3418217332312617,-0.07101534239570564,-0.005829406395428478,-0.6683591089246615,0.3125580386802622,False,False,True,False,True,False,False,False,False,False,False,False,False,False,False,False,False,True,False,True,False
-1.2535619480057296,0,1.41261761099119,1.0640858919126213,-1.8594392889342857,-1.573189559483144,1.334669146715764,1.7765539637271726,0.1765837713204426,0.24030102489791522,0.21974045665501932,-0.2619443188939984,-0.25559206698179404,-1.1644639717107754,-0.42807250939347835,-0.6492404930893556,-0.9254007325196485,-0.6132518611691794,0.1556726718769394,-1.0670240730349723,-0.6499540455334424,-0.5913608932251309,-0.3272620251076344,-0.5631210944817947,False,True,False,True,True,False,False,False,False,False,False,False,False,False,False,True,False,True,False,True,False
1.8126733566699642,0,-1.1905797581319069,2.294389839246791,-0.8847969712710111,1.1782012951933094,-0.34382475236180277,1.7765539637271726,2.535673366497982,0.24030102489791522,2.3335661173579663,-0.6471297298752601,-0.25559206698179404,-1.1644639717107754,-0.42807250939347835,-0.6492404930893556,0.2332727608290527,2.1216744000070187,0.1556726718769394,-1.0670240730349723,-0.2639949101082846,-0.2985951498102796,-0.6683591089246615,-0.5631210944817947,True,False,True,False,False,False,True,False,False,False,False,False,True,False,False,False,False,True,False,False,True
0.7905949217780662,0,0.31679548036984834,-0.41227884488838246,0.08984534639226345,-1.573189559483144,0.34731979431719534,-1.0197399130157712,0.1765837713204426,0.24030102489791522,-0.4284190581236034,0.7937386392432834,-0.6576603301225281,-0.3416327337536044,-0.42807250939347835,-1.5739990105569672,-0.9254007325196485,1.5139130086345303,0.1556726718769394,-2.475869879301206,2.630698605580399,0.872467823849125,-0.3272620251076344,1.188237171842319,False,True,True,False,False,False,True,False,False,False,False,False,False,False,True,False,False,False,True,False,True
-1.0264334069186412,0,-1.4806503221199092,0.07984273404528544,0.08984534639226345,1.1782012951933094,1.5815064848154063,-1.0197399130157712,0.1765837713204426,1.1479561495819623,0.08022494975473929,-1.016183923717831,-0.6576603301225281,-1.1644639717107754,-0.42807250939347835,1.2002765418458676,-0.9254007325196485,-0.6132518611691794,0.1556726718769394,0.3418217332312617,-0.07101534239570564,-0.5913608932251309,0.696029226343447,0.020664994292909928,False,True,False,True,False,True,False,False,False,False,False,False,False,False,False,True,False,True,False,False,True
-1.0264334069186412,1,-1.6541968133947822,0.9410554971792042,1.064487664055538,1.1782012951933094,-0.7387644933212303,0.37840702535570064,-1.0029610262683273,0.24030102489791522,-0.9367617366133926,1.590199951534472,-0.6576603301225281,-0.6159098130726615,-0.42807250939347835,1.2002765418458676,-0.9254007325196485,-0.3093711654829352,-0.6147366093826588,0.3418217332312617,0.3149437930294522,-0.5913608932251309,1.7193204777945283,0.8963441274549668,False,True,True,False,True,False,False,False,False,False,False,False,False,False,True,False,False,False,True,False,True
-1.1399976774621854,0,-0.2955757102714897,-0.9044004238220503,-1.8594392889342857,-1.573189559483144,-1.4792765076201568,-1.0197399130157712,-1.0029610262683273,1.1479561495819623,-0.4817543598975766,-1.4440118565265885,-1.0597285932632623,-0.8901868923917186,-0.42807250939347835,1.2002765418458676,-0.9254007325196485,-0.7651922090123016,-0.6147366093826588,0.3418217332312617,-0.4569744778208635,-0.2985951498102796,-0.3272620251076344,-0.8550141388691469,False,True,True,False,False,False,True,False,False,False,False,False,False,False,True,False,False,False,True,True,False
1.8126733566699642,0,-1.3492508358689337,-0.1662180554215485,1.064487664055538,0.26107101030115826,-0.590662090461445,0.37840702535570064,-1.0029610262683273,-1.575009224470179,-0.7692225965776351,0.4234220023202932,2.5588857750033447,-0.6159098130726615,-0.42807250939347835,0.27551802437825607,-0.9254007325196485,0.2983902258895533,-0.6147366093826588,-2.475869879301206,-0.2639949101082846,-0.005829406395428478,-0.6683591089246615,0.020664994292909928,False,True,True,False,False,False,False,True,False,False,True,False,False,False,False,False,False,True,False,False,False
0.10920929851680099,0,1.6357488140588843,0.2028731287787024,0.08984534639226345,-1.573189559483144,1.3840366143356926,0.37840702535570064,-1.0029610262683273,0.24030102489791522,-0.5646199417497947,0.6679151455614947,0.5485444592996741,0.7554755835226237,-0.42807250939347835,-1.5739990105569672,-0.9254007325196485,-0.3093711654829352,2.466900515655734,0.3418217332312617,-0.6499540455334424,-0.5913608932251309,-0.6683591089246615,-0.5631210944817947,False,True,True,False,False,False,True,False,False,False,True,False,False,False,False,False,False,False,True,False,False
-0.11791924257028744,0,-1.4930465000681143,1.0640858919126213,-0.8847969712710111,0.26107101030115826,-0.2944572847418743,0.37840702535570064,1.3561285689092124,1.1479561495819623,1.1629014428275386,0.785462623493868,-0.25559206698179404,-1.1644639717107754,-0.42807250939347835,0.27551802437825607,-0.9254007325196485,-0.00549046979669098,-0.6147366093826588,0.3418217332312617,-0.8429336132460213,-0.5913608932251309,0.013835058709392709,-0.5631210944817947,True,False,True,False,True,False,False,False,False,False,False,False,True,False,False,False,False,False,True,True,False
-1.2535619480057296,0,0.3639009565730282,-1.0274308185554673,0.08984534639226345,-1.573189559483144,0.7422595352766228,0.37840702535570064,-1.0029610262683273,1.1479561495819623,-0.685151697171203,-1.3233784066198568,0.5485444592996741,-1.1644639717107754,-0.42807250939347835,-0.6492404930893556,0.2332727608290527,-0.46131151332605735,-0.6147366093826588,-1.0670240730349723,-0.6499540455334424,-0.5913608932251309,-0.6683591089246615,-0.5631210944817947,False,True,True,False,False,False,False,False,True,False,True,False,False,False,False,False,False,True,False,True,False
-1.1399976774621854,0,-0.37243201355036215,-0.2892484501549655,0.08984534639226345,0.26107101030115826,1.6802414200552631,1.7765539637271726,-1.0029610262683273,-1.575009224470179,-0.5799877405660243,1.2950688136231192,-1.0597285932632623,-0.8901868923917186,-0.42807250939347835,1.2002765418458676,-0.9254007325196485,-0.3093711654829352,-0.6147366093826588,0.3418217332312617,0.12196422531687327,0.872467823849125,-0.6683591089246615,0.8963441274549668,False,True,True,False,False,False,False,True,False,False,True,False,False,False,False,False,False,False,True,True,False
-0.7993048658315527,0,-1.1657874022354964,0.9410554971792042,0.08984534639226345,-0.6560592745909929,-0.7387644933212303,-1.0197399130157712,1.3561285689092124,-1.575009224470179,0.7488748629550014,-0.6417994146468231,-0.6576603301225281,-0.6159098130726615,-0.42807250939347835,-1.5739990105569672,-0.9254007325196485,-0.00549046979669098,0.1556726718769394,-1.0670240730349723,0.70090292845461,1.4579993106788274,-0.6683591089246615,1.4801302162296714,False,True,False,False,False,False,False,True,False,True,False,False,False,False,False,False,False,False,True,True,False
1.4719805450393315,1,1.6679788767242179,2.294389839246791,-0.8847969712710111,-1.573189559483144,1.5321390171954778,-1.0197399130157712,0.1765837713204426,-1.575009224470179,-0.36724919224723873,1.173453463542728,0.14647619615894003,1.3040297421607379,2.3360528369758367,-1.5739990105569672,-0.9254007325196485,1.5139130086345303,-0.6147366093826588,0.3418217332312617,-0.4569744778208635,-0.2985951498102796,-0.3272620251076344,-0.27122805009444234,True,False,True,False,True,False,False,False,False,False,True,False,False,False,False,False,False,False,True,True,False
-0.7993048658315527,1,-1.1533912242872912,0.5719643129789533,-1.8594392889342857,0.26107101030115826,0.8903619381364082,0.37840702535570064,1.3561285689092124,1.1479561495819623,0.61779657893422,1.2043131832863105,-1.0597285932632623,-0.8901868923917186,-0.42807250939347835,-1.5739990105569672,-0.9254007325196485,-0.1574308176398131,-1.3851458906422571,0.3418217332312617,0.3149437930294522,0.872467823849125,1.7193204777945283,0.8963441274549668,True,False,True,False,False,False,False,True,False,False,False,False,False,False,False,False,False,False,True,False,True
2.1533661683005967,0,0.8275180118359036,-1.0274308185554673,1.064487664055538,-0.6560592745909929,0.7422595352766228,1.7765539637271726,2.535673366497982,1.1479561495819623,2.781040259359944,-0.2707814204569334,-0.25559206698179404,-0.6159098130726615,-0.42807250939347835,1.2002765418458676,1.3919462541777539,3.1852568349088735,0.9260819531365376,1.7506675394974955,0.12196422531687327,0.872467823849125,-0.6683591089246615,-1.1469071832564992,False,True,True,False,False,False,True,False,False,False,False,False,False,True,False,False,False,False,False,True,False
-0.004354972026743229,0,0.9217289642422632,-0.7813700290886334,1.064487664055538,-1.573189559483144,1.6308739524353348,0.37840702535570064,0.1765837713204426,-0.6673540997861319,1.137589774189043,0.9003449438120229,0.14647619615894003,0.20692142488450962,-0.42807250939347835,1.2002765418458676,-0.9254007325196485,0.7542112694189196,0.1556726718769394,0.3418217332312617,-0.2639949101082846,-0.005829406395428478,-0.6683591089246615,-0.8550141388691469,False,True,False,True,False,True,False,False,False,False,False,False,False,False,False,True,False,False,True,False,True
-0.5721763247444642,1,-0.33524347970574647,-1.0274308185554673,1.064487664055538,-0.6560592745909929,-0.7881319609411588,-2.417886851387243,-1.0029610262683273,0.24030102489791522,-1.2486376537662864,0.2538338151839693,-0.6576603301225281,-0.8901868923917186,-0.42807250939347835,-0.6492404930893556,-0.9254007325196485,-1.37295360038479,0.1556726718769394,0.3418217332312617,-1.0359131809586002,-1.1768923800548332,-0.6683591089246615,-1.1469071832564992,True,False,False,True,True,False,False,False,False,False,False,False,False,False,False,False,True,False,True,False,False
-0.6857405952880085,0,0.13085281114676997,-0.2892484501549655,1.064487664055538,1.1782012951933094,0.34731979431719534,0.37840702535570064,0.1765837713204426,-1.575009224470179,-0.21809114491324608,-0.22210722613410097,1.7547492487218765,-0.3416327337536044,-0.42807250939347835,-0.6492404930893556,1.3919462541777539,-0.3093711654829352,0.1556726718769394,0.3418217332312617,-0.6499540455334424,-0.5913608932251309,-0.6683591089246615,-0.5631210944817947,False,True,False,True,False,True,False,False,False,False,False,False,False,False,False,True,False,False,False,False,False
-0.5721763247444642,0,-1.5376727406816533,-0.1662180554215485,2.0391299817188124,-1.573189559483144,1.334669146715764,0.37840702535570064,2.535673366497982,-0.6673540997861319,3.2902869260153937,-0.7711296946631099,0.14647619615894003,-1.1644639717107754,-0.42807250939347835,0.27551802437825607,-0.9254007325196485,-0.1574308176398131,0.1556726718769394,1.7506675394974955,-0.6499540455334424,-0.5913608932251309,-0.3272620251076344,-1.1469071832564992,False,True,True,False,True,False,False,False,False,False,False,False,False,True,False,False,False,False,True,False,False
-0.23148351311383164,0,-0.6005216877973383,-1.0274308185554673,1.064487664055538,1.1782012951933094,1.2359342114759073,0.37840702535570064,-1.0029610262683273,-1.575009224470179,-0.7553614447041732,0.833154917643041,0.9506127224404082,-0.3416327337536044,-0.42807250939347835,0.27551802437825607,1.3919462541777539,-0.00549046979669098,-0.6147366093826588,0.3418217332312617,-0.4569744778208635,-0.2985951498102796,-0.3272620251076344,-0.27122805009444234,True,False,True,False,False,False,False,True,False,False,False,False,False,False,True,False,False,False,False,True,False
-0.5721763247444642,1,-1.4880880288888323,-0.1662180554215485,0.08984534639226345,-1.573189559483144,-1.5780114428600138,-1.0197399130157712,-1.0029610262683273,-0.6673540997861319,-1.2781679338445313,1.1106118524285238,-0.6576603301225281,-0.8901868923917186,-0.42807250939347835,0.27551802437825607,-0.9254007325196485,-1.37295360038479,0.1556726718769394,1.7506675394974955,-1.0359131809586002,-1.1768923800548332,-0.6683591089246615,-1.1469071832564992,False,True,True,False,True,False,False,False,False,False,False,False,False,False,True,False,False,False,True,False,False
-1.0264334069186412,0,1.4250137889393955,0.2028731287787024,-1.8594392889342857,-0.6560592745909929,1.2359342114759073,0.37840702535570064,-1.0029610262683273,-1.575009224470179,-1.0256539062366812,-0.934966752210857,-1.0597285932632623,-0.3416327337536044,-0.42807250939347835,-0.6492404930893556,-0.9254007325196485,-0.6132518611691794,0.1556726718769394,1.7506675394974955,-0.2639949101082846,-1.1768923800548332,-0.3272620251076344,0.020664994292909928,False,True,True,False,True,False,False,False,False,False,True,False,False,False,False,False,False,True,False,True,False
-0.004354972026743229,0,-1.5624650965780635,-0.6583396343552164,1.064487664055538,-1.573189559483144,-1.4299090400002283,-1.0197399130157712,0.1765837713204426,1.1479561495819623,0.09257945468543363,1.1585846894844565,-0.6576603301225281,0.20692142488450962,-0.42807250939347835,0.27551802437825607,-0.9254007325196485,-0.00549046979669098,-0.6147366093826588,-1.0670240730349723,0.70090292845461,-0.005829406395428478,-0.3272620251076344,1.188237171842319,False,True,True,False,True,False,False,False,False,False,True,False,False,False,False,False,False,False,True,True,False
-0.004354972026743229,0,-1.1732251090044197,0.8180251024457873,1.064487664055538,0.26107101030115826,1.5815064848154063,-1.0197399130157712,0.1765837713204426,-1.575009224470179,0.04346276435120978,-0.11928825080661924,0.5485444592996741,-0.6159098130726615,-0.42807250939347835,-1.5739990105569672,1.3919462541777539,0.14644987804643114,0.1556726718769394,-1.0670240730349723,-0.6499540455334424,-0.5913608932251309,-0.6683591089246615,-0.5631210944817947,False,True,False,True,False,True,False,False,False,False,False,False,False,False,False,True,False,True,False,False,False
1.244852003952243,0,-0.8360490688132375,-1.0274308185554673,0.08984534639226345,-1.573189559483144,0.3966872619371238,0.37840702535570064,-1.0029610262683273,1.1479561495819623,-0.6275977839574806,-0.5806410609731778,1.7547492487218765,-0.8901868923917186,-0.42807250939347835,0.27551802437825607,0.2332727608290527,1.058091965105164,-0.6147366093826588,-1.0670240730349723,-0.07101534239570564,0.28693633701942267,-0.3272620251076344,-0.5631210944817947,False,True,True,False,False,False,False,False,True,False,False,False,False,False,True,False,False,True,False,True,False
-1.2535619480057296,1,-1.0393463871638031,-0.043187660688131534,-0.8847969712710111,-1.573189559483144,0.10048245621755315,-1.0197399130157712,-1.0029610262683273,-1.575009224470179,-0.33229498317503037,0.11748996249868657,0.14647619615894003,-0.8901868923917186,-0.42807250939347835,-1.5739990105569672,-0.9254007325196485,-0.6132518611691794,-0.6147366093826588,0.3418217332312617,-0.6499540455334424,-0.5913608932251309,0.013835058709392709,-0.5631210944817947,False,True,False,True,True,False,False,False,False,False,False,False,False,False,False,False,True,True,False,True,False
0.10920929851680099,0,1.514266270166473,-0.5353092396217994,-0.8847969712710111,0.26107101030115826,0.8903619381364082,1.7765539637271726,-1.0029610262683273,0.24030102489791522,-0.6034914328731988,1.5606026748713087,-1.0597285932632623,-0.3416327337536044,-0.42807250939347835,-1.5739990105569672,-0.9254007325196485,-0.46131151332605735,-0.6147366093826588,-2.475869879301206,-0.07101534239570564,0.28693633701942267,-0.3272620251076344,-0.27122805009444234,False,False,True,False,False,False,False,False,True,False,True,False,False,False,False,False,False,False,True,True,False
2.266930438844141,0,1.122547047003188,-1.0274308185554673,-0.8847969712710111,-1.573189559483144,1.1865667438559788,0.37840702535570064,-1.0029610262683273,-1.575009224470179,-1.0355977760589474,-0.5401026109463808,-0.25559206698179404,1.8525839007988518,2.3360528369758367,1.2002765418458676,0.2332727608290527,-0.7651922090123016,0.1556726718769394,1.7506675394974955,-0.6499540455334424,-0.5913608932251309,-0.3272620251076344,-1.1469071832564992,False,True,True,False,True,False,False,False,False,False,False,False,False,False,True,False,False,True,False,False,False
-1.3671262185492736,0,1.6704581123138589,-0.6583396343552164,-1.8594392889342857,1.1782012951933094,-1.1830717019005863,0.37840702535570064,0.1765837713204426,0.24030102489791522,-0.4040113776507683,0.12155783464670426,-0.6576603301225281,-0.8901868923917186,-0.42807250939347835,0.27551802437825607,1.3919462541777539,-0.7651922090123016,0.1556726718769394,0.3418217332312617,-0.2639949101082846,-0.005829406395428478,-0.6683591089246615,-0.27122805009444234,False,True,False,True,False,False,True,False,False,False,False,False,False,False,False,True,False,True,False,False,True
-0.45861205420092005,0,-0.4988730286220554,-0.2892484501549655,2.0391299817188124,1.1782012951933094,1.5321390171954778,0.37840702535570064,0.1765837713204426,1.1479561495819623,1.1152913994360825,1.2622452935322177,0.5485444592996741,-0.8901868923917186,-0.42807250939347835,0.27551802437825607,0.2332727608290527,-0.46131151332605735,0.1556726718769394,-1.0670240730349723,-0.4569744778208635,-0.2985951498102796,-0.6683591089246615,-0.27122805009444234,False,True,False,True,False,True,False,False,False,False,False,False,False,False,False,True,False,True,False,True,False
-0.23148351311383164,0,-0.9947201465502644,-1.0274308185554673,0.08984534639226345,1.1782012951933094,0.9890968733762651,-1.0197399130157712,-1.0029610262683273,-0.6673540997861319,-0.6655652869152241,-1.4919846935825214,0.9506127224404082,0.48119850420356663,-0.42807250939347835,-1.5739990105569672,0.2332727608290527,-0.46131151332605735,-0.6147366093826588,-1.0670240730349723,-0.2639949101082846,-0.005829406395428478,-0.6683591089246615,-0.5631210944817947,False,True,True,False,True,False,False,False,False,False,True,False,False,False,False,False,False,True,False,False,False
0.5634663806909778,0,1.1919656435131372,-0.5353092396217994,2.0391299817188124,-0.6560592745909929,1.1865667438559788,1.7765539637271726,-1.0029610262683273,0.24030102489791522,-1.0172166833571825,-1.2320616904695285,-0.25559206698179404,-0.8901868923917186,-0.42807250939347835,-1.5739990105569672,-0.9254007325196485,-0.46131151332605735,1.696491234396136,-1.0670240730349723,-0.4569744778208635,-0.5913608932251309,-0.6683591089246615,-0.27122805009444234,False,True,True,False,False,False,True,False,False,False,False,False,False,False,True,False,False,True,False,True,True
0.4499021101474336,0,-0.34516042206431063,-0.043187660688131534,1.064487664055538,0.26107101030115826,0.7422595352766228,0.37840702535570064,0.1765837713204426,0.24030102489791522,-0.4603599733102766,1.2280190589075173,0.14647619615894003,-1.1644639717107754,-0.42807250939347835,0.27551802437825607,1.3919462541777539,0.14644987804643114,-0.6147366093826588,1.7506675394974955,0.3149437930294522,0.872467823849125,-0.6683591089246615,0.8963441274549668,False,False,True,False,False,False,False,True,False,False,True,False,False,False,False,False,False,False,False,True,False
-0.5721763247444642,0,-1.1806628157733428,-0.1662180554215485,-0.8847969712710111,-1.573189559483144,-1.726113845719799,0.37840702535570064,1.3561285689092124,1.1479561495819623,1.5941037978476267,-0.8357948346712532,-0.6576603301225281,0.7554755835226237,-0.42807250939347835,-1.5739990105569672,0.2332727608290527,0.4503305737326754,1.696491234396136,0.3418217332312617,1.2798416315923467,0.872467823849125,2.4015146454285827,1.4801302162296714,False,True,False,True,True,False,False,False,False,False,False,False,False,False,False,True,False,False,False,True,False
1.1312877334086988,1,-1.0542218007016495,-0.043187660688131534,0.08984534639226345,-1.573189559483144,-0.6893970257013019,0.37840702535570064,1.3561285689092124,1.1479561495819623,1.3840772140258228,0.23026821101614264,0.5485444592996741,-1.1644639717107754,-0.42807250939347835,-1.5739990105569672,0.2332727608290527,2.7294357913795073,-1.3851458906422571,1.7506675394974955,0.12196422531687327,0.872467823849125,0.696029226343447,-0.27122805009444234,False,True,False,True,False,True,False,False,False,False,False,False,False,False,False,True,False,False,False,True,False
0.3363378396038894,1,-0.5211861489288249,-0.9044004238220503,0.08984534639226345,-1.573189559483144,-0.590662090461445,-1.0197399130157712,-1.0029610262683273,-1.575009224470179,-0.5594973421443848,0.39789259780514763,-0.25559206698179404,2.126860980117909,2.3360528369758367,-0.6492404930893556,-0.9254007325196485,0.14644987804643114,-0.6147366093826588,1.7506675394974955,-1.0359131809586002,-1.1768923800548332,-0.6683591089246615,-1.1469071832564992,False,False,True,False,True,False,False,False,False,False,True,False,False,False,False,False,False,False,True,False,True
-0.5721763247444642,1,1.5936018090349864,-1.0274308185554673,2.0391299817188124,0.26107101030115826,1.6802414200552631,1.7765539637271726,1.3561285689092124,-0.6673540997861319,0.5855543343589933,-0.7593468925791965,-0.6576603301225281,-1.1644639717107754,-0.42807250939347835,-1.5739990105569672,-0.9254007325196485,-0.00549046979669098,-0.6147366093826588,0.3418217332312617,0.70090292845461,1.1652335672639762,0.696029226343447,0.8963441274549668,True,False,True,False,True,False,False,False,False,False,False,False,True,False,False,False,False,False,True,False,False
1.0177234628651546,0,0.5845529240510812,1.3101466813794551,0.08984534639226345,-0.6560592745909929,1.433404081955621,-2.417886851387243,1.3561285689092124,-1.575009224470179,1.6115809023837309,0.7741006357700945,-0.25559206698179404,0.7554755835226237,-0.42807250939347835,-0.6492404930893556,0.2332727608290527,2.1216744000070187,-0.6147366093826588,0.3418217332312617,0.12196422531687327,0.872467823849125,-0.6683591089246615,0.8963441274549668,False,True,True,False,False,False,True,False,False,False,False,False,False,False,False,False,False,False,False,True,True
-0.5721763247444642,0,1.4770777363218572,-0.1662180554215485,-0.8847969712710111,1.1782012951933094,1.4827715495755494,1.7765539637271726,-1.0029610262683273,-0.6673540997861319,-1.022640612351146,1.4398289535111972,2.5588857750033447,0.7554755835226237,-0.42807250939347835,1.2002765418458676,-0.9254007325196485,-0.3093711654829352,0.1556726718769394,0.3418217332312617,-0.6499540455334424,-0.5913608932251309,-0.6683591089246615,-0.5631210944817947,False,True,False,False,False,False,True,False,False,True,False,False,False,False,False,False,False,False,True,False,False
-0.5721763247444642,1,-0.6922534046140569,-0.9044004238220503,0.08984534639226345,-0.6560592745909929,1.3840366143356926,0.37840702535570064,-1.0029610262683273,1.1479561495819623,-0.5365963086143173,0.9449512659868377,1.3526809855811424,-0.6159098130726615,-0.42807250939347835,0.27551802437825607,0.2332727608290527,-0.46131151332605735,-0.6147366093826588,-2.475869879301206,-0.8429336132460213,-0.5913608932251309,0.013835058709392709,-0.5631210944817947,True,False,True,False,True,False,False,False,False,False,True,False,False,False,False,False,False,True,False,True,True
1.0177234628651546,0,1.6010395158039095,2.417420233980208,0.08984534639226345,-0.6560592745909929,-0.5412946228415165,0.37840702535570064,1.3561285689092124,1.1479561495819623,1.168325371821502,0.05268455103716329,0.5485444592996741,0.7554755835226237,-0.42807250939347835,1.2002765418458676,1.3919462541777539,-0.00549046979669098,0.9260819531365376,1.7506675394974955,-0.6499540455334424,-0.884126636639982,-0.3272620251076344,-0.5631210944817947,False,True,True,False,False,False,False,False,True,False,False,False,True,False,False,False,False,True,False,True,True
1.3584162744957873,0,1.0382530369553924,-0.2892484501549655,0.08984534639226345,0.26107101030115826,1.4827715495755494,0.37840702535570064,0.1765837713204426,-1.575009224470179,-0.0050512672059070335,1.4659194438398624,0.5485444592996741,-1.1644639717107754,-0.42807250939347835,-1.5739990105569672,2.550619747526455,0.7542112694189196,0.1556726718769394,0.3418217332312617,-0.8429336132460213,-0.5913608932251309,0.013835058709392709,-0.5631210944817947,False,True,False,True,False,True,False,False,False,False,False,False,False,False,False,True,False,False,False,True,False
-0.23148351311383164,1,0.7556201797363132,-0.043187660688131534,1.064487664055538,-1.573189559483144,-0.6893970257013019,0.37840702535570064,-1.0029610262683273,0.24030102489791522,-0.8318991093967675,-1.5811973379321507,-0.6576603301225281,-0.0673556544345474,-0.42807250939347835,1.2002765418458676,-0.9254007325196485,-1.221013252541668,-2.1555551719018555,0.3418217332312617,-0.8429336132460213,-0.5913608932251309,0.013835058709392709,-0.5631210944817947,False,True,False,False,False,False,False,False,True,True,False,False,False,False,False,False,False,True,False,False,False
0.4499021101474336,0,-1.4484202594545756,-0.1662180554215485,-1.8594392889342857,1.1782012951933094,-0.5412946228415165,-1.0197399130157712,1.3561285689092124,-0.6673540997861319,2.4872441055202614,1.519643410484372,-0.25559206698179404,-1.1644639717107754,-0.42807250939347835,0.27551802437825607,0.2332727608290527,0.9061516172620417,1.696491234396136,0.3418217332312617,0.5079233607420311,1.1652335672639762,0.696029226343447,1.188237171842319,False,False,True,False,False,False,True,False,False,False,False,False,False,True,False,False,False,False,False,True,False
-0.9128691363750969,0,0.15812440263282146,-0.5353092396217994,0.08984534639226345,1.1782012951933094,0.8903619381364082,0.37840702535570064,0.1765837713204426,-1.575009224470179,0.8920063225179237,1.282865197179066,-1.0597285932632623,0.7554755835226237,-0.42807250939347835,1.2002765418458676,-0.9254007325196485,-0.6132518611691794,0.9260819531365376,0.3418217332312617,-0.2639949101082846,-0.005829406395428478,-0.3272620251076344,-0.27122805009444234,False,True,False,True,False,False,True,False,False,False,False,False,False,False,False,True,False,False,True,True,False
0.9041591923216105,0,0.44323649544154164,-0.5353092396217994,0.08984534639226345,0.26107101030115826,1.1865667438559788,-1.0197399130157712,-1.0029610262683273,0.24030102489791522,-0.7053407662042889,-0.8937269449171603,0.14647619615894003,-0.3416327337536044,-0.42807250939347835,1.2002765418458676,-0.9254007325196485,-0.46131151332605735,1.696491234396136,0.3418217332312617,-0.2639949101082846,-0.5913608932251309,-0.6683591089246615,-0.27122805009444234,False,False,True,False,True,False,False,False,False,False,True,False,False,False,False,False,False,False,True,True,False
1.4719805450393315,0,1.7175635885170386,-0.5353092396217994,1.064487664055538,-1.573189559483144,1.4827715495755494,0.37840702535570064,0.1765837713204426,0.24030102489791522,0.3459974704589444,1.0084942343679417,-0.25559206698179404,-0.3416327337536044,-0.42807250939347835,-0.6492404930893556,0.2332727608290527,1.5139130086345303,-2.1555551719018555,-1.0670240730349723,-0.6499540455334424,-0.5913608932251309,-0.3272620251076344,-0.5631210944817947,False,True,True,False,False,False,False,False,True,False,False,False,False,False,False,False,False,True,False,True,False
0.4499021101474336,0,0.23250147032205282,-0.9044004238220503,0.08984534639226345,0.26107101030115826,0.10048245621755315,0.37840702535570064,-1.0029610262683273,0.24030102489791522,-0.9515268766525151,-0.883627400273806,-0.25559206698179404,-0.3416327337536044,-0.42807250939347835,0.27551802437825607,0.2332727608290527,-0.3093711654829352,0.1556726718769394,1.7506675394974955,-0.6499540455334424,-0.884126636639982,-0.3272620251076344,-0.5631210944817947,False,True,True,False,False,False,True,False,False,False,False,False,False,False,True,False,False,False,False,True,False
0.9041591923216105,0,1.6481449920070894,1.3101466813794551,0.08984534639226345,1.1782012951933094,-0.8374994285610872,0.37840702535570064,-1.0029610262683273,-0.6673540997861319,-0.6275977839574806,0.9557521678970915,-0.6576603301225281,-0.6159098130726615,-0.42807250939347835,0.27551802437825607,-0.9254007325196485,-0.6132518611691794,0.1556726718769394,-1.0670240730349723,-0.2639949101082846,-0.5913608932251309,-0.3272620251076344,-0.27122805009444234,False,True,True,False,True,False,False,False,False,False,False,False,False,False,True,False,False,False,True,True,False
-0.3450477836573759,0,-0.9228223144506741,-0.2892484501549655,0.08984534639226345,1.1782012951933094,-0.590662090461445,0.37840702535570064,0.1765837713204426,-1.575009224470179,-0.34043087666597543,0.4364672474846258,-1.0597285932632623,-0.3416327337536044,-0.42807250939347835,-1.5739990105569672,1.3919462541777539,-0.7651922090123016,-0.6147366093826588,0.3418217332312617,-0.4569744778208635,-0.2985951498102796,-0.6683591089246615,-0.27122805009444234,True,False,False,True,False,False,True,False,False,False,False,False,False,False,False,True,False,True,False,True,False
-0.23148351311383164,0,1.2985727738677022,-0.7813700290886334,0.08984534639226345,1.1782012951933094,0.7422595352766228,-2.417886851387243,0.1765837713204426,-1.575009224470179,-0.22411773268431648,0.2169424229450502,0.14647619615894003,0.7554755835226237,-0.42807250939347835,1.2002765418458676,-0.9254007325196485,0.7542112694189196,-0.6147366093826588,0.3418217332312617,1.2798416315923467,1.4579993106788274,0.3549321425264198,2.3558093493917283,False,True,False,True,False,False,False,True,False,False,False,False,False,False,False,True,False,False,True,True,False
-0.6857405952880085,0,1.3779083127362155,0.8180251024457873,-1.8594392889342857,1.1782012951933094,1.4827715495755494,0.37840702535570064,0.1765837713204426,0.24030102489791522,-0.06079720408830834,-1.5998534412316803,2.1568175118626107,-0.0673556544345474,-0.42807250939347835,0.27551802437825607,1.3919462541777539,-0.9171325568554237,-0.6147366093826588,-1.0670240730349723,-0.8429336132460213,-0.884126636639982,0.013835058709392709,-0.5631210944817947,False,True,False,True,True,False,False,False,False,False,False,False,False,False,False,True,False,True,False,True,False
0.677030651234522,0,-0.13442539694482183,-0.043187660688131534,-0.8847969712710111,-1.573189559483144,0.3966872619371238,0.37840702535570064,-1.0029610262683273,1.1479561495819623,-0.5513614486534398,0.29647633701146514,-0.6576603301225281,-0.6159098130726615,-0.42807250939347835,0.27551802437825607,-0.9254007325196485,0.2983902258895533,0.1556726718769394,0.3418217332312617,1.086862063879768,1.4579993106788274,1.037126310160474,1.188237171842319,True,False,True,False,False,False,True,False,False,False,True,False,False,False,False,False,False,False,True,False,False
0.9041591923216105,0,-1.0393463871638031,-1.0274308185554673,2.0391299817188124,-1.573189559483144,0.6435246000367659,0.37840702535570064,0.1765837713204426,0.24030102489791522,-0.2214057681873348,-0.7101116124428444,1.7547492487218765,-0.8901868923917186,-0.42807250939347835,0.27551802437825607,0.2332727608290527,0.14644987804643114,0.9260819531365376,-1.0670240730349723,-1.0359131809586002,-1.1768923800548332,-0.6683591089246615,-1.1469071832564992,True,False,False,True,False,True,False,False,False,False,False,False,False,False,False,True,False,True,False,False,False
-0.6857405952880085,0,0.46554961574831105,-0.2892484501549655,0.08984534639226345,0.26107101030115826,-0.09698741426216059,0.37840702535570064,-1.0029610262683273,0.24030102489791522,-1.2742506517933356,-1.0088898081420752,-0.6576603301225281,-0.6159098130726615,-0.42807250939347835,-0.6492404930893556,1.3919462541777539,-1.37295360038479,-0.6147366093826588,-1.0670240730349723,-1.0359131809586002,-1.1768923800548332,-0.6683591089246615,-1.1469071832564992,False,False,True,False,False,False,False,False,True,False,False,False,False,False,True,False,False,False,False,True,False
2.380494709387685,0,-0.9848032041917002,-1.0274308185554673,-0.8847969712710111,-0.6560592745909929,1.334669146715764,1.7765539637271726,0.1765837713204426,0.24030102489791522,-0.1816302888982701,-1.630432618068503,-1.0597285932632623,2.401138059436966,2.3360528369758367,-1.5739990105569672,0.2332727608290527,0.4503305737326754,-0.6147366093826588,-1.0670240730349723,1.086862063879768,1.4579993106788274,0.013835058709392709,1.188237171842319,False,True,True,False,True,False,False,False,False,False,False,False,False,False,True,False,False,True,False,True,False
1.4719805450393315,0,1.7051674105688335,-0.2892484501549655,1.064487664055538,0.26107101030115826,-1.5286439752400853,0.37840702535570064,1.3561285689092124,-0.6673540997861319,1.4955690877906254,0.9262951626873082,0.14647619615894003,-0.3416327337536044,-0.42807250939347835,-0.6492404930893556,1.3919462541777539,2.8813761392226294,0.1556726718769394,0.3418217332312617,0.3149437930294522,0.872467823849125,-0.6683591089246615,0.8963441274549668,False,True,True,False,True,False,False,False,False,False,False,False,False,False,False,False,False,False,False,True,False
-0.9128691363750969,1,1.7200428241066796,-1.0274308185554673,0.08984534639226345,-1.573189559483144,1.2853016790958356,0.37840702535570064,-1.0029610262683273,0.24030102489791522,-0.7815771015083295,0.19674333365834165,0.14647619615894003,-0.0673556544345474,-0.42807250939347835,1.2002765418458676,0.2332727608290527,-0.7651922090123016,0.1556726718769394,1.7506675394974955,-0.6499540455334424,-0.5913608932251309,-0.3272620251076344,-0.5631210944817947,True,False,False,True,False,False,False,False,True,False,False,False,False,False,False,False,True,True,False,True,False
-0.7993048658315527,1,-1.7037815251876032,0.44893391824553636,0.08984534639226345,-1.573189559483144,-0.7387644933212303,0.37840702535570064,0.1765837713204426,-0.6673540997861319,0.0790196322005252,0.44053511963264347,0.9506127224404082,-1.1644639717107754,-0.42807250939347835,-1.5739990105569672,-0.9254007325196485,-0.46131151332605735,0.9260819531365376,-2.475869879301206,-0.2639949101082846,-0.2985951498102796,-0.6683591089246615,-1.1469071832564992,True,False,False,True,False,False,False,False,True,False,False,False,False,False,False,True,False,False,True,False,False
-0.23148351311383164,1,-0.030297502179897937,1.802268260313123,1.064487664055538,-1.573189559483144,-1.281806637140443,-1.0197399130157712,0.1765837713204426,-0.6673540997861319,-0.2723304348528798,-0.9158898345511878,-1.0597285932632623,2.126860980117909,2.3360528369758367,0.27551802437825607,-0.9254007325196485,0.9061516172620417,-0.6147366093826588,1.7506675394974955,1.6658007670175043,1.4579993106788274,2.74261172924561,1.7720232606170236,False,True,False,True,False,False,True,False,False,False,False,False,False,False,False,True,False,False,True,False,True
-0.11791924257028744,0,-0.35259812883323377,-0.2892484501549655,-1.8594392889342857,1.1782012951933094,0.49542219717698066,0.37840702535570064,-1.0029610262683273,0.24030102489791522,-0.9337484427278574,0.25916413041240627,-0.6576603301225281,-0.6159098130726615,-0.42807250939347835,-1.5739990105569672,0.2332727608290527,-1.37295360038479,0.1556726718769394,0.3418217332312617,-1.0359131809586002,-1.1768923800548332,-0.6683591089246615,-1.1469071832564992,False,True,False,True,True,False,False,False,False,False,False,False,False,False,False,False,True,True,False,True,False
-1.3671262185492736,1,-1.0443048583430852,-0.043187660688131534,0.08984534639226345,-0.6560592745909929,1.1371992762360503,0.37840702535570064,-1.0029610262683273,-1.575009224470179,-0.7023274723187536,0.3722229218366222,-0.25559206698179404,-1.1644639717107754,-0.42807250939347835,0.27551802437825607,-0.9254007325196485,-0.9171325568554237,-0.6147366093826588,-1.0670240730349723,-1.2288927486711791,-1.1768923800548332,-0.6683591089246615,-1.1469071832564992,True,False,True,False,False,False,True,False,False,False,True,False,False,False,False,False,False,False,True,True,True
-1.3671262185492736,0,0.06887192140574386,0.44893391824553636,-0.8847969712710111,1.1782012951933094,0.5941571324168375,0.37840702535570064,-1.0029610262683273,-0.6673540997861319,-1.0455416458812135,-1.015763109357691,-0.6576603301225281,-0.6159098130726615,-0.42807250939347835,0.27551802437825607,0.2332727608290527,-1.37295360038479,-0.6147366093826588,0.3418217332312617,-1.0359131809586002,-1.1768923800548332,-0.6683591089246615,-1.1469071832564992,False,False,False,True,True,False,False,False,False,False,False,False,False,False,False,False,True,True,False,False,False
0.9041591923216105,0,0.9688344404454431,-0.9044004238220503,-1.8594392889342857,-0.6560592745909929,0.9890968733762651,0.37840702535570064,1.3561285689092124,0.24030102489791522,1.4181274349323707,0.7539015464833859,0.9506127224404082,0.7554755835226237,-0.42807250939347835,-0.6492404930893556,-0.9254007325196485,0.9061516172620417,-0.6147366093826588,-1.0670240730349723,-0.8429336132460213,-0.5913608932251309,0.013835058709392709,-0.5631210944817947,True,False,True,False,False,False,True,False,False,False,False,False,True,False,False,False,False,False,True,True,True
-0.7993048658315527,0,1.1002339266964185,1.187116286646038,0.08984534639226345,0.26107101030115826,0.544789664796909,-1.0197399130157712,0.1765837713204426,0.24030102489791522,0.9393150365208264,1.320317675231505,-0.6576603301225281,-0.3416327337536044,-0.42807250939347835,0.27551802437825607,1.3919462541777539,-0.00549046979669098,0.1556726718769394,0.3418217332312617,0.70090292845461,0.872467823849125,-0.6683591089246615,0.020664994292909928,False,True,False,True,True,False,False,False,False,False,False,False,False,False,False,True,False,False,False,True,False
-0.6857405952880085,0,-1.1707458734147786,-1.0274308185554673,0.08984534639226345,0.26107101030115826,-0.9856018314208724,0.37840702535570064,-1.0029610262683273,0.24030102489791522,-1.0362004348360545,0.15199674003014702,-1.0597285932632623,1.5783068214797948,2.3360528369758367,-1.5739990105569672,0.2332727608290527,-0.6132518611691794,0.1556726718769394,1.7506675394974955,-0.2639949101082846,-0.2985951498102796,-0.3272620251076344,-0.27122805009444234,False,True,False,False,True,False,False,False,False,True,False,False,False,False,False,False,False,False,False,True,False
2.1533661683005967,0,1.0580869216725208,-0.6583396343552164,1.064487664055538,1.1782012951933094,-1.7754813133397276,0.37840702535570064,0.1765837713204426,0.24030102489791522,-0.44228020999706535,0.2522908291967902,-1.0597285932632623,0.20692142488450962,-0.42807250939347835,-0.6492404930893556,-0.9254007325196485,-0.9171325568554237,-0.6147366093826588,0.3418217332312617,-0.6499540455334424,-0.5913608932251309,-0.3272620251076344,-0.5631210944817947,False,True,True,False,True,False,False,False,False,False,False,False,False,False,False,False,False,True,False,True,True
-0.3450477836573759,0,0.7357862950191849,-0.6583396343552164,1.064487664055538,-1.573189559483144,0.7916270028965513,-1.0197399130157712,-1.0029610262683273,-0.6673540997861319,-0.5016420995421089,-0.8630074966269577,2.1568175118626107,-1.1644639717107754,-0.42807250939347835,1.2002765418458676,-0.9254007325196485,-0.3093711654829352,1.696491234396136,0.3418217332312617,-0.2639949101082846,-0.005829406395428478,-0.6683591089246615,-0.5631210944817947,False,True,True,False,False,False,True,False,False,False,True,False,False,False,False,False,False,True,False,False,False
1.244852003952243,0,-0.5732500963112868,0.5719643129789533,0.08984534639226345,0.26107101030115826,0.5941571324168375,0.37840702535570064,0.1765837713204426,0.24030102489791522,-0.2747410699613079,1.3824579290788097,0.14647619615894003,0.48119850420356663,-0.42807250939347835,0.27551802437825607,0.2332727608290527,0.14644987804643114,0.9260819531365376,-1.0670240730349723,-0.2639949101082846,-0.005829406395428478,-0.3272620251076344,-0.5631210944817947,False,True,False,True,False,False,True,False,False,False,False,False,False,False,False,True,False,True,False,False,True
-0.9128691363750969,1,-1.2723945325900614,-0.9044004238220503,-0.8847969712710111,0.26107101030115826,-1.3805415723803,-1.0197399130157712,-1.0029610262683273,-1.575009224470179,-0.8864397287249547,-1.2609576098657922,1.7547492487218765,-1.1644639717107754,-0.42807250939347835,0.27551802437825607,-0.9254007325196485,-0.3093711654829352,-0.6147366093826588,-1.0670240730349723,-1.2288927486711791,-1.1768923800548332,-0.6683591089246615,-1.1469071832564992,True,False,True,False,False,False,True,False,False,False,True,False,False,False,False,False,False,False,True,True,False
-0.9128691363750969,0,1.5390586260628834,-1.0274308185554673,0.08984534639226345,-1.573189559483144,0.2979523266972669,-1.0197399130157712,-1.0029610262683273,0.24030102489791522,-1.1871664585013681,-0.2545099318648626,-0.6576603301225281,-0.3416327337536044,-0.42807250939347835,1.2002765418458676,0.2332727608290527,-1.37295360038479,-0.6147366093826588,-2.475869879301206,-1.0359131809586002,-1.1768923800548332,-0.6683591089246615,-1.1469071832564992,False,True,True,False,True,False,False,False,False,False,False,False,False,False,True,False,False,False,False,True,False
-0.9128691363750969,0,-0.8310905976339554,-0.2892484501549655,0.08984534639226345,0.26107101030115826,-0.5412946228415165,0.37840702535570064,0.1765837713204426,-1.575009224470179,-0.18223294767537712,-0.35312076359094674,-1.0597285932632623,-0.3416327337536044,-0.42807250939347835,1.2002765418458676,-0.9254007325196485,-0.7651922090123016,1.696491234396136,0.3418217332312617,-0.4569744778208635,-0.5913608932251309,-0.3272620251076344,-0.27122805009444234,True,False,False,True,True,False,False,False,False,False,False,False,False,False,False,True,False,False,True,True,False
1.4719805450393315,0,-1.3170207732036001,-0.7813700290886334,-0.8847969712710111,0.26107101030115826,-1.1337042342806578,-1.0197399130157712,0.1765837713204426,-1.575009224470179,-0.21507785102771088,1.2239511867594994,0.5485444592996741,2.6754151387560228,2.3360528369758367,-1.5739990105569672,0.2332727608290527,-0.00549046979669098,0.1556726718769394,0.3418217332312617,-0.6499540455334424,-0.5913608932251309,-0.3272620251076344,-0.5631210944817947,False,True,True,False,False,False,True,False,False,False,True,False,False,False,False,False,False,True,False,False,False
-0.7993048658315527,0,-0.972407026243495,-0.9044004238220503,-1.8594392889342857,1.1782012951933094,1.5321390171954778,0.37840702535570064,-1.0029610262683273,-0.6673540997861319,-0.6999168372103255,-1.3573240983377977,-1.0597285932632623,-0.6159098130726615,-0.42807250939347835,0.27551802437825607,2.550619747526455,-0.9171325568554237,0.1556726718769394,0.3418217332312617,-0.6499540455334424,-0.5913608932251309,-0.6683591089246615,-0.5631210944817947,True,False,True,False,True,False,False,False,False,False,True,False,False,False,False,False,False,True,False,False,False
-0.9128691363750969,0,0.6961185255849281,2.417420233980208,-1.8594392889342857,0.26107101030115826,1.4827715495755494,-2.417886851387243,0.1765837713204426,-0.6673540997861319,0.3152618728264853,-1.5670299211407788,-0.6576603301225281,-0.3416327337536044,-0.42807250939347835,-0.6492404930893556,1.3919462541777539,-0.3093711654829352,-0.6147366093826588,-1.0670240730349723,0.3149437930294522,0.5797020804342738,-0.3272620251076344,0.8963441274549668,False,True,True,False,True,False,False,False,False,False,False,False,True,False,False,False,False,True,False,True,False
-0.3450477836573759,0,-0.7096080537415442,-0.1662180554215485,2.0391299817188124,1.1782012951933094,0.14984992383748158,0.37840702535570064,0.1765837713204426,0.24030102489791522,0.2667478412693685,1.0807340328586006,-0.25559206698179404,0.48119850420356663,-0.42807250939347835,-1.5739990105569672,-0.9254007325196485,0.6022709215757975,2.466900515655734,0.3418217332312617,-1.2288927486711791,-1.1768923800548332,-0.6683591089246615,-1.1469071832564992,False,True,True,False,True,False,False,False,False,False,False,False,False,False,False,False,False,False,True,True,True
-0.45861205420092005,0,-0.7616720011240061,0.07984273404528544,0.08984534639226345,0.26107101030115826,-0.09698741426216059,0.37840702535570064,1.3561285689092124,1.1479561495819623,1.7300033520852645,0.9436888229064183,-0.25559206698179404,2.6754151387560228,2.3360528369758367,-0.6492404930893556,-0.9254007325196485,-0.00549046979669098,1.696491234396136,1.7506675394974955,-0.2639949101082846,-0.5913608932251309,-0.6683591089246615,-1.1469071832564992,False,True,True,False,False,False,True,False,False,False,False,True,False,False,False,False,False,False,True,True,False
2.0398018977570525,0,0.6143037511267737,0.2028731287787024,1.064487664055538,-0.6560592745909929,1.0384643409961936,0.37840702535570064,2.535673366497982,1.1479561495819623,3.1727684644795207,1.4183674211440693,0.14647619615894003,1.3040297421607379,2.3360528369758367,-1.5739990105569672,0.2332727608290527,2.4255550956932628,-0.6147366093826588,0.3418217332312617,1.4728211993049256,1.4579993106788274,-0.3272620251076344,2.3558093493917283,True,False,True,False,False,False,True,False,False,False,False,True,False,False,False,False,False,False,False,False,False
-0.7993048658315527,1,-1.4335448459167293,-1.0274308185554673,1.064487664055538,-1.573189559483144,1.6802414200552631,-1.0197399130157712,-1.0029610262683273,-1.575009224470179,-0.9464042770471053,-0.9505368835360282,1.3526809855811424,-0.6159098130726615,-0.42807250939347835,0.27551802437825607,-0.9254007325196485,0.14644987804643114,-0.6147366093826588,-2.475869879301206,0.5079233607420311,0.872467823849125,-0.6683591089246615,0.8963441274549668,False,True,True,False,False,False,False,False,True,False,False,False,False,False,True,False,False,False,True,True,False
0.9041591923216105,0,-1.6517175778051412,2.294389839246791,0.08984534639226345,1.1782012951933094,-1.6767463780998706,0.37840702535570064,2.535673366497982,-1.575009224470179,3.261961963491363,1.0842408191930988,0.14647619615894003,-0.6159098130726615,-0.42807250939347835,0.27551802437825607,0.2332727608290527,2.1216744000070187,-1.3851458906422571,1.7506675394974955,2.630698605580399,0.5797020804342738,4.107000064513718,3.81527457132849,False,True,True,False,True,False,False,False,False,False,False,False,False,True,False,False,False,True,False,True,False
0.3363378396038894,0,0.7109939391227744,-0.41227884488838246,0.08984534639226345,-0.6560592745909929,-1.6767463780998706,0.37840702535570064,1.3561285689092124,-0.6673540997861319,0.8657906657137674,-0.728627444288994,0.5485444592996741,0.7554755835226237,-0.42807250939347835,1.2002765418458676,-0.9254007325196485,-0.1574308176398131,0.1556726718769394,0.3418217332312617,-0.8429336132460213,-1.1768923800548332,0.013835058709392709,-0.5631210944817947,False,True,True,False,True,False,False,False,False,False,False,False,True,False,False,False,False,False,True,False,False
-0.11791924257028744,0,0.5622398037443118,0.8180251024457873,0.08984534639226345,1.1782012951933094,1.2359342114759073,-1.0197399130157712,1.3561285689092124,-0.6673540997861319,0.9350964250810772,0.9609422116721485,-0.6576603301225281,1.0297526628416807,-0.42807250939347835,1.2002765418458676,-0.9254007325196485,0.14644987804643114,0.1556726718769394,-2.475869879301206,0.893882496167189,1.1652335672639762,0.3549321425264198,-0.27122805009444234,False,True,True,False,True,False,False,False,False,False,False,False,False,False,False,False,False,False,True,False,False
-1.4806904890928179,0,-0.7319211740483136,1.3101466813794551,-1.8594392889342857,-1.573189559483144,1.5321390171954778,0.37840702535570064,0.1765837713204426,0.24030102489791522,-0.9735239220169222,1.468304058547321,-1.0597285932632623,-0.3416327337536044,-0.42807250939347835,-0.6492404930893556,-0.9254007325196485,-0.7651922090123016,-0.6147366093826588,0.3418217332312617,-0.4569744778208635,-0.2985951498102796,-0.3272620251076344,-0.5631210944817947,False,True,True,False,True,False,False,False,False,False,True,False,False,False,False,False,False,False,True,True,False
0.4499021101474336,1,-0.31293035939897706,-0.043187660688131534,1.064487664055538,1.1782012951933094,0.9890968733762651,0.37840702535570064,-1.0029610262683273,-1.575009224470179,-1.0500615867095164,1.050154856021778,0.14647619615894003,-0.3416327337536044,-0.42807250939347835,-0.6492404930893556,-0.9254007325196485,0.7542112694189196,0.1556726718769394,-2.475869879301206,-0.2639949101082846,-0.005829406395428478,-0.3272620251076344,-1.1469071832564992,False,True,True,False,True,False,False,False,False,False,True,False,False,False,False,False,False,False,True,True,False
-0.23148351311383164,0,0.41844413954513116,-1.0274308185554673,0.08984534639226345,1.1782012951933094,-0.09698741426216059,-1.0197399130157712,1.3561285689092124,0.24030102489791522,0.4761717663140653,-0.28845562358280336,-0.6576603301225281,-0.3416327337536044,-0.42807250939347835,1.2002765418458676,-0.9254007325196485,-0.00549046979669098,0.1556726718769394,0.3418217332312617,0.70090292845461,1.4579993106788274,2.060417561611555,0.6044510830676145,False,True,False,True,False,False,False,False,True,False,False,False,False,False,False,True,False,True,False,True,True
-0.5721763247444642,1,-0.5980424522076973,-0.7813700290886334,0.08984534639226345,1.1782012951933094,-1.627378910479942,0.37840702535570064,-1.0029610262683273,0.24030102489791522,-0.42751506995794286,-1.429143082468317,-0.6576603301225281,-0.8901868923917186,-0.42807250939347835,-1.5739990105569672,-0.9254007325196485,-0.46131151332605735,-0.6147366093826588,-2.475869879301206,0.12196422531687327,-0.5913608932251309,1.7193204777945283,0.8963441274549668,True,False,True,False,True,False,False,False,False,False,False,False,False,False,True,False,False,False,True,False,False
1.5855448155828757,0,-1.1633081666458553,1.556207470846289,2.0391299817188124,0.26107101030115826,1.0878318086161218,-2.417886851387243,2.535673366497982,1.1479561495819623,2.684313525634264,1.4175257924237898,-0.6576603301225281,-0.6159098130726615,-0.42807250939347835,1.2002765418458676,-0.9254007325196485,3.3371971827519955,-0.6147366093826588,0.3418217332312617,4.9464534181313455,0.5797020804342738,3.7659029806966915,1.4801302162296714,True,False,True,False,False,False,True,False,False,False,False,False,False,True,False,False,False,False,True,True,True
-0.23148351311383164,0,1.5812056310867812,-0.2892484501549655,-0.8847969712710111,-0.6560592745909929,-0.5412946228415165,0.37840702535570064,-1.0029610262683273,0.24030102489791522,-0.9626760640289954,-1.3186091772049395,-1.0597285932632623,2.6754151387560228,2.3360528369758367,-0.6492404930893556,0.2332727608290527,0.2983902258895533,0.9260819531365376,0.3418217332312617,0.893882496167189,1.7507650540936786,1.037126310160474,0.8963441274549668,False,True,False,True,False,False,False,False,True,False,False,False,False,False,False,False,True,True,False,True,True
0.677030651234522,0,1.0109814454693409,-0.9044004238220503,0.08984534639226345,0.26107101030115826,0.10048245621755315,-1.0197399130157712,-1.0029610262683273,-0.6673540997861319,-0.1994087228229278,1.3616977539785815,0.5485444592996741,-0.3416327337536044,-0.42807250939347835,-0.6492404930893556,0.2332727608290527,-0.9171325568554237,0.1556726718769394,0.3418217332312617,-1.0359131809586002,-1.1768923800548332,-0.6683591089246615,-1.1469071832564992,False,True,True,False,False,False,True,False,False,False,True,False,False,False,False,False,False,True,False,True,False
0.10920929851680099,0,-0.3178888305782591,0.44893391824553636,0.08984534639226345,-1.573189559483144,-0.936234363800944,0.37840702535570064,0.1765837713204426,1.1479561495819623,-0.36694786285868525,-1.5869484675207275,-0.6576603301225281,0.48119850420356663,-0.42807250939347835,-1.5739990105569672,-0.9254007325196485,-0.00549046979669098,-0.6147366093826588,0.3418217332312617,0.70090292845461,1.1652335672639762,0.3549321425264198,0.8963441274549668,False,True,True,False,False,False,True,False,False,False,False,False,False,False,True,False,False,True,False,True,False
-0.7993048658315527,0,-0.8955507229646226,-0.1662180554215485,-1.8594392889342857,0.26107101030115826,-1.3311741047603716,-2.417886851387243,0.1765837713204426,-1.575009224470179,1.2692707169869315,-0.989812890482406,0.14647619615894003,-0.6159098130726615,-0.42807250939347835,0.27551802437825607,0.2332727608290527,-0.1574308176398131,0.1556726718769394,0.3418217332312617,0.12196422531687327,0.872467823849125,-0.6683591089246615,0.8963441274549668,False,True,True,False,False,False,False,True,False,False,False,False,False,False,False,False,False,True,False,False,False
-0.3450477836573759,0,-0.5633331539527225,1.92529865504654,0.08984534639226345,1.1782012951933094,-1.0843367666607293,-1.0197399130157712,0.1765837713204426,-0.6673540997861319,-0.35640133425931203,1.3757248993165736,-0.6576603301225281,-0.6159098130726615,-0.42807250939347835,1.2002765418458676,-0.9254007325196485,-0.7651922090123016,-0.6147366093826588,0.3418217332312617,-0.2639949101082846,-0.2985951498102796,-0.6683591089246615,-0.5631210944817947,False,True,True,False,True,False,False,False,False,False,False,False,True,False,False,False,False,False,True,True,False
1.0177234628651546,0,0.36638019216266926,2.294389839246791,0.08984534639226345,1.1782012951933094,1.5321390171954778,0.37840702535570064,-1.0029610262683273,1.1479561495819623,-1.015710036414415,-1.368966628968331,0.5485444592996741,1.3040297421607379,2.3360528369758367,1.2002765418458676,0.2332727608290527,-0.3093711654829352,0.1556726718769394,0.3418217332312617,-0.2639949101082846,-0.005829406395428478,-0.6683591089246615,-0.27122805009444234,False,True,True,False,False,False,False,False,True,False,False,False,False,False,True,False,False,True,False,True,False
0.677030651234522,0,-1.2748737681797024,-0.9044004238220503,0.08984534639226345,1.1782012951933094,-1.281806637140443,0.37840702535570064,1.3561285689092124,1.1479561495819623,1.3925144369053213,0.598480776138434,-0.25559206698179404,-0.3416327337536044,-0.42807250939347835,0.27551802437825607,0.2332727608290527,2.1216744000070187,0.1556726718769394,-2.475869879301206,2.630698605580399,1.1652335672639762,3.7659029806966915,1.4801302162296714,True,False,True,False,True,False,False,False,False,False,False,False,False,False,False,False,False,True,False,True,True
0.4499021101474336,0,1.3382405433019589,-0.043187660688131534,-0.8847969712710111,-1.573189559483144,-0.936234363800944,0.37840702535570064,0.1765837713204426,-1.575009224470179,-0.008968549257102802,0.7014400229192956,-1.0597285932632623,-0.8901868923917186,-0.42807250939347835,1.2002765418458676,-0.9254007325196485,-0.1574308176398131,1.696491234396136,1.7506675394974955,0.3149437930294522,-0.005829406395428478,1.7193204777945283,-0.8550141388691469,False,True,False,True,False,False,True,False,False,False,False,False,False,False,False,True,False,True,False,True,False
-0.3450477836573759,0,-0.528623855697748,2.294389839246791,1.064487664055538,-0.6560592745909929,0.6435246000367659,0.37840702535570064,0.1765837713204426,0.24030102489791522,-0.08912216661233927,1.206978340900529,-0.6576603301225281,-0.8901868923917186,-0.42807250939347835,-0.6492404930893556,0.2332727608290527,0.7542112694189196,0.1556726718769394,0.3418217332312617,1.6658007670175043,2.921828027753083,1.037126310160474,0.8963441274549668,False,True,True,False,True,False,False,False,False,False,True,False,False,False,False,False,False,True,False,True,True
0.4499021101474336,0,0.2374599415013349,-0.41227884488838246,-0.8847969712710111,0.26107101030115826,-1.3805415723803,0.37840702535570064,2.535673366497982,1.1479561495819623,3.2948068668436967,0.42594688848113177,-0.6576603301225281,1.5783068214797948,2.3360528369758367,1.2002765418458676,-0.9254007325196485,1.6658533564776523,-0.6147366093826588,0.3418217332312617,2.823678173292978,0.872467823849125,1.7193204777945283,0.8963441274549668,False,True,False,False,False,False,True,False,False,False,False,True,False,False,False,False,False,False,True,True,True
-1.3671262185492736,0,-1.1211611616219577,1.4331770761128722,-0.8847969712710111,0.26107101030115826,-0.44255968760165965,-1.0197399130157712,-1.0029610262683273,-1.575009224470179,-0.9662920166916377,-0.6043469365943843,-1.0597285932632623,-0.3416327337536044,-0.42807250939347835,-0.6492404930893556,2.550619747526455,-1.221013252541668,0.1556726718769394,0.3418217332312617,-1.0359131809586002,-0.884126636639982,-0.6683591089246615,-1.1469071832564992,False,True,True,False,False,False,False,False,True,False,True,False,False,False,False,False,False,False,False,True,False
0.4499021101474336,0,0.8423934253737498,-0.1662180554215485,-0.8847969712710111,1.1782012951933094,0.2979523266972669,0.37840702535570064,0.1765837713204426,1.1479561495819623,-0.4320350107862457,-0.7719713233833894,0.14647619615894003,0.7554755835226237,-0.42807250939347835,0.27551802437825607,-0.9254007325196485,-0.3093711654829352,-0.6147366093826588,0.3418217332312617,-0.8429336132460213,-0.5913608932251309,0.013835058709392709,-0.5631210944817947,False,False,True,False,True,False,False,False,False,False,False,False,False,False,False,False,False,False,False,True,True
1.0177234628651546,0,-0.6550648707694412,-1.0274308185554673,1.064487664055538,-1.573189559483144,0.0017475209776962777,0.37840702535570064,1.3561285689092124,-0.6673540997861319,0.5840476874162257,0.9241910908866094,-0.6576603301225281,-0.8901868923917186,-0.42807250939347835,-1.5739990105569672,2.550619747526455,-0.00549046979669098,0.9260819531365376,0.3418217332312617,0.70090292845461,1.1652335672639762,1.7193204777945283,0.8963441274549668,False,True,True,False,False,False,False,False,True,False,False,False,False,False,False,False,False,False,False,True,False
-0.11791924257028744,0,1.4869946786804216,2.294389839246791,1.064487664055538,-0.6560592745909929,1.5815064848154063,-1.0197399130157712,-1.0029610262683273,0.24030102489791522,-0.9259138786254659,1.6635619216521704,-1.0597285932632623,2.126860980117909,2.3360528369758367,-1.5739990105569672,1.3919462541777539,-0.6132518611691794,1.696491234396136,0.3418217332312617,-0.2639949101082846,-0.2985951498102796,0.696029226343447,-0.5631210944817947,False,True,False,True,True,False,False,False,False,False,False,False,False,False,False,False,True,True,False,False,False
-0.45861205420092005,0,0.053996507867897586,-0.5353092396217994,-0.8847969712710111,1.1782012951933094,0.051114988597624714,-1.0197399130157712,0.1765837713204426,-0.6673540997861319,0.11306985310707303,0.17948994489261144,0.14647619615894003,-0.8901868923917186,-0.42807250939347835,-1.5739990105569672,0.2332727608290527,0.2983902258895533,-0.6147366093826588,0.3418217332312617,0.12196422531687327,-0.884126636639982,0.013835058709392709,0.3125580386802622,False,True,True,False,True,False,False,False,False,False,False,False,False,False,True,False,False,True,False,False,False
-0.004354972026743229,0,0.8795819592183655,-0.9044004238220503,1.064487664055538,0.26107101030115826,0.19921739145741002,0.37840702535570064,-1.0029610262683273,1.1479561495819623,-0.8614293894750125,0.37264373619676194,0.14647619615894003,1.5783068214797948,2.3360528369758367,1.2002765418458676,-0.9254007325196485,-0.46131151332605735,0.1556726718769394,-1.0670240730349723,-0.6499540455334424,-0.5913608932251309,-0.3272620251076344,-0.5631210944817947,False,True,False,True,True,False,False,False,False,False,False,False,False,False,False,False,True,False,True,True,True
1.3584162744957873,0,-0.7691097078929293,0.8180251024457873,1.064487664055538,0.26107101030115826,1.4827715495755494,0.37840702535570064,0.1765837713204426,0.24030102489791522,0.2821156400855981,-0.09137423158401507,2.1568175118626107,-0.3416327337536044,-0.42807250939347835,0.27551802437825607,0.2332727608290527,1.210032312948286,-0.6147366093826588,0.3418217332312617,0.3149437930294522,0.872467823849125,1.7193204777945283,0.8963441274549668,False,True,False,True,True,False,False,False,False,False,False,False,False,False,False,True,False,False,False,False,False
-0.7993048658315527,0,-0.5063107353909786,-0.043187660688131534,0.08984534639226345,0.26107101030115826,1.2359342114759073,1.7765539637271726,-1.0029610262683273,0.24030102489791522,-0.9195859614658419,1.1266027981138347,1.3526809855811424,0.7554755835226237,-0.42807250939347835,-1.5739990105569672,1.3919462541777539,-0.7651922090123016,-0.6147366093826588,-1.0670240730349723,-1.0359131809586002,-1.1768923800548332,-0.6683591089246615,-1.1469071832564992,False,True,True,False,True,False,False,False,False,False,False,False,False,False,True,False,False,True,False,True,False
-0.3450477836573759,0,1.0903169843378544,-0.1662180554215485,1.064487664055538,-1.573189559483144,-0.9856018314208724,0.37840702535570064,0.1765837713204426,-1.575009224470179,0.2679531588235826,-0.5267768228752883,-0.25559206698179404,-0.6159098130726615,-0.42807250939347835,1.2002765418458676,0.2332727608290527,-0.3093711654829352,2.466900515655734,-2.475869879301206,-0.8429336132460213,-0.5913608932251309,0.013835058709392709,-0.5631210944817947,False,True,False,True,True,False,False,False,False,False,False,False,False,False,False,True,False,True,False,True,False
-0.6857405952880085,1,-0.1542592816619502,-1.0274308185554673,0.08984534639226345,-0.6560592745909929,-0.09698741426216059,-1.0197399130157712,0.1765837713204426,-1.575009224470179,1.2689693875983779,-1.2654462963739497,-0.6576603301225281,-1.1644639717107754,-0.42807250939347835,1.2002765418458676,0.2332727608290527,-0.00549046979669098,0.9260819531365376,0.3418217332312617,0.70090292845461,1.1652335672639762,1.3782233939775013,0.8963441274549668,False,True,False,True,True,False,False,False,False,False,False,False,False,False,False,True,False,True,False,True,False
0.22277356906034518,0,0.21266758560492446,0.07984273404528544,1.064487664055538,0.26107101030115826,0.24858485907733846,0.37840702535570064,0.1765837713204426,0.24030102489791522,0.17303440142922363,0.06587006765487582,0.14647619615894003,-1.1644639717107754,-0.42807250939347835,0.27551802437825607,-0.9254007325196485,-0.00549046979669098,-0.6147366093826588,0.3418217332312617,-0.07101534239570564,-0.2985951498102796,-0.3272620251076344,-0.5631210944817947,True,False,False,False,False,False,False,False,False,True,False,False,False,False,False,False,False,True,False,True,False
-0.11791924257028744,0,0.4705080869275931,-1.0274308185554673,0.08984534639226345,1.1782012951933094,0.10048245621755315,-1.0197399130157712,-1.0029610262683273,-1.575009224470179,-0.9198872908543955,1.036127710683786,-0.6576603301225281,1.0297526628416807,-0.42807250939347835,-0.6492404930893556,-0.9254007325196485,-1.0690729046985459,0.1556726718769394,0.3418217332312617,-0.6499540455334424,-1.1768923800548332,-0.3272620251076344,-0.5631210944817947,False,True,True,False,False,False,True,False,False,False,True,False,False,False,False,False,False,False,True,True,False
-0.6857405952880085,0,1.2043618214613423,2.417420233980208,1.064487664055538,0.26107101030115826,-1.627378910479942,0.37840702535570064,1.3561285689092124,-0.6673540997861319,1.1291525513095444,0.4845803559939385,0.14647619615894003,-0.8901868923917186,-0.42807250939347835,-0.6492404930893556,0.2332727608290527,-0.1574308176398131,0.1556726718769394,0.3418217332312617,-0.4569744778208635,-0.5913608932251309,-0.3272620251076344,-0.27122805009444234,False,True,False,True,False,False,False,False,True,False,False,False,False,False,False,True,False,True,False,True,False
-0.11791924257028744,1,-1.7310531166736547,-0.9044004238220503,0.08984534639226345,-1.573189559483144,0.14984992383748158,0.37840702535570064,-1.0029610262683273,-1.575009224470179,-1.0331871409505191,1.7217745748048374,-0.6576603301225281,-0.8901868923917186,-0.42807250939347835,1.2002765418458676,0.2332727608290527,-1.37295360038479,-0.6147366093826588,0.3418217332312617,-1.0359131809586002,-1.1768923800548332,-0.6683591089246615,-1.1469071832564992,False,True,True,False,True,False,False,False,False,False,True,False,False,False,False,False,False,False,False,False,True
1.9262376272135084,1,-0.48399761508420913,-0.9044004238220503,2.0391299817188124,0.26107101030115826,0.5941571324168375,-1.0197399130157712,1.3561285689092124,1.1479561495819623,1.4060742593902298,0.0383768627924114,-1.0597285932632623,0.20692142488450962,-0.42807250939347835,-0.6492404930893556,0.2332727608290527,3.6410778784382396,0.9260819531365376,0.3418217332312617,5.139432985843925,0.872467823849125,-0.3272620251076344,1.4801302162296714,False,True,True,False,False,False,False,False,True,False,False,False,True,False,False,False,False,True,False,False,False
0.22277356906034518,1,0.24985611944954011,-0.9044004238220503,0.08984534639226345,0.26107101030115826,0.7422595352766228,0.37840702535570064,0.1765837713204426,-0.6673540997861319,-0.19519011138317852,-0.9386138099987349,0.5485444592996741,-1.1644639717107754,-0.42807250939347835,-1.5739990105569672,1.3919462541777539,-0.46131151332605735,-0.6147366093826588,0.3418217332312617,-0.2639949101082846,-0.5913608932251309,-0.3272620251076344,0.020664994292909928,False,True,True,False,False,False,True,False,False,False,False,False,True,False,False,False,False,True,False,True,False
-0.45861205420092005,0,0.9861890895729304,-1.0274308185554673,1.064487664055538,1.1782012951933094,-0.19572234950201747,0.37840702535570064,0.1765837713204426,-1.575009224470179,-0.4266110817922823,1.5190823246708522,0.5485444592996741,-0.3416327337536044,-0.42807250939347835,-0.6492404930893556,0.2332727608290527,-0.1574308176398131,0.1556726718769394,-1.0670240730349723,-0.07101534239570564,0.28693633701942267,-0.3272620251076344,-0.5631210944817947,False,False,True,False,False,False,False,False,True,False,False,False,False,False,True,False,False,True,False,True,False
1.3584162744957873,0,0.7580994153259544,0.6949947077123703,1.064487664055538,0.26107101030115826,-0.04761994664223216,0.37840702535570064,-1.0029610262683273,-1.575009224470179,-0.9448976301043377,0.3065758816548194,2.1568175118626107,-0.8901868923917186,-0.42807250939347835,1.2002765418458676,0.2332727608290527,-0.00549046979669098,0.1556726718769394,-1.0670240730349723,0.3149437930294522,-0.5913608932251309,1.7193204777945283,0.6044510830676145,False,True,True,False,False,False,False,True,False,False,False,False,False,False,True,False,False,True,False,False,False
-0.23148351311383164,0,-0.8013397705582629,-0.2892484501549655,1.064487664055538,-1.573189559483144,-1.5286439752400853,0.37840702535570064,-1.0029610262683273,1.1479561495819623,-0.7625933500294577,1.0824172902991598,-0.6576603301225281,-0.6159098130726615,-0.42807250939347835,0.27551802437825607,-0.9254007325196485,-1.37295360038479,0.9260819531365376,-2.475869879301206,-1.0359131809586002,-1.1768923800548332,-0.6683591089246615,-1.1469071832564992,False,True,True,False,False,False,True,False,False,False,False,False,False,False,True,False,False,False,True,True,False
-0.23148351311383164,0,1.3605536636087283,-1.0274308185554673,1.064487664055538,-0.6560592745909929,-1.0349692990408008,0.37840702535570064,0.1765837713204426,1.1479561495819623,-0.005653925983014075,-0.1874601771492606,2.5588857750033447,0.48119850420356663,-0.42807250939347835,-0.6492404930893556,0.2332727608290527,-0.1574308176398131,0.1556726718769394,-1.0670240730349723,-0.8429336132460213,-0.5913608932251309,0.013835058709392709,-0.8550141388691469,False,True,True,False,True,False,False,False,False,False,False,False,False,False,True,False,False,True,False,True,False
-1.1399976774621854,0,-0.8137359485064681,-0.7813700290886334,0.08984534639226345,-1.573189559483144,1.1371992762360503,0.37840702535570064,-1.0029610262683273,1.1479561495819623,-1.037104423001715,-0.45046915223661155,-0.6576603301225281,1.5783068214797948,2.3360528369758367,-1.5739990105569672,-0.9254007325196485,-1.37295360038479,1.696491234396136,0.3418217332312617,-1.0359131809586002,-1.1768923800548332,-0.6683591089246615,-1.1469071832564992,False,True,True,False,True,False,False,False,False,False,False,False,False,False,True,False,False,True,False,False,False
0.22277356906034518,0,1.0977546911067775,0.5719643129789533,0.08984534639226345,0.26107101030115826,0.6928920676566944,0.37840702535570064,0.1765837713204426,-0.6673540997861319,1.3322485591946172,-0.2790574362063487,-1.0597285932632623,-1.1644639717107754,-0.42807250939347835,1.2002765418458676,0.2332727608290527,-0.00549046979669098,0.1556726718769394,0.3418217332312617,0.5079233607420311,1.1652335672639762,1.7193204777945283,0.8963441274549668,False,True,False,True,True,False,False,False,False,False,False,False,False,False,False,True,False,True,False,True,False
0.22277356906034518,0,-0.9054676653231868,0.8180251024457873,0.08984534639226345,-0.6560592745909929,1.1865667438559788,0.37840702535570064,0.1765837713204426,-0.6673540997861319,-0.3931635196628415,0.2853948921944514,-0.25559206698179404,-0.8901868923917186,-0.42807250939347835,-0.6492404930893556,-0.9254007325196485,-0.3093711654829352,1.696491234396136,1.7506675394974955,-0.6499540455334424,-0.5913608932251309,-0.3272620251076344,-0.5631210944817947,False,True,False,True,True,False,False,False,False,False,False,False,False,False,False,True,False,False,True,False,False
-0.004354972026743229,0,0.20275064324636027,-1.0274308185554673,1.064487664055538,-0.6560592745909929,0.34731979431719534,0.37840702535570064,0.1765837713204426,0.24030102489791522,0.3954154901817218,0.9962906179238885,1.3526809855811424,-0.6159098130726615,-0.42807250939347835,-1.5739990105569672,-0.9254007325196485,0.7542112694189196,1.696491234396136,0.3418217332312617,-1.0359131809586002,-1.1768923800548332,-0.6683591089246615,-1.1469071832564992,False,True,False,True,True,False,False,False,False,False,False,False,False,False,False,True,False,False,True,False,False
-0.7993048658315527,0,1.407659139811908,-0.7813700290886334,-1.8594392889342857,-0.6560592745909929,1.0384643409961936,0.37840702535570064,-1.0029610262683273,-1.575009224470179,-0.23496559067224324,0.2621098309333846,-0.6576603301225281,0.7554755835226237,-0.42807250939347835,1.2002765418458676,-0.9254007325196485,-0.00549046979669098,0.1556726718769394,0.3418217332312617,0.70090292845461,1.4579993106788274,-0.3272620251076344,0.3125580386802622,False,True,True,False,False,False,True,False,False,False,True,False,False,False,False,False,False,False,True,True,True
-0.11791924257028744,0,-0.32780577293682334,0.07984273404528544,1.064487664055538,-1.573189559483144,-0.7387644933212303,0.37840702535570064,0.1765837713204426,0.24030102489791522,0.19262081168520245,-1.4197448950918623,0.14647619615894003,0.20692142488450962,-0.42807250939347835,0.27551802437825607,-0.9254007325196485,-0.00549046979669098,0.9260819531365376,0.3418217332312617,-0.2639949101082846,-0.5913608932251309,-0.6683591089246615,0.020664994292909928,False,True,True,False,False,False,True,False,False,False,False,False,False,False,False,False,False,False,True,False,True
0.3363378396038894,0,1.6357488140588843,-0.41227884488838246,0.08984534639226345,1.1782012951933094,-1.3805415723803,1.7765539637271726,1.3561285689092124,0.24030102489791522,0.8239058807048281,-1.3587268128715968,-0.25559206698179404,-1.1644639717107754,-0.42807250939347835,-1.5739990105569672,0.2332727608290527,0.14644987804643114,0.1556726718769394,0.3418217332312617,0.12196422531687327,0.5797020804342738,1.7193204777945283,0.6044510830676145,False,True,False,True,False,False,True,False,False,False,False,False,False,False,False,True,False,True,False,True,False
-0.7993048658315527,0,0.47794579369651624,-0.9044004238220503,-1.8594392889342857,-1.573189559483144,1.0384643409961936,0.37840702535570064,0.1765837713204426,1.1479561495819623,1.0095247840537966,1.4221547503853271,-0.6576603301225281,1.0297526628416807,-0.42807250939347835,1.2002765418458676,0.2332727608290527,-0.6132518611691794,-2.1555551719018555,1.7506675394974955,-0.07101534239570564,-0.005829406395428478,-0.3272620251076344,-0.27122805009444234,True,False,True,False,True,False,False,False,False,False,False,False,False,False,False,False,False,False,False,True,False
-1.4806904890928179,0,0.4333195530829774,0.07984273404528544,0.08984534639226345,1.1782012951933094,-1.0349692990408008,1.7765539637271726,-1.0029610262683273,0.24030102489791522,-1.0334884703390728,-0.21298958166440615,-0.25559206698179404,0.20692142488450962,-0.42807250939347835,1.2002765418458676,0.2332727608290527,-0.9171325568554237,-0.6147366093826588,0.3418217332312617,-0.8429336132460213,-0.5913608932251309,0.013835058709392709,-0.5631210944817947,False,True,True,False,False,False,False,False,True,False,False,False,False,False,True,False,False,True,False,True,False
-0.004354972026743229,0,1.2390711197163171,-0.41227884488838246,1.064487664055538,-1.573189559483144,0.6928920676566944,1.7765539637271726,0.1765837713204426,-1.575009224470179,0.017849766324160528,0.7527793748563465,0.14647619615894003,-0.6159098130726615,-0.42807250939347835,1.2002765418458676,0.2332727608290527,-0.1574308176398131,0.1556726718769394,0.3418217332312617,-0.6499540455334424,-0.5913608932251309,-0.6683591089246615,-0.5631210944817947,True,False,True,False,True,False,False,False,False,False,True,False,False,False,False,False,False,True,False,True,True
-0.11791924257028744,0,-0.12946692576553973,2.294389839246791,0.08984534639226345,-0.6560592745909929,-0.9856018314208724,1.7765539637271726,0.1765837713204426,0.24030102489791522,-0.6315150660086762,1.5434895575589584,-0.6576603301225281,0.48119850420356663,-0.42807250939347835,1.2002765418458676,1.3919462541777539,-0.00549046979669098,0.1556726718769394,-1.0670240730349723,0.70090292845461,1.4579993106788274,1.3782233939775013,1.188237171842319,False,True,True,False,True,False,False,False,False,False,True,False,False,False,False,False,False,True,False,True,False
-0.23148351311383164,0,-0.36995277796072107,0.07984273404528544,1.064487664055538,1.1782012951933094,1.2853016790958356,-1.0197399130157712,0.1765837713204426,0.24030102489791522,-0.13251359856404624,0.13853068050567463,-0.6576603301225281,-0.3416327337536044,-0.42807250939347835,-0.6492404930893556,0.2332727608290527,-0.3093711654829352,0.1556726718769394,-1.0670240730349723,0.3149437930294522,-0.5913608932251309,1.7193204777945283,0.8963441274549668,True,False,True,False,False,False,False,False,True,False,False,False,False,False,False,False,False,True,False,True,False
0.4499021101474336,0,-1.69634381841868,0.5719643129789533,-0.8847969712710111,1.1782012951933094,0.8903619381364082,0.37840702535570064,0.1765837713204426,-1.575009224470179,-0.260277259310739,-0.4323741347506018,-0.6576603301225281,-0.0673556544345474,-0.42807250939347835,0.27551802437825607,0.2332727608290527,-0.7651922090123016,-0.6147366093826588,0.3418217332312617,-0.2639949101082846,-0.005829406395428478,-0.3272620251076344,-0.5631210944817947,False,True,False,True,True,False,False,False,False,False,False,False,False,False,False,True,False,True,False,False,False
0.7905949217780662,0,0.46554961574831105,2.171359444513374,0.08984534639226345,1.1782012951933094,1.0384643409961936,1.7765539637271726,-1.0029610262683273,-0.6673540997861319,-0.18886219422355457,-1.190821883175832,0.9506127224404082,-0.8901868923917186,-0.42807250939347835,0.27551802437825607,0.2332727608290527,-0.3093711654829352,-2.1555551719018555,0.3418217332312617,-0.07101534239570564,-0.005829406395428478,-0.6683591089246615,-0.5631210944817947,False,True,True,False,False,False,False,False,True,False,True,False,False,False,False,False,False,False,False,True,False
-0.11791924257028744,0,1.355595192429446,-0.2892484501549655,-0.8847969712710111,0.26107101030115826,-0.14635488188208903,-1.0197399130157712,-1.0029610262683273,1.1479561495819623,-0.8475682376015505,-0.9301975227959397,-0.6576603301225281,0.7554755835226237,-0.42807250939347835,1.2002765418458676,0.2332727608290527,-1.37295360038479,1.696491234396136,-1.0670240730349723,-1.0359131809586002,-1.1768923800548332,-0.6683591089246615,-0.8550141388691469,False,True,True,False,True,False,False,False,False,False,True,False,False,False,False,False,False,True,False,True,False
-0.9128691363750969,1,-1.1732251090044197,1.802268260313123,0.08984534639226345,0.26107101030115826,-0.7387644933212303,0.37840702535570064,-1.0029610262683273,-0.6673540997861319,-0.9325431251736434,-0.9847631181607288,-0.6576603301225281,0.48119850420356663,-0.42807250939347835,0.27551802437825607,2.550619747526455,-1.37295360038479,0.1556726718769394,0.3418217332312617,-1.0359131809586002,-0.884126636639982,-0.6683591089246615,-1.1469071832564992,False,True,True,False,False,False,True,False,False,False,True,False,False,False,False,False,False,True,False,True,True
-1.594254759636362,0,-0.8558829535303659,2.048329049779957,-0.8847969712710111,-0.6560592745909929,0.9397294057563366,-1.0197399130157712,-1.0029610262683273,0.24030102489791522,-0.810203393420914,-0.5682971730757448,-0.6576603301225281,-0.3416327337536044,-0.42807250939347835,-0.6492404930893556,-0.9254007325196485,-0.9171325568554237,-0.6147366093826588,-1.0670240730349723,-0.4569744778208635,-0.5913608932251309,-0.3272620251076344,-0.27122805009444234,False,False,True,False,False,False,False,True,False,False,False,False,False,False,True,False,False,True,False,False,True
1.5855448155828757,0,1.070483099620726,1.3101466813794551,2.0391299817188124,-0.6560592745909929,-1.2324391695205146,0.37840702535570064,2.535673366497982,0.24030102489791522,1.7303046814738179,0.8899648562619088,-0.25559206698179404,-0.0673556544345474,-0.42807250939347835,0.27551802437825607,0.2332727608290527,3.3371971827519955,0.1556726718769394,0.3418217332312617,4.5604942827061885,1.1652335672639762,3.424805896879664,2.6477023937790807,True,False,True,False,False,False,True,False,False,False,False,False,False,False,False,False,False,True,False,True,True
-0.45861205420092005,0,-0.4170582541639009,-0.5353092396217994,1.064487664055538,-0.6560592745909929,-1.5286439752400853,1.7765539637271726,-1.0029610262683273,1.1479561495819623,-0.6601413579212607,0.6226074661197804,0.14647619615894003,0.48119850420356663,-0.42807250939347835,1.2002765418458676,1.3919462541777539,-0.6132518611691794,0.1556726718769394,0.3418217332312617,-0.6499540455334424,-0.5913608932251309,-0.6683591089246615,-0.5631210944817947,False,True,True,False,False,False,False,True,False,False,False,False,False,False,True,False,False,True,False,False,False
-0.6857405952880085,0,-1.3913978408928316,-0.2892484501549655,0.08984534639226345,-0.6560592745909929,-0.8868668961810157,-1.0197399130157712,-1.0029610262683273,-0.6673540997861319,-1.0129980719174334,-1.2619395100394517,-0.6576603301225281,-0.8901868923917186,-0.42807250939347835,-0.6492404930893556,0.2332727608290527,-0.6132518611691794,0.1556726718769394,-1.0670240730349723,-0.07101534239570564,-0.005829406395428478,-0.3272620251076344,-0.8550141388691469,False,True,True,False,False,False,True,False,False,False,False,False,False,False,True,False,False,True,False,True,False
1.0177234628651546,0,0.5275305054893371,-0.5353092396217994,2.0391299817188124,0.26107101030115826,-0.7881319609411588,-2.417886851387243,0.1765837713204426,-1.575009224470179,0.08022494975473929,1.2768335246837295,-0.6576603301225281,-0.3416327337536044,-0.42807250939347835,-1.5739990105569672,-0.9254007325196485,-0.00549046979669098,0.1556726718769394,0.3418217332312617,0.70090292845461,0.872467823849125,-0.3272620251076344,0.020664994292909928,False,True,True,False,False,False,True,False,False,False,True,False,False,False,False,False,False,False,True,False,True
1.0177234628651546,0,-1.1558704598769323,2.048329049779957,0.08984534639226345,-1.573189559483144,-0.6893970257013019,-1.0197399130157712,0.1765837713204426,-1.575009224470179,-0.3368149240033332,1.3771276138503727,-0.6576603301225281,-0.0673556544345474,-0.42807250939347835,-1.5739990105569672,0.2332727608290527,-0.00549046979669098,-0.6147366093826588,0.3418217332312617,0.70090292845461,0.872467823849125,0.696029226343447,0.3125580386802622,False,False,False,True,False,True,False,False,False,False,False,False,False,False,False,True,False,True,False,True,False
-0.5721763247444642,0,-0.2162401714029763,-0.9044004238220503,1.064487664055538,1.1782012951933094,-0.590662090461445,0.37840702535570064,0.1765837713204426,-1.575009224470179,-0.0514559930431492,1.0180326931977761,1.7547492487218765,-0.6159098130726615,-0.42807250939347835,1.2002765418458676,-0.9254007325196485,-0.00549046979669098,0.1556726718769394,0.3418217332312617,-0.2639949101082846,-0.5913608932251309,-0.6683591089246615,-0.27122805009444234,True,False,False,True,False,False,False,True,False,False,False,False,False,False,False,True,False,False,True,True,False
-0.004354972026743229,0,-0.6030009233869793,0.3259035235121194,1.064487664055538,0.26107101030115826,0.49542219717698066,0.37840702535570064,0.1765837713204426,0.24030102489791522,-0.25304535398545447,-0.269799520283274,2.5588857750033447,-0.8901868923917186,-0.42807250939347835,-0.6492404930893556,1.3919462541777539,-0.46131151332605735,-0.6147366093826588,0.3418217332312617,-0.6499540455334424,-0.5913608932251309,-0.3272620251076344,-0.8550141388691469,False,True,True,False,True,False,False,False,False,False,False,False,True,False,False,False,False,True,False,False,True
-0.23148351311383164,0,-0.9327392568092383,0.07984273404528544,1.064487664055538,0.26107101030115826,-1.1830717019005863,1.7765539637271726,0.1765837713204426,1.1479561495819623,-0.2346642612836897,0.37250346474338203,-0.6576603301225281,-0.6159098130726615,-0.42807250939347835,-1.5739990105569672,0.2332727608290527,-0.1574308176398131,0.1556726718769394,0.3418217332312617,0.5079233607420311,0.872467823849125,1.7193204777945283,-0.5631210944817947,True,False,True,False,True,False,False,False,False,False,False,False,True,False,False,False,False,False,False,True,False
1.4719805450393315,0,-0.19888552227548897,1.92529865504654,1.064487664055538,0.26107101030115826,0.8903619381364082,0.37840702535570064,-1.0029610262683273,-1.575009224470179,-0.6905756261651663,1.0881684198877364,-0.6576603301225281,-0.3416327337536044,-0.42807250939347835,1.2002765418458676,0.2332727608290527,-0.00549046979669098,0.1556726718769394,-1.0670240730349723,0.5079233607420311,0.5797020804342738,-0.3272620251076344,0.020664994292909928,False,True,True,False,True,False,False,False,False,False,True,False,False,False,False,False,False,True,False,False,False
0.3363378396038894,0,1.4498061448358057,0.07984273404528544,2.0391299817188124,-0.6560592745909929,0.49542219717698066,0.37840702535570064,0.1765837713204426,-1.575009224470179,-0.03789617055824077,-1.4741702190032715,-0.25559206698179404,-0.6159098130726615,-0.42807250939347835,1.2002765418458676,2.550619747526455,-0.00549046979669098,0.1556726718769394,0.3418217332312617,0.12196422531687327,0.872467823849125,1.7193204777945283,0.8963441274549668,False,True,True,False,False,False,True,False,False,False,False,False,True,False,False,False,False,True,False,True,False
-1.0264334069186412,0,1.2390711197163171,1.187116286646038,0.08984534639226345,1.1782012951933094,0.051114988597624714,-1.0197399130157712,-1.0029610262683273,-1.575009224470179,-0.43293899895190624,0.2729107328436385,-0.6576603301225281,-1.1644639717107754,-0.42807250939347835,-1.5739990105569672,1.3919462541777539,-0.46131151332605735,0.1556726718769394,0.3418217332312617,0.12196422531687327,0.872467823849125,-0.6683591089246615,0.8963441274549668,False,True,True,False,False,False,False,True,False,False,True,False,False,False,False,False,False,False,False,True,False
-0.11791924257028744,0,0.04160032991969236,1.0640858919126213,2.0391299817188124,-0.6560592745909929,-0.8868668961810157,1.7765539637271726,0.1765837713204426,-1.575009224470179,-0.08882083722378575,1.6787112386172018,-0.6576603301225281,-1.1644639717107754,-0.42807250939347835,1.2002765418458676,-0.9254007325196485,0.9061516172620417,-0.6147366093826588,0.3418217332312617,1.8587803347300833,3.214593771167934,-0.3272620251076344,1.7720232606170236,False,True,True,False,True,False,False,False,False,False,False,False,False,False,True,False,False,True,False,True,False
-0.9128691363750969,0,-0.5509369760045173,2.171359444513374,0.08984534639226345,-0.6560592745909929,-1.3311741047603716,-2.417886851387243,0.1765837713204426,-1.575009224470179,-0.18856086483500106,0.857842693437907,-1.0597285932632623,1.5783068214797948,2.3360528369758367,-0.6492404930893556,0.2332727608290527,-0.6132518611691794,1.696491234396136,-1.0670240730349723,-0.2639949101082846,-0.2985951498102796,-0.6683591089246615,-1.1469071832564992,False,True,True,False,False,False,True,False,False,False,False,False,True,False,False,False,False,False,False,False,False
-1.7078190301799063,0,-0.6352309860523129,-0.5353092396217994,-1.8594392889342857,0.26107101030115826,1.5321390171954778,0.37840702535570064,-1.0029610262683273,1.1479561495819623,-0.7189005886891973,1.636208988243086,-0.6576603301225281,0.7554755835226237,-0.42807250939347835,0.27551802437825607,-0.9254007325196485,-1.0690729046985459,-0.6147366093826588,0.3418217332312617,-0.8429336132460213,-0.5913608932251309,0.013835058709392709,-0.5631210944817947,False,True,True,False,False,False,True,False,False,False,False,False,False,False,True,False,False,False,True,True,False
-2.048511841810539,1,-0.6401894572315949,-0.7813700290886334,-0.8847969712710111,-0.6560592745909929,0.19921739145741002,0.37840702535570064,-1.0029610262683273,1.1479561495819623,-1.1853584821700471,0.5716889285428691,-0.6576603301225281,-0.8901868923917186,-0.42807250939347835,0.27551802437825607,-0.9254007325196485,-1.5248939482279122,-0.6147366093826588,1.7506675394974955,-1.2288927486711791,-1.1768923800548332,-0.6683591089246615,-1.1469071832564992,True,False,False,True,False,False,True,False,False,False,False,False,False,False,False,False,True,False,True,False,True
0.3363378396038894,0,-1.5674235677573458,-0.7813700290886334,-0.8847969712710111,0.26107101030115826,0.49542219717698066,-1.0197399130157712,0.1765837713204426,0.24030102489791522,-0.7333643993397663,-0.5670347299953254,-1.0597285932632623,-0.0673556544345474,-0.42807250939347835,1.2002765418458676,0.2332727608290527,0.14644987804643114,0.1556726718769394,0.3418217332312617,0.70090292845461,1.1652335672639762,-0.6683591089246615,0.8963441274549668,False,True,True,False,False,False,True,False,False,False,True,False,False,False,False,False,False,False,False,True,False
0.4499021101474336,0,0.20275064324636027,0.6949947077123703,0.08984534639226345,-1.573189559483144,0.6928920676566944,-1.0197399130157712,1.3561285689092124,0.24030102489791522,1.4862278767454662,1.6068922544866824,-0.6576603301225281,-0.6159098130726615,-0.42807250939347835,1.2002765418458676,1.3919462541777539,1.210032312948286,-0.6147366093826588,0.3418217332312617,2.244739470155241,3.214593771167934,4.107000064513718,2.3558093493917283,False,True,True,False,True,False,False,False,False,False,False,False,True,False,False,False,False,True,False,False,False
-0.11791924257028744,0,-1.4732126153509861,-0.1662180554215485,1.064487664055538,0.26107101030115826,-0.6893970257013019,0.37840702535570064,0.1765837713204426,0.24030102489791522,-0.40822998909051755,-0.2937859388112404,-0.6576603301225281,-0.8901868923917186,-0.42807250939347835,1.2002765418458676,0.2332727608290527,0.7542112694189196,1.696491234396136,0.3418217332312617,1.4728211993049256,2.04353079750853,0.013835058709392709,1.4801302162296714,False,False,True,False,True,False,False,False,False,False,False,False,False,False,False,False,False,True,False,False,False
0.10920929851680099,0,-0.32532653734718225,1.187116286646038,0.08984534639226345,0.26107101030115826,0.9397294057563366,0.37840702535570064,0.1765837713204426,0.24030102489791522,0.07992362036618576,1.7041003716789673,0.14647619615894003,0.48119850420356663,-0.42807250939347835,-1.5739990105569672,2.550619747526455,-0.1574308176398131,-0.6147366093826588,-1.0670240730349723,-0.4569744778208635,-0.2985951498102796,-0.6683591089246615,-0.5631210944817947,False,True,True,False,True,False,False,False,False,False,False,False,True,False,False,False,False,True,False,True,False
0.3363378396038894,0,-0.2261571137615405,-0.6583396343552164,0.08984534639226345,-1.573189559483144,0.7422595352766228,0.37840702535570064,0.1765837713204426,0.24030102489791522,-0.13884151572367018,-1.571658879102316,-1.0597285932632623,-0.6159098130726615,-0.42807250939347835,1.2002765418458676,-0.9254007325196485,-0.00549046979669098,-0.6147366093826588,-2.475869879301206,0.5079233607420311,-0.5913608932251309,0.3549321425264198,1.188237171842319,True,False,True,False,False,False,True,False,False,False,False,False,True,False,False,False,False,False,True,False,False
1.0177234628651546,0,1.3060104806366253,-0.9044004238220503,-0.8847969712710111,1.1782012951933094,-0.34382475236180277,-1.0197399130157712,0.1765837713204426,1.1479561495819623,0.0805262791432928,-1.256328651904255,-0.6576603301225281,1.0297526628416807,-0.42807250939347835,-1.5739990105569672,1.3919462541777539,-0.00549046979669098,0.1556726718769394,0.3418217332312617,0.70090292845461,0.872467823849125,0.3549321425264198,1.4801302162296714,False,True,True,False,False,False,False,True,False,False,False,False,True,False,False,False,False,False,False,False,False
0.22277356906034518,0,-1.0046370889088285,-0.9044004238220503,-0.8847969712710111,1.1782012951933094,-0.590662090461445,-1.0197399130157712,1.3561285689092124,0.24030102489791522,0.6789664448105847,-0.02039687617377529,0.14647619615894003,1.0297526628416807,-0.42807250939347835,1.2002765418458676,0.2332727608290527,-0.00549046979669098,2.466900515655734,1.7506675394974955,-0.2639949101082846,-0.005829406395428478,-0.6683591089246615,-0.5631210944817947,False,True,True,False,False,False,True,False,False,False,False,False,True,False,False,False,False,True,False,False,True
-0.11791924257028744,1,-0.16169698843087332,0.07984273404528544,0.08984534639226345,1.1782012951933094,-0.5412946228415165,-1.0197399130157712,1.3561285689092124,-1.575009224470179,1.4473563856220621,1.0079331485544218,2.5588857750033447,0.48119850420356663,-0.42807250939347835,0.27551802437825607,-0.9254007325196485,0.7542112694189196,0.1556726718769394,0.3418217332312617,1.2798416315923467,2.336296540923381,1.3782233939775013,-1.1469071832564992,False,True,False,True,False,False,True,False,False,False,False,False,False,False,False,True,False,True,False,True,False
0.10920929851680099,0,1.6555826987760125,0.07984273404528544,0.08984534639226345,-0.6560592745909929,0.24858485907733846,0.37840702535570064,-1.0029610262683273,-0.6673540997861319,-0.47211181946386394,-0.6159894672249178,-0.6576603301225281,-1.1644639717107754,-0.42807250939347835,-1.5739990105569672,0.2332727608290527,-0.3093711654829352,-0.6147366093826588,-2.475869879301206,0.3149437930294522,-0.005829406395428478,1.7193204777945283,0.8963441274549668,False,True,True,False,False,False,True,False,False,False,False,False,False,False,True,False,False,True,False,False,False
0.4499021101474336,0,-0.8781960738371353,0.8180251024457873,0.08984534639226345,0.26107101030115826,0.8903619381364082,0.37840702535570064,1.3561285689092124,1.1479561495819623,0.7359176992472001,0.7860237093073877,1.3526809855811424,-0.0673556544345474,-0.42807250939347835,1.2002765418458676,-0.9254007325196485,1.210032312948286,-0.6147366093826588,-1.0670240730349723,-0.4569744778208635,-0.5913608932251309,0.3549321425264198,-0.27122805009444234,False,True,True,False,True,False,False,False,False,False,False,False,True,False,False,False,False,False,True,False,True
0.9041591923216105,0,-0.4963937930324144,-1.0274308185554673,2.0391299817188124,-1.573189559483144,-1.4299090400002283,0.37840702535570064,0.1765837713204426,1.1479561495819623,0.07239038565234775,-0.5388401678659615,0.5485444592996741,-1.1644639717107754,-0.42807250939347835,0.27551802437825607,-0.9254007325196485,0.6022709215757975,0.1556726718769394,0.3418217332312617,0.70090292845461,0.872467823849125,-0.6683591089246615,-0.5631210944817947,True,False,False,False,False,False,False,False,False,True,False,False,False,False,False,False,False,True,False,True,True
1.3584162744957873,0,-1.083972627777342,-0.6583396343552164,2.0391299817188124,0.26107101030115826,1.1371992762360503,-1.0197399130157712,2.535673366497982,1.1479561495819623,2.9226650719800986,-1.226310560880952,-0.25559206698179404,2.6754151387560228,2.3360528369758367,-0.6492404930893556,0.2332727608290527,1.9697340521638966,0.1556726718769394,0.3418217332312617,-0.8429336132460213,-0.5913608932251309,0.013835058709392709,-0.5631210944817947,True,False,True,False,False,False,True,False,False,False,False,True,False,False,False,False,False,True,False,True,False
-0.11791924257028744,1,-0.09723686310020614,0.6949947077123703,-0.8847969712710111,-1.573189559483144,-0.34382475236180277,-2.417886851387243,0.1765837713204426,1.1479561495819623,-0.01891241907936898,1.0876073340742167,1.3526809855811424,-0.3416327337536044,-0.42807250939347835,1.2002765418458676,1.3919462541777539,-0.46131151332605735,-0.6147366093826588,-1.0670240730349723,-0.8429336132460213,-0.5913608932251309,0.013835058709392709,-0.5631210944817947,False,True,False,True,False,False,True,False,False,False,False,False,False,False,False,True,False,False,False,True,True
-1.3671262185492736,0,-0.583167038669851,-0.9044004238220503,-1.8594392889342857,-1.573189559483144,-1.6767463780998706,0.37840702535570064,-1.0029610262683273,1.1479561495819623,-0.5251457918492836,0.40308264158020474,-0.6576603301225281,-0.6159098130726615,-0.42807250939347835,0.27551802437825607,-0.9254007325196485,-0.6132518611691794,-0.6147366093826588,0.3418217332312617,-0.07101534239570564,-0.2985951498102796,-0.3272620251076344,-0.27122805009444234,True,False,True,False,False,False,False,False,True,False,False,False,False,False,True,False,False,False,True,False,True
-1.0264334069186412,0,-0.7839851214307756,-0.1662180554215485,0.08984534639226345,-0.6560592745909929,0.9890968733762651,1.7765539637271726,-1.0029610262683273,0.24030102489791522,-0.598368833267789,1.1425937437991456,1.7547492487218765,0.48119850420356663,-0.42807250939347835,-1.5739990105569672,-0.9254007325196485,-0.7651922090123016,-2.1555551719018555,0.3418217332312617,-0.6499540455334424,-0.5913608932251309,-0.6683591089246615,-0.5631210944817947,False,True,True,False,False,False,True,False,False,False,False,False,False,False,True,False,False,True,False,False,False
-1.0264334069186412,0,-0.5236653845184659,-0.9044004238220503,0.08984534639226345,1.1782012951933094,1.0384643409961936,0.37840702535570064,-1.0029610262683273,1.1479561495819623,-0.8807144703424378,-1.1288219007819071,-0.25559206698179404,-0.6159098130726615,-0.42807250939347835,0.27551802437825607,-0.9254007325196485,-0.6132518611691794,-2.1555551719018555,-1.0670240730349723,-0.4569744778208635,-0.5913608932251309,-0.3272620251076344,-0.5631210944817947,True,False,True,False,False,False,True,False,False,False,False,False,False,False,True,False,False,False,True,True,False
0.4499021101474336,1,1.3060104806366253,-0.2892484501549655,0.08984534639226345,-1.573189559483144,0.34731979431719534,0.37840702535570064,-1.0029610262683273,-1.575009224470179,-1.0054648372035953,-1.5437448598797119,0.14647619615894003,-0.3416327337536044,-0.42807250939347835,-0.6492404930893556,-0.9254007325196485,-0.00549046979669098,0.1556726718769394,-2.475869879301206,-0.4569744778208635,-0.5913608932251309,-0.6683591089246615,-0.27122805009444234,False,True,True,False,True,False,False,False,False,False,True,False,False,False,False,False,False,False,True,True,True
-0.7993048658315527,0,-0.8261321264546734,0.07984273404528544,0.08984534639226345,0.26107101030115826,-1.1830717019005863,-1.0197399130157712,0.1765837713204426,0.24030102489791522,0.11035788861009134,1.2720642952688122,2.5588857750033447,-1.1644639717107754,-0.42807250939347835,0.27551802437825607,-0.9254007325196485,-0.3093711654829352,-0.6147366093826588,0.3418217332312617,-0.2639949101082846,-0.5913608932251309,-0.3272620251076344,0.020664994292909928,False,True,False,True,False,False,True,False,False,False,False,False,False,False,False,True,False,False,True,True,False
-0.004354972026743229,0,-0.2261571137615405,-0.5353092396217994,1.064487664055538,-0.6560592745909929,-1.1830717019005863,0.37840702535570064,1.3561285689092124,-1.575009224470179,0.7549014507260718,1.1849557227198817,0.5485444592996741,-0.8901868923917186,-0.42807250939347835,0.27551802437825607,1.3919462541777539,-0.1574308176398131,2.466900515655734,0.3418217332312617,-0.6499540455334424,-0.5913608932251309,-0.6683591089246615,-0.5631210944817947,False,True,True,False,True,False,False,False,False,False,False,False,False,False,False,False,False,True,False,False,False
-1.2535619480057296,0,-0.07492374279343675,-0.9044004238220503,-1.8594392889342857,1.1782012951933094,0.544789664796909,1.7765539637271726,0.1765837713204426,0.24030102489791522,-0.08942349600089279,-1.314541305056922,-0.6576603301225281,0.48119850420356663,-0.42807250939347835,0.27551802437825607,1.3919462541777539,-0.46131151332605735,2.466900515655734,0.3418217332312617,0.12196422531687327,0.872467823849125,-0.6683591089246615,0.8963441274549668,True,False,True,False,True,False,False,False,False,False,False,False,True,False,False,False,False,False,False,True,False
0.3363378396038894,0,-0.7691097078929293,0.3259035235121194,0.08984534639226345,1.1782012951933094,0.0017475209776962777,0.37840702535570064,0.1765837713204426,-0.6673540997861319,-0.06260518041962947,-0.9330029518635381,0.5485444592996741,1.5783068214797948,2.3360528369758367,0.27551802437825607,-0.9254007325196485,-0.46131151332605735,0.1556726718769394,0.3418217332312617,-0.2639949101082846,-0.005829406395428478,-0.3272620251076344,-1.1469071832564992,False,True,True,False,False,False,True,False,False,False,False,False,True,False,False,False,False,True,False,True,False
1.4719805450393315,0,-1.2426437055143689,1.556207470846289,1.064487664055538,-1.573189559483144,0.2979523266972669,0.37840702535570064,2.535673366497982,-0.6673540997861319,3.287574961518412,-1.5214416987923045,0.14647619615894003,0.20692142488450962,-0.42807250939347835,-0.6492404930893556,1.3919462541777539,2.577495443536385,-0.6147366093826588,0.3418217332312617,-0.4569744778208635,-0.5913608932251309,-0.3272620251076344,-0.5631210944817947,False,True,True,False,False,False,False,True,False,False,False,False,False,True,False,False,False,True,False,False,False
1.5855448155828757,0,0.026724916381846094,0.9410554971792042,2.0391299817188124,1.1782012951933094,-0.7881319609411588,-1.0197399130157712,1.3561285689092124,-1.575009224470179,2.3401953639061435,1.071195574028766,0.9506127224404082,-0.0673556544345474,-0.42807250939347835,0.27551802437825607,2.550619747526455,1.361972660791408,0.1556726718769394,0.3418217332312617,1.4728211993049256,2.04353079750853,-0.3272620251076344,2.063916305004376,False,True,True,False,True,False,False,False,False,False,False,False,False,True,False,False,False,False,False,False,False
-1.8213833007234506,0,0.8399141897841088,-0.9044004238220503,0.08984534639226345,0.26107101030115826,-1.726113845719799,0.37840702535570064,-1.0029610262683273,0.24030102489791522,-0.8195446044660731,-0.15337421397793993,-0.6576603301225281,1.0297526628416807,-0.42807250939347835,-1.5739990105569672,-0.9254007325196485,-1.221013252541668,0.1556726718769394,0.3418217332312617,-0.8429336132460213,-0.5913608932251309,0.013835058709392709,-0.5631210944817947,False,True,False,True,False,False,True,False,False,False,False,False,False,False,False,False,True,False,True,False,False
-0.23148351311383164,0,0.8126425982980573,-0.7813700290886334,0.08984534639226345,1.1782012951933094,0.0017475209776962777,0.37840702535570064,0.1765837713204426,-0.6673540997861319,-0.021021724799243625,0.6996164940253566,-0.6576603301225281,-0.8901868923917186,-0.42807250939347835,0.27551802437825607,0.2332727608290527,0.14644987804643114,-0.6147366093826588,0.3418217332312617,0.893882496167189,1.1652335672639762,1.7193204777945283,1.4801302162296714,False,True,True,False,True,False,False,False,False,False,False,False,False,False,True,False,False,False,False,False,False
-0.004354972026743229,0,-1.2178513496179584,-0.2892484501549655,0.08984534639226345,-1.573189559483144,0.544789664796909,0.37840702535570064,-1.0029610262683273,-0.6673540997861319,-1.051568233652284,-0.47613882820513703,-0.25559206698179404,-1.1644639717107754,-0.42807250939347835,0.27551802437825607,-0.9254007325196485,0.7542112694189196,0.9260819531365376,0.3418217332312617,-0.4569744778208635,-0.2985951498102796,-0.3272620251076344,-0.27122805009444234,False,True,True,False,True,False,False,False,False,False,True,False,False,False,False,False,False,False,True,True,False
1.4719805450393315,0,-0.8360490688132375,-0.41227884488838246,-1.8594392889342857,0.26107101030115826,-1.2324391695205146,-1.0197399130157712,2.535673366497982,0.24030102489791522,2.5502219477279473,-0.3776682679324328,-0.25559206698179404,1.0297526628416807,-0.42807250939347835,-0.6492404930893556,0.2332727608290527,3.0333164870657514,0.1556726718769394,0.3418217332312617,1.6658007670175043,2.04353079750853,0.013835058709392709,2.3558093493917283,False,True,True,False,True,False,False,False,False,False,False,False,False,False,False,False,False,True,False,False,True
-0.004354972026743229,0,0.22754299914277074,-1.0274308185554673,1.064487664055538,1.1782012951933094,-1.627378910479942,-1.0197399130157712,0.1765837713204426,0.24030102489791522,-0.3401295472774219,0.14961212532268836,-1.0597285932632623,-0.0673556544345474,-0.42807250939347835,0.27551802437825607,-0.9254007325196485,-0.9171325568554237,2.466900515655734,0.3418217332312617,-0.6499540455334424,-0.5913608932251309,-0.3272620251076344,-0.5631210944817947,False,False,True,False,False,False,True,False,False,False,False,False,True,False,False,False,False,True,False,False,False
-0.004354972026743229,0,0.5895113952303632,-0.7813700290886334,-0.8847969712710111,1.1782012951933094,0.6435246000367659,1.7765539637271726,0.1765837713204426,-1.575009224470179,0.40355138367266685,1.6781501528036822,1.3526809855811424,1.3040297421607379,2.3360528369758367,-1.5739990105569672,0.2332727608290527,0.4503305737326754,0.1556726718769394,0.3418217332312617,-0.2639949101082846,-0.005829406395428478,-0.6683591089246615,0.020664994292909928,False,True,True,False,True,False,False,False,False,False,False,False,False,False,False,False,False,False,False,True,False
-0.11791924257028744,1,0.19283370088779608,0.3259035235121194,1.064487664055538,1.1782012951933094,-1.4792765076201568,0.37840702535570064,0.1765837713204426,1.1479561495819623,-0.27775436384684316,-0.5513243272167744,0.14647619615894003,2.401138059436966,2.3360528369758367,-1.5739990105569672,-0.9254007325196485,0.4503305737326754,-0.6147366093826588,1.7506675394974955,0.893882496167189,1.4579993106788274,1.3782233939775013,0.8963441274549668,True,False,False,True,False,False,False,True,False,False,False,False,False,False,False,True,False,False,True,True,True
0.22277356906034518,0,0.958917498086879,-1.0274308185554673,0.08984534639226345,1.1782012951933094,1.1865667438559788,0.37840702535570064,0.1765837713204426,1.1479561495819623,-0.23134963800960098,-0.628052812215591,1.7547492487218765,-0.0673556544345474,-0.42807250939347835,1.2002765418458676,1.3919462541777539,1.361972660791408,0.9260819531365376,1.7506675394974955,1.2798416315923467,2.04353079750853,0.013835058709392709,1.4801302162296714,True,False,True,False,True,False,False,False,False,False,False,False,False,False,True,False,False,True,False,True,False
-0.7993048658315527,0,0.4680288513379521,-0.5353092396217994,0.08984534639226345,-1.573189559483144,-1.1337042342806578,-1.0197399130157712,0.1765837713204426,-0.6673540997861319,-0.39647814293693023,-1.5413602451722532,-0.6576603301225281,-0.6159098130726615,-0.42807250939347835,-0.6492404930893556,0.2332727608290527,-0.00549046979669098,0.1556726718769394,-1.0670240730349723,0.70090292845461,-1.1768923800548332,-0.6683591089246615,1.4801302162296714,False,True,False,True,False,False,True,False,False,False,False,False,False,False,False,True,False,False,False,True,True
-0.3450477836573759,0,-1.0170332668570339,-0.9044004238220503,1.064487664055538,1.1782012951933094,1.334669146715764,0.37840702535570064,0.1765837713204426,1.1479561495819623,0.0006739911766098569,-1.4621068740125982,-0.6576603301225281,-0.3416327337536044,-0.42807250939347835,0.27551802437825607,1.3919462541777539,-0.6132518611691794,1.696491234396136,0.3418217332312617,-0.07101534239570564,-0.5913608932251309,-0.6683591089246615,0.020664994292909928,False,True,False,True,False,False,True,False,False,False,False,False,False,False,False,True,False,False,False,True,False
-0.45861205420092005,0,0.4333195530829774,-0.9044004238220503,0.08984534639226345,1.1782012951933094,-1.0349692990408008,0.37840702535570064,0.1765837713204426,-0.6673540997861319,-0.009872537422763363,1.567335704633545,-1.0597285932632623,-0.6159098130726615,-0.42807250939347835,0.27551802437825607,1.3919462541777539,-0.00549046979669098,0.9260819531365376,-1.0670240730349723,0.5079233607420311,0.28693633701942267,-0.3272620251076344,0.6044510830676145,False,True,True,False,False,False,True,False,False,False,False,False,False,False,True,False,False,False,False,True,False
-0.5721763247444642,0,0.7680163576845185,-0.5353092396217994,1.064487664055538,-1.573189559483144,0.051114988597624714,0.37840702535570064,0.1765837713204426,1.1479561495819623,-0.008064561091442239,1.1564806176837577,-0.6576603301225281,-1.1644639717107754,-0.42807250939347835,-1.5739990105569672,1.3919462541777539,-0.00549046979669098,-0.6147366093826588,0.3418217332312617,0.70090292845461,-1.1768923800548332,-0.6683591089246615,-0.5631210944817947,False,True,False,True,True,False,False,False,False,False,False,False,False,False,False,True,False,True,False,False,False
1.4719805450393315,0,-0.8385283044028785,0.8180251024457873,0.08984534639226345,1.1782012951933094,0.3966872619371238,0.37840702535570064,-1.0029610262683273,-1.575009224470179,-0.8786051646225631,1.4863990760333308,0.5485444592996741,0.20692142488450962,-0.42807250939347835,-0.6492404930893556,0.2332727608290527,1.058091965105164,-0.6147366093826588,-1.0670240730349723,-0.8429336132460213,-0.5913608932251309,0.013835058709392709,-0.5631210944817947,False,True,True,False,False,False,True,False,False,False,True,False,False,False,False,False,False,False,False,False,True
0.22277356906034518,0,-1.6219667507294486,-0.9044004238220503,0.08984534639226345,1.1782012951933094,-1.1830717019005863,-1.0197399130157712,-1.0029610262683273,-0.6673540997861319,-0.9229005847399306,1.3299964055147193,-0.6576603301225281,1.8525839007988518,2.3360528369758367,-0.6492404930893556,-0.9254007325196485,-0.9171325568554237,0.1556726718769394,0.3418217332312617,-0.4569744778208635,-0.2985951498102796,0.3549321425264198,-0.27122805009444234,True,False,True,False,False,False,True,False,False,False,True,False,False,False,False,False,False,False,True,False,False
1.244852003952243,0,1.0481699793139565,-0.9044004238220503,1.064487664055538,-0.6560592745909929,-0.936234363800944,1.7765539637271726,2.535673366497982,-0.6673540997861319,3.1546887011663096,0.9456526232537372,1.3526809855811424,-0.3416327337536044,-0.42807250939347835,0.27551802437825607,2.550619747526455,2.8813761392226294,-0.6147366093826588,0.3418217332312617,-0.6499540455334424,-0.5913608932251309,-0.3272620251076344,-0.5631210944817947,False,True,False,True,True,False,False,False,False,False,False,True,False,False,False,False,False,False,False,False,False
1.4719805450393315,0,0.016807974023281914,-1.0274308185554673,0.08984534639226345,0.26107101030115826,-1.4792765076201568,0.37840702535570064,2.535673366497982,0.24030102489791522,2.976000373754072,1.127724969740874,0.5485444592996741,-0.3416327337536044,-0.42807250939347835,-1.5739990105569672,-0.9254007325196485,1.9697340521638966,-0.6147366093826588,0.3418217332312617,0.3149437930294522,0.872467823849125,-0.6683591089246615,-1.1469071832564992,False,True,True,False,True,False,False,False,False,False,False,True,False,False,False,False,False,False,True,True,False
0.5634663806909778,0,1.0010645031107768,1.679237865579706,-0.8847969712710111,1.1782012951933094,0.6928920676566944,0.37840702535570064,1.3561285689092124,0.24030102489791522,0.4758704369255118,-0.38622482658860796,0.14647619615894003,0.20692142488450962,-0.42807250939347835,1.2002765418458676,-0.9254007325196485,1.6658533564776523,-0.6147366093826588,0.3418217332312617,-0.8429336132460213,-1.1768923800548332,-0.6683591089246615,-0.5631210944817947,False,True,False,True,True,False,False,False,False,False,False,False,False,False,False,True,False,False,True,True,True
-1.8213833007234506,0,-0.18648934432728376,-0.043187660688131534,-1.8594392889342857,1.1782012951933094,-0.590662090461445,0.37840702535570064,-1.0029610262683273,-1.575009224470179,-0.8361177208365167,0.9450915374402176,-0.6576603301225281,-1.1644639717107754,-0.42807250939347835,-1.5739990105569672,-0.9254007325196485,-1.221013252541668,0.1556726718769394,0.3418217332312617,-0.8429336132460213,-0.5913608932251309,-0.6683591089246615,-0.5631210944817947,False,True,False,True,True,False,False,False,False,False,False,False,False,False,False,False,True,False,True,True,False
-0.3450477836573759,0,-0.6748987554865696,0.8180251024457873,0.08984534639226345,0.26107101030115826,-1.4792765076201568,0.37840702535570064,0.1765837713204426,1.1479561495819623,-0.04060813505522246,0.2504673003028512,-0.6576603301225281,2.6754151387560228,2.3360528369758367,0.27551802437825607,0.2332727608290527,-0.46131151332605735,-0.6147366093826588,0.3418217332312617,-0.07101534239570564,0.28693633701942267,-0.3272620251076344,-0.5631210944817947,False,False,False,True,True,False,False,False,False,False,False,False,False,False,False,True,False,False,False,False,True
-0.004354972026743229,0,1.3605536636087283,2.048329049779957,1.064487664055538,-1.573189559483144,0.6928920676566944,0.37840702535570064,0.1765837713204426,0.24030102489791522,-0.04693605221484639,-0.9714373300896363,1.3526809855811424,-0.3416327337536044,-0.42807250939347835,-0.6492404930893556,1.3919462541777539,-0.00549046979669098,-0.6147366093826588,-1.0670240730349723,-0.6499540455334424,-0.5913608932251309,-0.6683591089246615,-0.5631210944817947,False,True,True,False,True,False,False,False,False,False,False,False,False,False,False,False,False,True,False,True,False
0.9041591923216105,0,-0.6798572266658517,-1.0274308185554673,0.08984534639226345,0.26107101030115826,-1.0843367666607293,0.37840702535570064,-1.0029610262683273,1.1479561495819623,-0.6953968963820226,-1.4276000964811377,0.5485444592996741,0.7554755835226237,-0.42807250939347835,-1.5739990105569672,2.550619747526455,-0.3093711654829352,-0.6147366093826588,0.3418217332312617,-0.8429336132460213,-0.5913608932251309,0.013835058709392709,-0.5631210944817947,False,True,False,False,True,False,False,False,False,True,False,False,False,False,False,False,False,False,False,False,True
-1.4806904890928179,1,1.2836973603298558,-0.1662180554215485,-1.8594392889342857,1.1782012951933094,1.334669146715764,-1.0197399130157712,-1.0029610262683273,0.24030102489791522,-0.45614136187052734,0.875516896563777,-0.6576603301225281,-1.1644639717107754,-0.42807250939347835,-1.5739990105569672,-0.9254007325196485,-0.7651922090123016,-0.6147366093826588,0.3418217332312617,-0.2639949101082846,-0.005829406395428478,-0.3272620251076344,-0.5631210944817947,False,True,True,False,False,False,True,False,False,False,True,False,False,False,False,False,False,False,True,True,True
0.22277356906034518,0,1.7175635885170386,-0.6583396343552164,-0.8847969712710111,1.1782012951933094,1.0384643409961936,0.37840702535570064,-1.0029610262683273,0.24030102489791522,-0.6619493342525818,1.6596343209575326,1.7547492487218765,1.0297526628416807,-0.42807250939347835,1.2002765418458676,0.2332727608290527,-0.46131151332605735,1.696491234396136,-1.0670240730349723,-1.2288927486711791,-1.1768923800548332,-0.6683591089246615,-1.1469071832564992,False,True,True,False,False,False,True,False,False,False,True,False,False,False,False,False,False,True,False,False,False
1.9262376272135084,0,1.4696400295529342,1.802268260313123,1.064487664055538,-0.6560592745909929,-0.8868668961810157,1.7765539637271726,1.3561285689092124,1.1479561495819623,0.4526680740068907,-1.5270525569275015,0.14647619615894003,-0.0673556544345474,-0.42807250939347835,0.27551802437825607,-0.9254007325196485,0.14644987804643114,-0.6147366093826588,0.3418217332312617,-0.4569744778208635,-0.2985951498102796,-0.3272620251076344,-0.5631210944817947,False,True,True,False,False,False,True,False,False,False,False,False,False,False,False,False,False,True,False,True,False
1.3584162744957873,1,-0.23359482053046363,-0.2892484501549655,-0.8847969712710111,1.1782012951933094,1.433404081955621,0.37840702535570064,-1.0029610262683273,0.24030102489791522,-0.8581147662009238,-0.36532438003499984,-0.25559206698179404,-1.1644639717107754,-0.42807250939347835,0.27551802437825607,1.3919462541777539,1.361972660791408,0.1556726718769394,0.3418217332312617,0.5079233607420311,0.872467823849125,1.7193204777945283,0.8963441274549668,True,False,False,True,False,False,True,False,False,False,False,False,False,False,False,False,True,True,False,False,True
-0.45861205420092005,1,1.132463989361752,-0.9044004238220503,1.064487664055538,1.1782012951933094,1.433404081955621,0.37840702535570064,-1.0029610262683273,-0.6673540997861319,-1.2383924545554668,1.4739149166825178,-0.6576603301225281,-0.8901868923917186,-0.42807250939347835,-1.5739990105569672,-0.9254007325196485,-1.37295360038479,-0.6147366093826588,0.3418217332312617,-1.0359131809586002,-1.1768923800548332,-0.6683591089246615,-1.1469071832564992,False,True,True,False,True,False,False,False,False,False,True,False,False,False,False,False,False,False,True,True,False
-1.1399976774621854,0,-0.04021444453846212,-0.2892484501549655,0.08984534639226345,1.1782012951933094,0.49542219717698066,0.37840702535570064,-1.0029610262683273,1.1479561495819623,-0.8837277642279731,-0.3393741611597145,-0.6576603301225281,1.3040297421607379,2.3360528369758367,0.27551802437825607,-0.9254007325196485,-0.46131151332605735,1.696491234396136,0.3418217332312617,0.12196422531687327,0.872467823849125,1.037126310160474,0.8963441274549668,False,False,True,False,False,False,True,False,False,False,True,False,False,False,False,False,False,False,True,True,False
2.1533661683005967,0,1.5836848666764223,1.556207470846289,0.08984534639226345,-1.573189559483144,1.3840366143356926,-1.0197399130157712,-1.0029610262683273,-0.6673540997861319,-0.5923422454967187,1.3175122461639064,0.9506127224404082,-0.8901868923917186,-0.42807250939347835,1.2002765418458676,0.2332727608290527,-0.3093711654829352,-1.3851458906422571,0.3418217332312617,-0.4569744778208635,-0.5913608932251309,-0.3272620251076344,-0.5631210944817947,False,True,True,False,False,False,False,False,True,False,False,False,False,False,True,False,False,False,False,True,False
-0.23148351311383164,0,0.8795819592183655,-0.5353092396217994,-0.8847969712710111,-0.6560592745909929,-0.44255968760165965,-1.0197399130157712,0.1765837713204426,1.1479561495819623,-0.4570453500361879,-0.34119769005365347,-0.6576603301225281,-0.3416327337536044,-0.42807250939347835,0.27551802437825607,0.2332727608290527,0.7542112694189196,0.1556726718769394,1.7506675394974955,1.6658007670175043,1.7507650540936786,0.696029226343447,2.6477023937790807,False,True,True,False,False,False,True,False,False,False,True,False,False,False,False,False,False,True,False,True,False
2.721187521018318,0,-1.0715764498291367,-1.0274308185554673,1.064487664055538,0.26107101030115826,1.2853016790958356,-2.417886851387243,1.3561285689092124,1.1479561495819623,1.6212234428174435,0.8588245936115665,0.14647619615894003,1.3040297421607379,2.3360528369758367,0.27551802437825607,0.2332727608290527,1.361972660791408,-0.6147366093826588,1.7506675394974955,-1.0359131809586002,-1.1768923800548332,-0.6683591089246615,-1.1469071832564992,False,True,True,False,False,False,True,False,False,False,False,False,False,False,False,False,False,False,False,True,False
-0.3450477836573759,0,-1.3269377155621644,1.4331770761128722,0.08984534639226345,-0.6560592745909929,0.6435246000367659,1.7765539637271726,-1.0029610262683273,-0.6673540997861319,-1.047048292823981,-0.09922943297329062,-0.6576603301225281,0.7554755835226237,-0.42807250939347835,1.2002765418458676,2.550619747526455,0.6022709215757975,2.466900515655734,0.3418217332312617,1.4728211993049256,2.04353079750853,0.013835058709392709,2.6477023937790807,False,True,True,False,False,False,True,False,False,False,True,False,False,False,False,False,False,True,False,True,False
0.10920929851680099,0,1.179569465564932,-1.0274308185554673,1.064487664055538,0.26107101030115826,-1.726113845719799,-2.417886851387243,0.1765837713204426,1.1479561495819623,1.2120181331617625,-0.9352472951176168,-0.6576603301225281,-0.3416327337536044,-0.42807250939347835,0.27551802437825607,1.3919462541777539,-0.6132518611691794,-0.6147366093826588,-1.0670240730349723,-0.07101534239570564,-0.2985951498102796,-0.3272620251076344,-0.27122805009444234,True,False,False,True,False,False,True,False,False,False,False,False,False,False,False,True,False,False,False,True,False
-0.23148351311383164,0,-0.30797188821969496,1.187116286646038,0.08984534639226345,-0.6560592745909929,-1.5286439752400853,-1.0197399130157712,-1.0029610262683273,1.1479561495819623,-0.7755505137372591,0.8407295761255567,-0.6576603301225281,-0.8901868923917186,-0.42807250939347835,-0.6492404930893556,-0.9254007325196485,-0.00549046979669098,0.1556726718769394,0.3418217332312617,0.70090292845461,1.4579993106788274,2.060417561611555,0.8963441274549668,False,True,True,False,True,False,False,False,False,False,False,False,False,False,True,False,False,True,False,False,False
-1.4806904890928179,1,-0.9302600212195972,-0.2892484501549655,0.08984534639226345,0.26107101030115826,1.6308739524353348,0.37840702535570064,-1.0029610262683273,1.1479561495819623,-0.9726199338512616,1.509123051480878,-0.6576603301225281,1.5783068214797948,2.3360528369758367,-0.6492404930893556,0.2332727608290527,-1.0690729046985459,-0.6147366093826588,0.3418217332312617,-0.6499540455334424,-0.5913608932251309,-0.6683591089246615,-0.5631210944817947,False,True,False,True,True,False,False,False,False,False,False,False,False,False,False,False,True,False,False,True,True
0.9041591923216105,0,0.29448236006307893,-0.9044004238220503,0.08984534639226345,0.26107101030115826,1.4827715495755494,1.7765539637271726,1.3561285689092124,1.1479561495819623,0.7160299596026677,0.06530898184135614,-0.6576603301225281,1.0297526628416807,-0.42807250939347835,-0.6492404930893556,0.2332727608290527,-0.1574308176398131,-0.6147366093826588,0.3418217332312617,0.3149437930294522,0.872467823849125,1.3782233939775013,0.8963441274549668,False,True,True,False,True,False,False,False,False,False,False,False,False,False,False,False,False,True,False,False,True
-0.11791924257028744,0,-1.626925221908731,-0.9044004238220503,1.064487664055538,-1.573189559483144,0.6435246000367659,-1.0197399130157712,-1.0029610262683273,1.1479561495819623,-0.17259040724166447,-0.05251903899777709,-1.0597285932632623,-0.3416327337536044,-0.42807250939347835,0.27551802437825607,-0.9254007325196485,-0.6132518611691794,-0.6147366093826588,1.7506675394974955,-0.2639949101082846,-0.005829406395428478,-0.3272620251076344,0.020664994292909928,True,False,True,False,False,False,True,False,False,False,False,False,False,False,True,False,False,False,True,True,True
0.7905949217780662,0,0.9341251421904685,-0.9044004238220503,0.08984534639226345,1.1782012951933094,0.34731979431719534,0.37840702535570064,0.1765837713204426,1.1479561495819623,0.706387419168955,-1.160803792152529,-0.6576603301225281,0.48119850420356663,-0.42807250939347835,-1.5739990105569672,0.2332727608290527,-0.00549046979669098,0.1556726718769394,0.3418217332312617,0.70090292845461,1.4579993106788274,2.060417561611555,1.188237171842319,False,True,False,True,False,False,True,False,False,False,False,False,False,False,False,True,False,True,False,True,True
-1.3671262185492736,0,-0.5484577404148763,-0.043187660688131534,0.08984534639226345,0.26107101030115826,-0.19572234950201747,1.7765539637271726,-1.0029610262683273,0.24030102489791522,-0.33199365378647683,0.4589106800254131,-0.6576603301225281,0.20692142488450962,-0.42807250939347835,1.2002765418458676,0.2332727608290527,-0.7651922090123016,-1.3851458906422571,0.3418217332312617,-0.2639949101082846,-0.2985951498102796,-0.6683591089246615,0.020664994292909928,False,True,True,False,False,False,True,False,False,False,False,False,False,False,True,False,False,True,False,True,False
0.5634663806909778,0,0.2870446532941558,-0.41227884488838246,0.08984534639226345,1.1782012951933094,-1.5286439752400853,0.37840702535570064,1.3561285689092124,0.24030102489791522,1.1264405868125626,0.21385645097069195,-0.6576603301225281,-0.8901868923917186,-0.42807250939347835,-0.6492404930893556,-0.9254007325196485,-0.00549046979669098,0.1556726718769394,0.3418217332312617,0.70090292845461,1.1652335672639762,2.060417561611555,0.8963441274549668,False,True,False,True,False,True,False,False,False,False,False,False,False,False,False,True,False,False,True,True,False
-0.7993048658315527,0,0.6936392899952871,-0.043187660688131534,1.064487664055538,1.1782012951933094,-1.1337042342806578,0.37840702535570064,-1.0029610262683273,0.24030102489791522,-0.7619906912523507,1.5524669305752734,2.5588857750033447,0.48119850420356663,-0.42807250939347835,0.27551802437825607,0.2332727608290527,-0.1574308176398131,-0.6147366093826588,0.3418217332312617,-0.2639949101082846,-0.2985951498102796,-0.3272620251076344,-0.5631210944817947,False,True,True,False,False,False,True,False,False,False,True,False,False,False,False,False,False,True,False,False,False
-0.004354972026743229,0,-0.6748987554865696,-0.9044004238220503,1.064487664055538,0.26107101030115826,-0.7387644933212303,0.37840702535570064,0.1765837713204426,1.1479561495819623,-0.3015593855425713,-0.9686319010220379,0.14647619615894003,-0.0673556544345474,-0.42807250939347835,0.27551802437825607,-0.9254007325196485,1.058091965105164,-0.6147366093826588,-1.0670240730349723,1.2798416315923467,0.872467823849125,1.3782233939775013,0.8963441274549668,False,True,False,True,True,False,False,False,False,False,False,False,False,False,False,False,True,False,True,False,False
1.0177234628651546,0,1.08040004197929,-1.0274308185554673,-1.8594392889342857,0.26107101030115826,0.3966872619371238,-1.0197399130157712,1.3561285689092124,0.24030102489791522,1.5805439753627182,-1.5358896584904365,0.14647619615894003,2.126860980117909,2.3360528369758367,1.2002765418458676,0.2332727608290527,2.2736147478501407,0.1556726718769394,-1.0670240730349723,3.209637308718136,3.214593771167934,4.107000064513718,0.020664994292909928,False,False,True,False,True,False,False,False,False,False,False,False,False,False,False,False,False,True,False,True,False
-1.3671262185492736,1,-1.3938770764824726,1.556207470846289,-1.8594392889342857,1.1782012951933094,-0.3931922199817312,-2.417886851387243,-1.0029610262683273,0.24030102489791522,-1.1895770936097965,-0.3870664553088875,-0.6576603301225281,-1.1644639717107754,-0.42807250939347835,0.27551802437825607,0.2332727608290527,-1.37295360038479,-0.6147366093826588,0.3418217332312617,-1.0359131809586002,-1.1768923800548332,-0.6683591089246615,-1.1469071832564992,False,True,False,False,False,False,False,False,False,True,False,False,False,False,False,False,False,True,False,True,False
1.244852003952243,1,0.7209108814813386,-0.043187660688131534,0.08984534639226345,0.26107101030115826,0.7916270028965513,-2.417886851387243,2.535673366497982,0.24030102489791522,2.2398526775178214,1.3774081567571326,1.7547492487218765,-1.1644639717107754,-0.42807250939347835,0.27551802437825607,-0.9254007325196485,2.2736147478501407,0.1556726718769394,-2.475869879301206,3.209637308718136,0.28693633701942267,4.107000064513718,1.7720232606170236,True,False,False,True,True,False,False,False,False,False,False,False,False,False,False,True,False,True,False,True,False
-1.1399976774621854,0,-1.021991738036316,0.9410554971792042,1.064487664055538,1.1782012951933094,-0.19572234950201747,-2.417886851387243,-1.0029610262683273,0.24030102489791522,-0.9635800521946559,-1.1400436170523007,-0.6576603301225281,-0.0673556544345474,-0.42807250939347835,0.27551802437825607,2.550619747526455,-1.0690729046985459,0.1556726718769394,1.7506675394974955,-0.6499540455334424,-0.5913608932251309,-0.6683591089246615,-0.5631210944817947,False,True,True,False,False,False,True,False,False,False,True,False,False,False,False,False,False,True,False,True,False
-0.45861205420092005,0,-0.5385407980563122,0.07984273404528544,0.08984534639226345,-1.573189559483144,-0.4919271552215881,0.37840702535570064,-1.0029610262683273,0.24030102489791522,-0.6236805019062848,0.4230011879601534,1.3526809855811424,-0.6159098130726615,-0.42807250939347835,-1.5739990105569672,0.2332727608290527,-0.00549046979669098,0.1556726718769394,-1.0670240730349723,-0.2639949101082846,-0.5913608932251309,-0.3272620251076344,-0.27122805009444234,True,False,True,False,True,False,False,False,False,False,False,False,False,False,True,False,False,True,False,True,False
-0.5721763247444642,0,-0.15178004607230913,-0.9044004238220503,1.064487664055538,-0.6560592745909929,0.14984992383748158,0.37840702535570064,-1.0029610262683273,0.24030102489791522,-0.6104220088099298,0.5272228778214344,-0.6576603301225281,-0.3416327337536044,-0.42807250939347835,1.2002765418458676,0.2332727608290527,-0.6132518611691794,-0.6147366093826588,1.7506675394974955,-0.2639949101082846,-0.5913608932251309,-0.6683591089246615,-0.27122805009444234,False,True,True,False,True,False,False,False,False,False,True,False,False,False,False,False,False,True,False,True,False
0.5634663806909778,0,-0.6203555725144666,-0.6583396343552164,0.08984534639226345,0.26107101030115826,-0.2944572847418743,-2.417886851387243,0.1765837713204426,-0.6673540997861319,0.2794036755886164,0.9046933588668005,1.3526809855811424,1.0297526628416807,-0.42807250939347835,-0.6492404930893556,0.2332727608290527,-0.00549046979669098,0.9260819531365376,0.3418217332312617,-0.6499540455334424,-0.5913608932251309,-0.3272620251076344,-0.5631210944817947,False,False,False,False,False,False,False,False,False,True,False,False,False,False,False,False,False,True,False,True,False
0.4499021101474336,0,-1.0740556854187777,-0.1662180554215485,-0.8847969712710111,-0.6560592745909929,1.2853016790958356,0.37840702535570064,0.1765837713204426,-1.575009224470179,0.30531800300421913,-1.3050028462270873,-0.25559206698179404,0.20692142488450962,-0.42807250939347835,-0.6492404930893556,0.2332727608290527,1.210032312948286,0.1556726718769394,0.3418217332312617,-1.0359131809586002,-1.1768923800548332,-0.6683591089246615,-1.1469071832564992,False,True,True,False,True,False,False,False,False,False,False,False,True,False,False,False,False,True,False,False,True
-1.3671262185492736,0,-0.7344004096379547,2.417420233980208,-1.8594392889342857,-0.6560592745909929,1.2359342114759073,0.37840702535570064,-1.0029610262683273,-1.575009224470179,-0.480850371731916,-1.5040480385731945,-0.6576603301225281,-0.6159098130726615,-0.42807250939347835,-0.6492404930893556,2.550619747526455,-0.6132518611691794,-0.6147366093826588,1.7506675394974955,-0.07101534239570564,-0.5913608932251309,-0.3272620251076344,-0.5631210944817947,False,True,True,False,False,False,True,False,False,False,True,False,False,False,False,False,False,False,False,True,False
1.1312877334086988,0,-0.21128170022369422,0.44893391824553636,1.064487664055538,0.26107101030115826,-1.5780114428600138,0.37840702535570064,0.1765837713204426,-0.6673540997861319,0.017849766324160528,-0.6518989592901774,1.3526809855811424,-0.3416327337536044,-0.42807250939347835,1.2002765418458676,-0.9254007325196485,1.361972660791408,0.1556726718769394,0.3418217332312617,0.70090292845461,0.872467823849125,-0.6683591089246615,1.4801302162296714,False,True,True,False,True,False,False,False,False,False,False,False,False,False,False,False,False,False,True,True,False
-0.11791924257028744,0,1.407659139811908,2.171359444513374,1.064487664055538,1.1782012951933094,-0.8374994285610872,0.37840702535570064,0.1765837713204426,0.24030102489791522,0.4159058886033612,-1.289572986355296,-0.25559206698179404,0.20692142488450962,-0.42807250939347835,-0.6492404930893556,0.2332727608290527,1.058091965105164,0.1556726718769394,0.3418217332312617,0.12196422531687327,0.872467823849125,-0.6683591089246615,0.8963441274549668,False,True,True,False,True,False,False,False,False,False,False,False,True,False,False,False,False,True,False,True,False
-0.6857405952880085,0,-0.022859795410974805,0.8180251024457873,-1.8594392889342857,-0.6560592745909929,-1.627378910479942,0.37840702535570064,-1.0029610262683273,1.1479561495819623,-0.795739582770345,-1.4775367338843894,-0.6576603301225281,-0.8901868923917186,-0.42807250939347835,-0.6492404930893556,0.2332727608290527,-0.00549046979669098,-0.6147366093826588,-1.0670240730349723,0.70090292845461,-1.1768923800548332,-0.6683591089246615,1.188237171842319,False,True,True,False,True,False,False,False,False,False,False,False,False,False,True,False,False,True,False,True,False
1.244852003952243,0,-0.6426686928212361,-0.9044004238220503,1.064487664055538,0.26107101030115826,1.0384643409961936,0.37840702535570064,0.1765837713204426,-0.6673540997861319,-0.1581265965910955,-1.5161113835638675,1.7547492487218765,-1.1644639717107754,-0.42807250939347835,1.2002765418458676,0.2332727608290527,-0.9171325568554237,0.1556726718769394,-2.475869879301206,-1.0359131809586002,-1.1768923800548332,-0.6683591089246615,-1.1469071832564992,False,False,False,True,False,True,False,False,False,False,False,False,False,False,False,True,False,True,False,True,False
1.1312877334086988,0,1.177090229975291,-0.9044004238220503,0.08984534639226345,0.26107101030115826,0.3966872619371238,0.37840702535570064,1.3561285689092124,1.1479561495819623,1.4660388077123803,-1.2271521896012314,0.5485444592996741,-0.8901868923917186,-0.42807250939347835,-0.6492404930893556,0.2332727608290527,0.4503305737326754,1.696491234396136,-1.0670240730349723,0.70090292845461,0.5797020804342738,-0.6683591089246615,-0.27122805009444234,False,True,False,True,True,False,False,False,False,False,False,False,False,False,False,True,False,False,False,True,True
-0.004354972026743229,1,1.620873400521038,0.44893391824553636,2.0391299817188124,-0.6560592745909929,1.4827715495755494,-1.0197399130157712,0.1765837713204426,-1.575009224470179,0.1902101765767743,-0.7976409993519148,0.9506127224404082,-0.6159098130726615,-0.42807250939347835,-0.6492404930893556,2.550619747526455,0.9061516172620417,0.1556726718769394,0.3418217332312617,-0.8429336132460213,-0.5913608932251309,0.013835058709392709,-0.5631210944817947,False,True,False,True,False,True,False,False,False,False,False,False,False,False,False,True,False,False,False,True,True
-0.45861205420092005,1,0.40108949041764386,-1.0274308185554673,-0.8847969712710111,-1.573189559483144,-1.5780114428600138,-2.417886851387243,0.1765837713204426,-0.6673540997861319,0.3713091390974402,-0.30823389850937216,1.3526809855811424,-0.0673556544345474,-0.42807250939347835,-0.6492404930893556,-0.9254007325196485,-0.00549046979669098,-0.6147366093826588,0.3418217332312617,-1.2288927486711791,-1.1768923800548332,-0.6683591089246615,-1.1469071832564992,False,True,False,True,True,False,False,False,False,False,False,False,False,False,False,True,False,False,True,True,False
-1.4806904890928179,0,-1.592215923653756,-0.6583396343552164,-1.8594392889342857,0.26107101030115826,-0.7387644933212303,0.37840702535570064,-1.0029610262683273,-0.6673540997861319,-0.6652639575266706,-0.20793980934272902,-0.6576603301225281,-0.6159098130726615,-0.42807250939347835,0.27551802437825607,-0.9254007325196485,-1.0690729046985459,0.1556726718769394,-2.475869879301206,-0.6499540455334424,-0.5913608932251309,-0.3272620251076344,-0.5631210944817947,False,True,True,False,False,False,True,False,False,False,True,False,False,False,False,False,False,False,True,False,False
-0.5721763247444642,0,-1.584778216884833,1.802268260313123,-1.8594392889342857,1.1782012951933094,-1.7754813133397276,0.37840702535570064,0.1765837713204426,1.1479561495819623,-0.07978095556718014,-1.0765006486711968,-0.25559206698179404,1.3040297421607379,2.3360528369758367,1.2002765418458676,-0.9254007325196485,-0.1574308176398131,0.1556726718769394,-1.0670240730349723,-0.2639949101082846,-0.005829406395428478,-0.3272620251076344,0.020664994292909928,True,False,True,False,False,False,False,False,True,False,False,False,True,False,False,False,False,False,True,False,False
0.3363378396038894,0,-0.02533903100061585,-1.0274308185554673,0.08984534639226345,1.1782012951933094,0.544789664796909,0.37840702535570064,0.1765837713204426,1.1479561495819623,0.2920595099078642,-0.7512111482831612,-0.6576603301225281,-0.0673556544345474,-0.42807250939347835,1.2002765418458676,0.2332727608290527,-0.1574308176398131,-0.6147366093826588,0.3418217332312617,0.5079233607420311,1.1652335672639762,1.037126310160474,1.188237171842319,False,False,True,False,True,False,False,False,False,False,True,False,False,False,False,False,False,True,False,True,True
-0.45861205420092005,0,-1.0690972142394957,1.187116286646038,0.08984534639226345,1.1782012951933094,0.6928920676566944,-2.417886851387243,1.3561285689092124,0.24030102489791522,1.2376311311888117,-1.4734688617363718,0.14647619615894003,-0.6159098130726615,-0.42807250939347835,0.27551802437825607,0.2332727608290527,-0.00549046979669098,-0.6147366093826588,-2.475869879301206,-0.4569744778208635,-0.2985951498102796,-0.6683591089246615,-0.5631210944817947,False,True,False,True,True,False,False,False,False,False,False,False,False,False,False,True,False,True,False,True,False
1.0177234628651546,0,-1.5525481542194994,-0.6583396343552164,0.08984534639226345,0.26107101030115826,-0.4919271552215881,-2.417886851387243,1.3561285689092124,0.24030102489791522,1.2816252219176258,-1.087021007674691,0.5485444592996741,1.5783068214797948,2.3360528369758367,0.27551802437825607,1.3919462541777539,-0.1574308176398131,-0.6147366093826588,1.7506675394974955,-0.2639949101082846,-1.1768923800548332,-0.6683591089246615,-0.27122805009444234,False,True,False,False,True,False,False,False,False,True,False,False,False,False,False,False,False,True,False,False,False
-0.6857405952880085,0,1.2638634756127274,-0.9044004238220503,1.064487664055538,1.1782012951933094,0.5941571324168375,-1.0197399130157712,-1.0029610262683273,-1.575009224470179,-0.1611398904766307,1.6948424557558925,-1.0597285932632623,0.20692142488450962,-0.42807250939347835,1.2002765418458676,-0.9254007325196485,-0.00549046979669098,-0.6147366093826588,0.3418217332312617,0.5079233607420311,0.872467823849125,-0.6683591089246615,0.8963441274549668,True,False,True,False,False,False,False,False,True,False,False,False,False,False,True,False,False,False,True,False,False
-1.3671262185492736,0,0.23498070591169387,0.07984273404528544,0.08984534639226345,-1.573189559483144,-0.34382475236180277,0.37840702535570064,-1.0029610262683273,1.1479561495819623,-1.0117927543632192,-1.7179620049775732,-1.0597285932632623,-0.3416327337536044,-0.42807250939347835,1.2002765418458676,0.2332727608290527,-1.0690729046985459,-0.6147366093826588,0.3418217332312617,-0.8429336132460213,-0.5913608932251309,0.013835058709392709,-0.8550141388691469,True,False,False,False,False,False,True,False,False,True,False,False,False,False,False,False,False,True,False,True,False
-0.6857405952880085,1,-0.5013522642116964,-0.1662180554215485,0.08984534639226345,0.26107101030115826,0.0017475209776962777,-1.0197399130157712,-1.0029610262683273,1.1479561495819623,-1.001246225763846,-0.6469894584218802,1.3526809855811424,-1.1644639717107754,-0.42807250939347835,0.27551802437825607,0.2332727608290527,-0.6132518611691794,-2.1555551719018555,-1.0670240730349723,-0.4569744778208635,-0.5913608932251309,-0.3272620251076344,-0.5631210944817947,True,False,False,False,False,False,False,False,False,True,False,False,False,False,False,False,False,False,False,False,False
-0.5721763247444642,0,0.4977796784136446,-0.5353092396217994,0.08984534639226345,-1.573189559483144,-0.7387644933212303,0.37840702535570064,0.1765837713204426,0.24030102489791522,0.8567507840571618,0.9255938054204086,-0.6576603301225281,1.0297526628416807,-0.42807250939347835,0.27551802437825607,0.2332727608290527,-0.6132518611691794,0.1556726718769394,0.3418217332312617,-0.2639949101082846,-0.5913608932251309,-0.6683591089246615,-0.5631210944817947,False,True,False,True,False,False,False,False,True,False,False,False,False,False,False,True,False,True,False,True,False
-1.0264334069186412,0,0.6242206934853379,-0.1662180554215485,0.08984534639226345,0.26107101030115826,0.051114988597624714,0.37840702535570064,-1.0029610262683273,1.1479561495819623,-0.6200645492436425,-1.1491612615219955,-0.6576603301225281,-1.1644639717107754,-0.42807250939347835,0.27551802437825607,-0.9254007325196485,-0.6132518611691794,1.696491234396136,-1.0670240730349723,-0.07101534239570564,-0.5913608932251309,-0.3272620251076344,0.020664994292909928,False,True,True,False,False,False,True,False,False,False,False,False,False,False,True,False,False,False,True,False,False
-0.7993048658315527,1,-0.9277807856299561,-0.043187660688131534,0.08984534639226345,-0.6560592745909929,-0.6893970257013019,-2.417886851387243,-1.0029610262683273,-0.6673540997861319,-0.8264751804028041,0.040060120232970446,-0.6576603301225281,-0.6159098130726615,-0.42807250939347835,0.27551802437825607,-0.9254007325196485,-1.221013252541668,0.1556726718769394,0.3418217332312617,-0.8429336132460213,-0.5913608932251309,0.013835058709392709,-0.5631210944817947,False,True,False,True,False,True,False,False,False,False,False,False,False,False,False,False,True,False,True,False,False
-0.7993048658315527,0,-0.8459660111718017,-1.0274308185554673,0.08984534639226345,1.1782012951933094,0.19921739145741002,1.7765539637271726,0.1765837713204426,0.24030102489791522,0.23842287874533757,1.2225484722257003,2.1568175118626107,-0.8901868923917186,-0.42807250939347835,1.2002765418458676,-0.9254007325196485,-0.00549046979669098,1.696491234396136,1.7506675394974955,-0.6499540455334424,-0.5913608932251309,-0.6683591089246615,-0.5631210944817947,True,False,True,False,True,False,False,False,False,False,False,False,False,False,False,False,False,False,True,True,True
-0.6857405952880085,0,0.43827802426225954,0.6949947077123703,-0.8847969712710111,0.26107101030115826,1.3840366143356926,-1.0197399130157712,1.3561285689092124,-1.575009224470179,0.49334754146161597,-1.578952994678072,-0.25559206698179404,-1.1644639717107754,-0.42807250939347835,-1.5739990105569672,0.2332727608290527,0.2983902258895533,-0.6147366093826588,0.3418217332312617,0.12196422531687327,0.872467823849125,-0.3272620251076344,0.8963441274549668,False,True,False,True,False,True,False,False,False,False,False,False,False,False,False,True,False,False,False,True,False
-0.23148351311383164,0,-1.5401519762712943,-0.9044004238220503,1.064487664055538,1.1782012951933094,1.5321390171954778,1.7765539637271726,-1.0029610262683273,1.1479561495819623,-0.7746465255715985,-1.2285549041350305,-1.0597285932632623,-0.3416327337536044,-0.42807250939347835,-1.5739990105569672,2.550619747526455,-0.6132518611691794,0.1556726718769394,0.3418217332312617,-0.2639949101082846,-1.1768923800548332,-0.3272620251076344,-0.5631210944817947,False,True,True,False,False,False,True,False,False,False,False,False,False,False,True,False,False,True,False,True,True
-0.3450477836573759,0,1.1919656435131372,-0.9044004238220503,0.08984534639226345,1.1782012951933094,-0.19572234950201747,0.37840702535570064,0.1765837713204426,-0.6673540997861319,-0.1072019299255505,-0.5116275059102569,2.1568175118626107,-0.0673556544345474,-0.42807250939347835,1.2002765418458676,-0.9254007325196485,0.4503305737326754,-0.6147366093826588,-1.0670240730349723,0.893882496167189,0.872467823849125,-0.3272620251076344,0.8963441274549668,False,False,False,True,False,True,False,False,False,False,False,False,False,False,False,True,False,False,True,False,False
1.4719805450393315,0,1.2663427112023684,0.2028731287787024,1.064487664055538,1.1782012951933094,0.6928920676566944,0.37840702535570064,0.1765837713204426,1.1479561495819623,-0.3000527385998037,-0.8631477680803377,0.14647619615894003,-0.8901868923917186,-0.42807250939347835,0.27551802437825607,-0.9254007325196485,-0.3093711654829352,-1.3851458906422571,1.7506675394974955,-0.2639949101082846,-0.884126636639982,-0.6683591089246615,0.020664994292909928,False,True,False,True,False,True,False,False,False,False,False,False,False,False,False,True,False,False,True,False,False
-0.3450477836573759,1,-1.4657749085820628,0.8180251024457873,0.08984534639226345,-1.573189559483144,0.3966872619371238,0.37840702535570064,1.3561285689092124,-1.575009224470179,0.9224405907618293,-0.5964917352051088,-0.25559206698179404,1.3040297421607379,2.3360528369758367,0.27551802437825607,-0.9254007325196485,0.14644987804643114,-0.6147366093826588,-1.0670240730349723,-1.2288927486711791,-1.1768923800548332,-0.6683591089246615,-1.1469071832564992,False,True,False,True,True,False,False,False,False,False,False,False,False,False,False,True,False,False,True,False,True
0.22277356906034518,0,-0.5162276777495427,-0.9044004238220503,-0.8847969712710111,0.26107101030115826,0.4460547295570522,-1.0197399130157712,-1.0029610262683273,-0.6673540997861319,-0.9144633618604321,0.22704196758840448,0.5485444592996741,-0.3416327337536044,-0.42807250939347835,-0.6492404930893556,0.2332727608290527,-0.1574308176398131,0.9260819531365376,-1.0670240730349723,-0.07101534239570564,-0.884126636639982,-0.6683591089246615,0.3125580386802622,True,False,True,False,False,False,True,False,False,False,True,False,False,False,False,False,False,True,False,False,False
-0.5721763247444642,1,0.686201583226364,0.8180251024457873,1.064487664055538,-1.573189559483144,0.19921739145741002,0.37840702535570064,1.3561285689092124,0.24030102489791522,0.8010048471747605,0.6533269144099829,-0.25559206698179404,-0.6159098130726615,-0.42807250939347835,-1.5739990105569672,2.550619747526455,-0.00549046979669098,-0.6147366093826588,0.3418217332312617,-1.0359131809586002,-1.1768923800548332,-0.6683591089246615,-1.1469071832564992,False,True,False,True,False,True,False,False,False,False,False,False,False,False,False,True,False,True,False,True,False
-0.7993048658315527,0,-0.5261446201081069,-0.6583396343552164,0.08984534639226345,1.1782012951933094,1.2359342114759073,-1.0197399130157712,-1.0029610262683273,-1.575009224470179,-1.022640612351146,-0.6084148087424021,-0.6576603301225281,-0.6159098130726615,-0.42807250939347835,0.27551802437825607,0.2332727608290527,-1.37295360038479,-0.6147366093826588,0.3418217332312617,-1.0359131809586002,-1.1768923800548332,-0.6683591089246615,-1.1469071832564992,False,True,True,False,False,False,False,False,True,False,False,False,False,False,True,False,False,False,False,False,False
-0.6857405952880085,0,-1.2327267631558048,0.8180251024457873,0.08984534639226345,0.26107101030115826,-0.3931922199817312,1.7765539637271726,0.1765837713204426,0.24030102489791522,-0.06290650980818298,-0.7317134162633522,0.14647619615894003,0.20692142488450962,-0.42807250939347835,0.27551802437825607,0.2332727608290527,-0.00549046979669098,0.1556726718769394,0.3418217332312617,0.12196422531687327,-1.1768923800548332,-0.3272620251076344,0.8963441274549668,False,True,True,False,True,False,False,False,False,False,False,False,False,False,False,False,False,True,False,True,False
-0.45861205420092005,0,0.3738178989315924,-0.5353092396217994,1.064487664055538,-0.6560592745909929,-0.04761994664223216,0.37840702535570064,-1.0029610262683273,-0.6673540997861319,-0.839131014722052,0.46704642432144844,-0.25559206698179404,-0.3416327337536044,-0.42807250939347835,-0.6492404930893556,-0.9254007325196485,0.2983902258895533,0.1556726718769394,0.3418217332312617,0.12196422531687327,0.872467823849125,-0.6683591089246615,0.8963441274549668,False,False,True,False,False,False,False,False,True,False,False,False,False,False,True,False,False,False,True,True,False
0.22277356906034518,0,0.076309628174667,1.0640858919126213,0.08984534639226345,-0.6560592745909929,-0.2944572847418743,-2.417886851387243,0.1765837713204426,1.1479561495819623,0.09288078407398714,1.4300099517746028,0.14647619615894003,0.20692142488450962,-0.42807250939347835,0.27551802437825607,0.2332727608290527,0.7542112694189196,-0.6147366093826588,0.3418217332312617,-1.0359131809586002,-1.1768923800548332,-0.3272620251076344,-1.1469071832564992,False,True,True,False,False,False,True,False,False,False,False,False,False,False,False,False,False,True,False,True,True
0.7905949217780662,1,0.011849502843999824,0.9410554971792042,0.08984534639226345,0.26107101030115826,-1.3805415723803,-1.0197399130157712,-1.0029610262683273,0.24030102489791522,-0.9238045729055913,0.17429990111755436,2.5588857750033447,0.20692142488450962,-0.42807250939347835,1.2002765418458676,0.2332727608290527,-0.6132518611691794,0.9260819531365376,0.3418217332312617,-1.0359131809586002,-1.1768923800548332,-0.6683591089246615,-1.1469071832564992,True,False,True,False,False,False,False,False,True,False,False,False,False,False,True,False,False,True,False,True,True
0.677030651234522,0,0.13085281114676997,0.3259035235121194,0.08984534639226345,-0.6560592745909929,-0.44255968760165965,0.37840702535570064,-1.0029610262683273,-0.6673540997861319,-0.824667204071483,-0.7564011920582182,2.1568175118626107,1.8525839007988518,2.3360528369758367,-0.6492404930893556,2.550619747526455,-0.46131151332605735,2.466900515655734,-1.0670240730349723,-0.2639949101082846,-0.2985951498102796,-0.6683591089246615,0.020664994292909928,False,True,True,False,False,False,True,False,False,False,True,False,False,False,False,False,False,False,False,True,False
-0.3450477836573759,0,-0.06748603602451361,-0.6583396343552164,0.08984534639226345,1.1782012951933094,1.1865667438559788,0.37840702535570064,0.1765837713204426,-0.6673540997861319,-0.7375830107795155,-1.1432698604800389,0.9506127224404082,-0.0673556544345474,-0.42807250939347835,1.2002765418458676,1.3919462541777539,0.14644987804643114,-0.6147366093826588,-1.0670240730349723,0.5079233607420311,1.1652335672639762,-0.3272620251076344,0.8963441274549668,False,False,True,False,False,False,False,False,True,False,False,False,False,False,True,False,False,False,False,True,False
0.5634663806909778,0,-0.6302725148730308,-0.043187660688131534,1.064487664055538,0.26107101030115826,1.3840366143356926,0.37840702535570064,-1.0029610262683273,-1.575009224470179,-0.9684013224115123,0.8662589806407022,-0.6576603301225281,1.3040297421607379,2.3360528369758367,-0.6492404930893556,1.3919462541777539,-0.7651922090123016,-0.6147366093826588,0.3418217332312617,-0.2639949101082846,-0.2985951498102796,-0.6683591089246615,0.020664994292909928,False,True,True,False,True,False,False,False,False,False,True,False,False,False,False,False,False,False,False,True,False
-0.23148351311383164,0,1.4200553177601134,0.07984273404528544,0.08984534639226345,1.1782012951933094,1.0384643409961936,0.37840702535570064,0.1765837713204426,0.24030102489791522,-0.4525254092078851,-0.2849488372483054,-0.6576603301225281,-0.3416327337536044,-0.42807250939347835,0.27551802437825607,0.2332727608290527,0.7542112694189196,0.1556726718769394,0.3418217332312617,1.6658007670175043,2.921828027753083,-0.6683591089246615,0.8963441274549668,False,False,False,True,True,False,False,False,False,False,False,False,False,False,False,True,False,False,False,True,True
1.9262376272135084,0,-0.35011889324359274,-1.0274308185554673,1.064487664055538,-1.573189559483144,-0.2944572847418743,-1.0197399130157712,2.535673366497982,0.24030102489791522,2.2485912297858732,1.117064339284,0.5485444592996741,1.3040297421607379,2.3360528369758367,1.2002765418458676,2.550619747526455,2.577495443536385,-0.6147366093826588,-1.0670240730349723,-0.6499540455334424,-0.5913608932251309,-0.6683591089246615,-0.5631210944817947,False,False,True,False,False,False,True,False,False,False,False,False,True,False,False,False,False,True,False,False,True
0.7905949217780662,0,-1.3839601341239085,-0.9044004238220503,0.08984534639226345,-0.6560592745909929,1.5321390171954778,0.37840702535570064,-1.0029610262683273,1.1479561495819623,-0.5917395867196116,-1.3061250178541266,-1.0597285932632623,-0.6159098130726615,-0.42807250939347835,-0.6492404930893556,-0.9254007325196485,-0.00549046979669098,1.696491234396136,0.3418217332312617,0.5079233607420311,0.872467823849125,-0.3272620251076344,1.188237171842319,False,True,False,False,True,False,False,False,False,True,False,False,False,False,False,False,False,False,True,True,False
-0.23148351311383164,0,-0.7220042316897495,-0.7813700290886334,-0.8847969712710111,1.1782012951933094,-1.6767463780998706,-2.417886851387243,0.1765837713204426,1.1479561495819623,0.15857059077865462,1.5441909148258581,0.9506127224404082,-0.8901868923917186,-0.42807250939347835,-1.5739990105569672,-0.9254007325196485,-0.6132518611691794,0.1556726718769394,0.3418217332312617,-0.8429336132460213,-0.5913608932251309,0.013835058709392709,-0.5631210944817947,False,True,False,True,True,False,False,False,False,False,False,False,False,False,False,True,False,False,True,False,False
-1.7078190301799063,1,-1.1533912242872912,-0.2892484501549655,-1.8594392889342857,-0.6560592745909929,-1.726113845719799,0.37840702535570064,-1.0029610262683273,-0.6673540997861319,-0.8508828608756392,-1.3714915151291696,-0.6576603301225281,-0.6159098130726615,-0.42807250939347835,-0.6492404930893556,-0.9254007325196485,-1.37295360038479,0.1556726718769394,0.3418217332312617,-1.0359131809586002,-1.1768923800548332,-0.3272620251076344,-1.1469071832564992,False,True,False,True,False,True,False,False,False,False,False,False,False,False,False,False,True,False,True,True,False
0.22277356906034518,0,0.8696650168598014,-0.41227884488838246,-0.8847969712710111,1.1782012951933094,-1.281806637140443,-1.0197399130157712,-1.0029610262683273,0.24030102489791522,-0.5426228963853877,0.28497407783431167,-0.6576603301225281,-1.1644639717107754,-0.42807250939347835,-0.6492404930893556,0.2332727608290527,-0.7651922090123016,0.1556726718769394,0.3418217332312617,-0.2639949101082846,-0.005829406395428478,-0.6683591089246615,0.020664994292909928,False,True,True,False,False,False,False,True,False,False,True,False,False,False,False,False,False,True,False,False,False
-1.594254759636362,1,1.2192372349991887,-0.1662180554215485,-1.8594392889342857,0.26107101030115826,0.6435246000367659,0.37840702535570064,-1.0029610262683273,-1.575009224470179,-0.9355564190591785,0.2320917399100816,-0.6576603301225281,0.48119850420356663,-0.42807250939347835,0.27551802437825607,-0.9254007325196485,-1.37295360038479,2.466900515655734,0.3418217332312617,-1.0359131809586002,-1.1768923800548332,-0.6683591089246615,-1.1469071832564992,False,True,True,False,False,False,True,False,False,False,True,False,False,False,False,False,False,True,False,False,True
-0.5721763247444642,0,-1.5029634424266787,2.417420233980208,1.064487664055538,-1.573189559483144,1.2359342114759073,-1.0197399130157712,0.1765837713204426,1.1479561495819623,-0.010475196199870404,-0.13219322451757193,-0.6576603301225281,-0.3416327337536044,-0.42807250939347835,-1.5739990105569672,1.3919462541777539,0.4503305737326754,0.1556726718769394,0.3418217332312617,1.086862063879768,0.872467823849125,1.037126310160474,0.8963441274549668,False,True,False,True,False,True,False,False,False,False,False,False,False,False,False,True,False,True,False,False,False
1.69910908612642,0,0.3465463074455409,-0.7813700290886334,0.08984534639226345,-1.573189559483144,-0.6400295580813734,0.37840702535570064,1.3561285689092124,0.24030102489791522,2.294091967457455,1.2118878417688264,-0.25559206698179404,-1.1644639717107754,-0.42807250939347835,1.2002765418458676,-0.9254007325196485,0.7542112694189196,-0.6147366093826588,0.3418217332312617,-0.8429336132460213,-0.5913608932251309,0.013835058709392709,-0.5631210944817947,False,True,True,False,False,False,False,False,True,False,False,True,False,False,False,False,False,True,False,False,False
0.10920929851680099,0,-0.528623855697748,-0.043187660688131534,-0.8847969712710111,-0.6560592745909929,-0.9856018314208724,-1.0197399130157712,0.1765837713204426,-0.6673540997861319,-0.3958754841598232,-0.7777224529719661,-0.6576603301225281,-0.3416327337536044,-0.42807250939347835,-1.5739990105569672,1.3919462541777539,-0.7651922090123016,-0.6147366093826588,0.3418217332312617,-0.2639949101082846,-0.5913608932251309,-0.6683591089246615,-0.27122805009444234,False,True,False,True,False,True,False,False,False,False,False,False,False,False,False,True,False,True,False,True,False
-0.004354972026743229,0,1.4398892024772416,0.07984273404528544,0.08984534639226345,1.1782012951933094,1.1865667438559788,0.37840702535570064,1.3561285689092124,-1.575009224470179,0.8492175493433237,1.6277927010402906,1.7547492487218765,-0.6159098130726615,-0.42807250939347835,1.2002765418458676,0.2332727608290527,0.7542112694189196,-1.3851458906422571,0.3418217332312617,1.086862063879768,1.1652335672639762,1.037126310160474,0.8963441274549668,False,True,True,False,True,False,False,False,False,False,False,False,False,False,False,False,False,True,False,True,True
0.9041591923216105,1,-0.9253015500403151,-1.0274308185554673,-0.8847969712710111,0.26107101030115826,1.6308739524353348,0.37840702535570064,-1.0029610262683273,-0.6673540997861319,-0.9524308648181757,-0.4562202818251883,-0.6576603301225281,-0.8901868923917186,-0.42807250939347835,0.27551802437825607,2.550619747526455,-0.6132518611691794,-0.6147366093826588,-1.0670240730349723,-0.2639949101082846,-0.2985951498102796,0.013835058709392709,-0.27122805009444234,True,False,True,False,False,False,True,False,False,False,False,False,False,False,True,False,False,False,False,True,True
0.10920929851680099,0,1.082879277568931,-0.1662180554215485,-0.8847969712710111,0.26107101030115826,1.1371992762360503,0.37840702535570064,0.1765837713204426,-0.6673540997861319,-0.43143235200913865,-0.2121479529441266,-0.25559206698179404,-0.6159098130726615,-0.42807250939347835,0.27551802437825607,-0.9254007325196485,1.361972660791408,0.9260819531365376,-1.0670240730349723,0.70090292845461,-1.1768923800548332,0.696029226343447,0.8963441274549668,False,True,False,False,False,False,False,True,False,True,False,False,False,False,False,False,False,False,False,True,False
-0.11791924257028744,1,-1.2376852343350868,2.171359444513374,0.08984534639226345,0.26107101030115826,0.8903619381364082,0.37840702535570064,0.1765837713204426,1.1479561495819623,0.0934834428510942,-0.11956879371337908,-0.6576603301225281,0.7554755835226237,-0.42807250939347835,1.2002765418458676,-0.9254007325196485,-0.00549046979669098,-0.6147366093826588,0.3418217332312617,0.70090292845461,0.872467823849125,1.7193204777945283,0.8963441274549668,False,True,False,True,True,False,False,False,False,False,False,False,False,False,False,True,False,False,True,True,True
-0.3450477836573759,0,0.1606036382224625,-0.1662180554215485,1.064487664055538,1.1782012951933094,1.1865667438559788,1.7765539637271726,-1.0029610262683273,-1.575009224470179,-0.7110660245868057,-1.1598218919788696,1.3526809855811424,1.0297526628416807,-0.42807250939347835,-0.6492404930893556,0.2332727608290527,0.6022709215757975,-1.3851458906422571,0.3418217332312617,0.70090292845461,1.1652335672639762,1.7193204777945283,0.6044510830676145,False,True,True,False,True,False,False,False,False,False,False,False,False,False,True,False,False,True,False,True,False
-0.9128691363750969,0,0.9390836133697505,-1.0274308185554673,0.08984534639226345,0.26107101030115826,0.7916270028965513,0.37840702535570064,-1.0029610262683273,1.1479561495819623,-1.0422270226071249,-1.2362698340709262,-0.6576603301225281,-1.1644639717107754,-0.42807250939347835,0.27551802437825607,0.2332727608290527,-0.7651922090123016,2.466900515655734,1.7506675394974955,-0.2639949101082846,-0.2985951498102796,-0.6683591089246615,-0.27122805009444234,False,True,True,False,True,False,False,False,False,False,False,False,False,False,True,False,False,True,False,True,False
0.3363378396038894,0,1.117588575823906,0.07984273404528544,-1.8594392889342857,0.26107101030115826,-0.04761994664223216,0.37840702535570064,1.3561285689092124,0.24030102489791522,2.39895459467408,-0.9020029606665757,1.7547492487218765,1.5783068214797948,2.3360528369758367,0.27551802437825607,-0.9254007325196485,-0.1574308176398131,0.1556726718769394,0.3418217332312617,-0.4569744778208635,-0.2985951498102796,0.013835058709392709,-0.5631210944817947,False,True,True,False,False,False,True,False,False,False,False,False,False,True,False,False,False,False,True,True,False
1.1312877334086988,0,0.11597739760892371,2.048329049779957,-0.8847969712710111,-0.6560592745909929,1.5815064848154063,-1.0197399130157712,0.1765837713204426,-0.6673540997861319,0.749778851120662,1.517960153043813,2.1568175118626107,-0.0673556544345474,-0.42807250939347835,0.27551802437825607,-0.9254007325196485,-0.6132518611691794,0.1556726718769394,0.3418217332312617,-0.8429336132460213,-0.5913608932251309,0.013835058709392709,-0.5631210944817947,False,False,False,True,True,False,False,False,False,False,False,False,False,False,False,True,False,False,True,True,False
0.4499021101474336,0,-0.4616844947774397,-0.9044004238220503,-0.8847969712710111,0.26107101030115826,1.6308739524353348,0.37840702535570064,-1.0029610262683273,-1.575009224470179,-0.6405549476652819,1.579539321077598,0.5485444592996741,0.48119850420356663,-0.42807250939347835,1.2002765418458676,0.2332727608290527,-0.46131151332605735,1.696491234396136,-1.0670240730349723,-0.4569744778208635,-0.2985951498102796,-0.6683591089246615,-0.5631210944817947,False,True,True,False,True,False,False,False,False,False,True,False,False,False,False,False,False,True,False,False,False
0.677030651234522,0,0.8076841271187752,0.44893391824553636,0.08984534639226345,-0.6560592745909929,1.433404081955621,1.7765539637271726,0.1765837713204426,-1.575009224470179,0.010617860998876036,-1.2131250442632393,0.9506127224404082,0.7554755835226237,-0.42807250939347835,0.27551802437825607,1.3919462541777539,-0.00549046979669098,-0.6147366093826588,-1.0670240730349723,-1.2288927486711791,-1.1768923800548332,-0.6683591089246615,-1.1469071832564992,False,True,True,False,False,False,True,False,False,False,False,False,False,False,False,False,False,True,False,True,False
-0.11791924257028744,0,0.9366043777801095,-0.9044004238220503,-0.8847969712710111,-0.6560592745909929,1.1865667438559788,0.37840702535570064,0.1765837713204426,1.1479561495819623,0.07811564403486464,1.4164036207967505,-0.25559206698179404,-0.3416327337536044,-0.42807250939347835,0.27551802437825607,0.2332727608290527,0.7542112694189196,2.466900515655734,0.3418217332312617,0.12196422531687327,0.872467823849125,-0.3272620251076344,0.8963441274549668,False,False,True,False,False,False,True,False,False,False,False,False,True,False,False,False,False,False,False,True,False
0.22277356906034518,0,1.3233651297641125,-0.9044004238220503,0.08984534639226345,-1.573189559483144,1.6802414200552631,0.37840702535570064,-1.0029610262683273,-0.6673540997861319,-0.8770985176797955,-1.0121160515698133,0.9506127224404082,-0.6159098130726615,-0.42807250939347835,1.2002765418458676,2.550619747526455,0.4503305737326754,0.1556726718769394,0.3418217332312617,0.893882496167189,1.7507650540936786,0.3549321425264198,1.188237171842319,False,False,False,False,False,False,False,False,False,True,False,False,False,False,False,False,False,False,False,True,False
-0.23148351311383164,1,-1.4087524900203188,-0.043187660688131534,1.064487664055538,1.1782012951933094,1.334669146715764,0.37840702535570064,0.1765837713204426,-1.575009224470179,-0.047237381603399915,-1.14130606013272,0.5485444592996741,0.48119850420356663,-0.42807250939347835,0.27551802437825607,0.2332727608290527,0.14644987804643114,0.1556726718769394,-1.0670240730349723,0.12196422531687327,-0.884126636639982,-0.6683591089246615,0.8963441274549668,True,False,True,False,True,False,False,False,False,False,True,False,False,False,False,False,False,True,False,True,False
0.10920929851680099,1,-1.0715764498291367,0.07984273404528544,1.064487664055538,1.1782012951933094,-0.3931922199817312,0.37840702535570064,0.1765837713204426,-1.575009224470179,-0.3886435788345387,-1.3118761474427034,-0.6576603301225281,-0.0673556544345474,-0.42807250939347835,-0.6492404930893556,-0.9254007325196485,-0.00549046979669098,0.9260819531365376,-2.475869879301206,0.70090292845461,-0.2985951498102796,-0.6683591089246615,1.188237171842319,False,True,True,False,False,False,True,False,False,False,False,False,True,False,False,False,False,False,True,True,False
0.3363378396038894,0,-0.08979915633128302,1.3101466813794551,0.08984534639226345,0.26107101030115826,0.8409944705164797,0.37840702535570064,0.1765837713204426,1.1479561495819623,-0.4145579062501415,0.6794174047386481,-0.25559206698179404,0.7554755835226237,-0.42807250939347835,1.2002765418458676,0.2332727608290527,-0.46131151332605735,2.466900515655734,0.3418217332312617,-0.8429336132460213,-0.884126636639982,0.013835058709392709,-0.5631210944817947,True,False,False,True,True,False,False,False,False,False,False,False,False,False,False,True,False,False,False,True,False
0.7905949217780662,0,-1.138515810749445,-0.043187660688131534,0.08984534639226345,-1.573189559483144,-0.6893970257013019,0.37840702535570064,-1.0029610262683273,0.24030102489791522,-0.9235032435170377,1.491589119808388,0.5485444592996741,-0.6159098130726615,-0.42807250939347835,0.27551802437825607,-0.9254007325196485,-0.46131151332605735,-0.6147366093826588,-1.0670240730349723,-0.6499540455334424,-0.5913608932251309,-0.3272620251076344,-0.5631210944817947,False,False,True,False,True,False,False,False,False,False,False,False,False,False,True,False,False,False,True,True,False
0.5634663806909778,0,-0.8806753094267763,-0.5353092396217994,0.08984534639226345,-0.6560592745909929,0.9397294057563366,1.7765539637271726,0.1765837713204426,-0.6673540997861319,0.4119886065521654,0.1663044282748989,0.14647619615894003,-0.8901868923917186,-0.42807250939347835,-1.5739990105569672,-0.9254007325196485,0.14644987804643114,0.1556726718769394,-2.475869879301206,-0.6499540455334424,-0.5913608932251309,-0.3272620251076344,-0.5631210944817947,False,True,True,False,True,False,False,False,False,False,False,False,False,False,False,False,False,False,True,True,False
0.5634663806909778,0,-0.01542208864205167,-0.6583396343552164,-1.8594392889342857,0.26107101030115826,0.7422595352766228,0.37840702535570064,1.3561285689092124,0.24030102489791522,1.4898438294081084,1.6991908708106702,-1.0597285932632623,-0.6159098130726615,-0.42807250939347835,1.2002765418458676,0.2332727608290527,1.9697340521638966,0.1556726718769394,1.7506675394974955,3.016657741005557,2.921828027753083,3.7659029806966915,0.3125580386802622,False,True,False,True,False,True,False,False,False,False,False,False,False,False,False,True,False,False,False,False,True
-0.6857405952880085,0,0.7184316458916976,0.07984273404528544,0.08984534639226345,-1.573189559483144,-0.09698741426216059,0.37840702535570064,1.3561285689092124,0.24030102489791522,1.2548069063363625,-1.6279077319076642,2.5588857750033447,-0.3416327337536044,-0.42807250939347835,-0.6492404930893556,-0.9254007325196485,-0.1574308176398131,0.1556726718769394,0.3418217332312617,0.12196422531687327,0.872467823849125,-0.6683591089246615,-0.5631210944817947,False,True,True,False,False,False,True,False,False,False,False,False,True,False,False,False,False,False,True,False,False
-1.1399976774621854,1,0.2920031244734379,1.3101466813794551,-0.8847969712710111,1.1782012951933094,0.14984992383748158,0.37840702535570064,-1.0029610262683273,-0.6673540997861319,-1.0108887661975587,-1.045781200380994,-1.0597285932632623,-1.1644639717107754,-0.42807250939347835,0.27551802437825607,-0.9254007325196485,-0.6132518611691794,0.1556726718769394,0.3418217332312617,-0.2639949101082846,-0.884126636639982,-0.3272620251076344,0.020664994292909928,False,True,False,False,False,False,True,False,False,True,False,False,False,False,False,False,False,True,False,False,True
1.1312877334086988,1,-1.3418131291000106,1.4331770761128722,-0.8847969712710111,1.1782012951933094,0.0017475209776962777,0.37840702535570064,0.1765837713204426,-0.6673540997861319,1.0315218294182038,-0.49128814517016844,0.5485444592996741,1.8525839007988518,2.3360528369758367,1.2002765418458676,0.2332727608290527,0.4503305737326754,-0.6147366093826588,1.7506675394974955,0.5079233607420311,0.872467823849125,0.3549321425264198,0.8963441274549668,False,True,True,False,False,False,True,False,False,False,False,False,False,False,False,False,False,True,False,False,False
0.4499021101474336,0,0.9713136760350842,-1.0274308185554673,0.08984534639226345,0.26107101030115826,-0.6893970257013019,0.37840702535570064,0.1765837713204426,1.1479561495819623,0.30441401483855857,-0.7412518750931868,0.5485444592996741,0.48119850420356663,-0.42807250939347835,1.2002765418458676,0.2332727608290527,0.2983902258895533,0.1556726718769394,0.3418217332312617,-0.2639949101082846,-0.2985951498102796,-0.6683591089246615,-0.27122805009444234,False,True,True,False,True,False,False,False,False,False,False,False,False,False,False,False,False,False,False,False,False
-0.23148351311383164,0,0.01928720961292296,-0.1662180554215485,-0.8847969712710111,-0.6560592745909929,1.2853016790958356,1.7765539637271726,0.1765837713204426,0.24030102489791522,0.3905942199648655,1.0918154776756144,-0.6576603301225281,1.5783068214797948,2.3360528369758367,0.27551802437825607,1.3919462541777539,-0.00549046979669098,1.696491234396136,0.3418217332312617,0.70090292845461,1.1652335672639762,0.696029226343447,1.188237171842319,False,True,False,True,False,False,False,False,True,False,False,False,False,False,False,True,False,True,False,True,False
2.4940589799312294,0,-1.1211611616219577,-0.9044004238220503,0.08984534639226345,-0.6560592745909929,-0.6893970257013019,0.37840702535570064,2.535673366497982,-0.6673540997861319,3.250812776114883,1.1547973602431987,0.5485444592996741,1.8525839007988518,2.3360528369758367,1.2002765418458676,0.2332727608290527,4.096898921967606,-2.1555551719018555,-1.0670240730349723,1.8587803347300833,1.4579993106788274,4.107000064513718,2.9395954381664327,False,False,False,True,False,False,True,False,False,False,False,True,False,False,False,False,False,False,False,True,False
-0.11791924257028744,0,-1.53023503391273,1.679237865579706,1.064487664055538,-0.6560592745909929,1.2359342114759073,-2.417886851387243,-1.0029610262683273,0.24030102489791522,-0.8430482967732478,-0.6520392307435573,-1.0597285932632623,0.20692142488450962,-0.42807250939347835,-0.6492404930893556,0.2332727608290527,-0.6132518611691794,-0.6147366093826588,1.7506675394974955,-0.2639949101082846,-0.005829406395428478,-0.6683591089246615,-0.27122805009444234,False,True,True,False,False,False,True,False,False,False,True,False,False,False,False,False,False,True,False,True,False
1.244852003952243,0,0.4928212072343625,-0.6583396343552164,0.08984534639226345,0.26107101030115826,1.2853016790958356,-1.0197399130157712,1.3561285689092124,-0.6673540997861319,1.4554922791130072,0.6910599353691815,2.1568175118626107,-0.8901868923917186,-0.42807250939347835,0.27551802437825607,0.2332727608290527,2.7294357913795073,0.9260819531365376,0.3418217332312617,3.016657741005557,2.04353079750853,4.107000064513718,1.7720232606170236,False,True,True,False,True,False,False,False,False,False,False,False,True,False,False,False,False,False,False,False,True
0.4499021101474336,0,-0.12946692576553973,0.3259035235121194,0.08984534639226345,-0.6560592745909929,-0.936234363800944,0.37840702535570064,0.1765837713204426,-1.575009224470179,-0.31783117252446136,-0.504473661787881,-0.25559206698179404,-0.8901868923917186,-0.42807250939347835,-0.6492404930893556,0.2332727608290527,0.7542112694189196,0.1556726718769394,0.3418217332312617,0.12196422531687327,-0.005829406395428478,1.7193204777945283,0.8963441274549668,False,True,True,False,True,False,False,False,False,False,False,False,False,False,False,False,False,False,False,False,False
2.0398018977570525,0,-0.9203430788610331,-0.2892484501549655,1.064487664055538,1.1782012951933094,0.10048245621755315,0.37840702535570064,0.1765837713204426,1.1479561495819623,0.4071673363353091,0.18958948953596572,0.5485444592996741,-0.0673556544345474,-0.42807250939347835,-0.6492404930893556,0.2332727608290527,0.6022709215757975,-0.6147366093826588,-1.0670240730349723,0.12196422531687327,-0.884126636639982,-0.3272620251076344,0.8963441274549668,False,True,True,False,False,False,True,False,False,False,False,False,False,False,True,False,False,True,False,False,False
-0.5721763247444642,0,0.800246420349852,-0.2892484501549655,1.064487664055538,-1.573189559483144,0.10048245621755315,0.37840702535570064,1.3561285689092124,-1.575009224470179,1.2457670246797568,-0.8510844230896645,-0.25559206698179404,-0.3416327337536044,-0.42807250939347835,1.2002765418458676,1.3919462541777539,-0.1574308176398131,0.1556726718769394,0.3418217332312617,-0.6499540455334424,-0.5913608932251309,0.013835058709392709,-0.5631210944817947,True,False,False,True,False,True,False,False,False,False,False,False,False,False,False,True,False,True,False,False,False
-0.9128691363750969,0,1.0283360945968283,-1.0274308185554673,0.08984534639226345,0.26107101030115826,0.051114988597624714,0.37840702535570064,-1.0029610262683273,-1.575009224470179,-0.5760704585148285,-0.22799862717605765,-0.6576603301225281,2.6754151387560228,2.3360528369758367,0.27551802437825607,0.2332727608290527,-1.0690729046985459,0.1556726718769394,0.3418217332312617,-0.6499540455334424,-0.5913608932251309,-0.3272620251076344,-0.5631210944817947,False,True,True,False,False,False,True,False,False,False,False,False,False,False,True,False,False,True,False,False,False
0.22277356906034518,0,-0.19640628668584795,-0.9044004238220503,1.064487664055538,-0.6560592745909929,0.544789664796909,-2.417886851387243,0.1765837713204426,1.1479561495819623,-0.0294589476787422,-1.416799194570884,-0.25559206698179404,1.3040297421607379,2.3360528369758367,-1.5739990105569672,1.3919462541777539,1.5139130086345303,0.9260819531365376,-1.0670240730349723,-0.4569744778208635,-0.5913608932251309,-0.6683591089246615,-0.27122805009444234,False,True,False,True,False,True,False,False,False,False,False,False,False,False,False,False,True,True,False,False,True
-1.1399976774621854,0,-0.5707708607216457,0.07984273404528544,0.08984534639226345,0.26107101030115826,-0.9856018314208724,0.37840702535570064,0.1765837713204426,1.1479561495819623,-0.24671743682583053,-0.7321342306234919,-0.6576603301225281,-0.6159098130726615,-0.42807250939347835,-1.5739990105569672,-0.9254007325196485,-0.7651922090123016,0.9260819531365376,0.3418217332312617,-0.2639949101082846,-0.2985951498102796,-0.3272620251076344,-0.5631210944817947,False,True,False,True,False,False,True,False,False,False,False,False,False,False,False,True,False,False,True,True,False
2.4940589799312294,0,1.0258568590071873,0.6949947077123703,1.064487664055538,-1.573189559483144,1.0384643409961936,0.37840702535570064,2.535673366497982,0.24030102489791522,3.0989427642839082,1.0211186651721345,-0.25559206698179404,-0.3416327337536044,-0.42807250939347835,-0.6492404930893556,-0.9254007325196485,1.9697340521638966,0.1556726718769394,0.3418217332312617,-0.8429336132460213,-0.5913608932251309,0.013835058709392709,-0.5631210944817947,True,False,True,False,True,False,False,False,False,False,False,False,False,True,False,False,False,True,False,True,True
-2.048511841810539,0,1.5588925107800118,0.5719643129789533,0.08984534639226345,-0.6560592745909929,-1.627378910479942,0.37840702535570064,-1.0029610262683273,0.24030102489791522,-1.2019315985404908,-0.887414729515064,-0.6576603301225281,0.20692142488450962,-0.42807250939347835,0.27551802437825607,-0.9254007325196485,-1.5248939482279122,0.9260819531365376,-2.475869879301206,-1.2288927486711791,-1.1768923800548332,-0.6683591089246615,-1.1469071832564992,False,False,True,False,False,False,True,False,False,False,False,False,False,False,True,False,False,False,True,False,False
-0.5721763247444642,1,-1.0988480413151882,1.0640858919126213,2.0391299817188124,1.1782012951933094,1.1371992762360503,1.7765539637271726,-1.0029610262683273,-1.575009224470179,-0.767414620246314,1.0030236476861247,-1.0597285932632623,0.48119850420356663,-0.42807250939347835,0.27551802437825607,-0.9254007325196485,-1.221013252541668,0.9260819531365376,0.3418217332312617,-1.0359131809586002,-1.1768923800548332,-0.6683591089246615,-1.1469071832564992,False,True,False,False,False,False,False,False,False,True,False,False,False,False,False,False,False,True,False,True,False
-0.7993048658315527,1,-1.1211611616219577,0.44893391824553636,0.08984534639226345,-1.573189559483144,-0.4919271552215881,-1.0197399130157712,-1.0029610262683273,-1.575009224470179,-0.9545401705380503,-1.5692742643948576,0.5485444592996741,-0.0673556544345474,-0.42807250939347835,1.2002765418458676,2.550619747526455,-0.9171325568554237,0.1556726718769394,0.3418217332312617,-0.8429336132460213,-0.5913608932251309,0.013835058709392709,-1.1469071832564992,False,True,False,False,False,False,False,False,False,True,False,False,False,False,False,False,False,False,False,True,True
1.0177234628651546,0,-0.528623855697748,-0.9044004238220503,1.064487664055538,0.26107101030115826,0.051114988597624714,0.37840702535570064,0.1765837713204426,0.24030102489791522,-0.10509262420567586,0.7463268880008702,0.5485444592996741,1.8525839007988518,2.3360528369758367,-0.6492404930893556,1.3919462541777539,-0.00549046979669098,0.1556726718769394,1.7506675394974955,0.3149437930294522,0.872467823849125,1.037126310160474,0.8963441274549668,False,False,False,True,True,False,False,False,False,False,False,False,False,False,False,True,False,True,False,False,False
-0.004354972026743229,0,-0.9228223144506741,-0.9044004238220503,1.064487664055538,1.1782012951933094,0.34731979431719534,0.37840702535570064,0.1765837713204426,-0.6673540997861319,0.4397109102990893,0.7334219142899175,0.5485444592996741,1.8525839007988518,2.3360528369758367,1.2002765418458676,0.2332727608290527,0.7542112694189196,-0.6147366093826588,0.3418217332312617,-1.0359131809586002,-1.1768923800548332,-0.6683591089246615,-1.1469071832564992,False,True,True,False,False,False,False,True,False,False,False,False,False,False,True,False,False,True,False,False,True
0.7905949217780662,0,1.5365793904732423,-0.9044004238220503,1.064487664055538,-1.573189559483144,1.2853016790958356,0.37840702535570064,0.1765837713204426,1.1479561495819623,0.05189998723070835,0.6875531490346835,-0.6576603301225281,1.3040297421607379,2.3360528369758367,0.27551802437825607,0.2332727608290527,-0.46131151332605735,1.696491234396136,0.3418217332312617,0.12196422531687327,0.872467823849125,1.7193204777945283,0.8963441274549668,True,False,False,True,True,False,False,False,False,False,False,False,False,False,False,True,False,True,False,True,False
-1.0264334069186412,0,1.2266749417681118,-0.5353092396217994,-0.8847969712710111,1.1782012951933094,-0.6400295580813734,0.37840702535570064,-1.0029610262683273,1.1479561495819623,-0.9412816774416954,0.7689105919950374,-1.0597285932632623,-0.3416327337536044,-0.42807250939347835,0.27551802437825607,-0.9254007325196485,-0.6132518611691794,0.1556726718769394,-1.0670240730349723,-0.2639949101082846,-0.005829406395428478,-0.6683591089246615,-0.5631210944817947,True,False,True,False,True,False,False,False,False,False,True,False,False,False,False,False,False,False,True,False,True
-0.7993048658315527,0,-0.5658123895423636,1.3101466813794551,-1.8594392889342857,1.1782012951933094,-1.281806637140443,0.37840702535570064,-1.0029610262683273,1.1479561495819623,-0.5094766636445005,-1.0297902546956832,-0.6576603301225281,-0.6159098130726615,-0.42807250939347835,-0.6492404930893556,-0.9254007325196485,0.14644987804643114,0.1556726718769394,1.7506675394974955,0.893882496167189,1.1652335672639762,0.3549321425264198,1.7720232606170236,True,False,True,False,False,False,True,False,False,False,True,False,False,False,False,False,False,True,False,True,False
-0.45861205420092005,0,1.2787388891505738,0.07984273404528544,1.064487664055538,1.1782012951933094,0.6435246000367659,0.37840702535570064,0.1765837713204426,1.1479561495819623,-0.2575652948137573,1.6454669041661607,2.1568175118626107,-0.6159098130726615,-0.42807250939347835,0.27551802437825607,-0.9254007325196485,-0.9171325568554237,-0.6147366093826588,1.7506675394974955,-1.2288927486711791,-1.1768923800548332,-0.6683591089246615,-1.1469071832564992,True,False,False,True,False,True,False,False,False,False,False,False,False,False,False,True,False,False,True,True,False
0.677030651234522,0,-1.1087649836737525,0.07984273404528544,1.064487664055538,0.26107101030115826,-1.3805415723803,0.37840702535570064,-1.0029610262683273,0.24030102489791522,-0.7734412080173845,-1.1478988184415764,0.14647619615894003,1.8525839007988518,2.3360528369758367,-0.6492404930893556,1.3919462541777539,-0.00549046979669098,-1.3851458906422571,-1.0670240730349723,-0.07101534239570564,-0.2985951498102796,0.3549321425264198,-0.27122805009444234,False,False,True,False,False,False,False,False,True,False,False,False,False,False,True,False,False,True,False,True,False
1.244852003952243,0,-1.4756918509406272,-0.043187660688131534,1.064487664055538,-0.6560592745909929,-0.09698741426216059,0.37840702535570064,-1.0029610262683273,0.24030102489791522,-1.0238459299053602,-1.2531024084765168,0.5485444592996741,-0.8901868923917186,-0.42807250939347835,0.27551802437825607,-0.9254007325196485,-0.46131151332605735,-0.6147366093826588,0.3418217332312617,-0.8429336132460213,-0.5913608932251309,0.013835058709392709,-1.1469071832564992,False,True,True,False,True,False,False,False,False,False,True,False,False,False,False,False,False,False,True,False,False
1.1312877334086988,0,-0.2385532917097457,-0.9044004238220503,-0.8847969712710111,1.1782012951933094,0.7916270028965513,0.37840702535570064,1.3561285689092124,1.1479561495819623,0.9266592022015786,0.7917748388959645,0.14647619615894003,-0.3416327337536044,-0.42807250939347835,0.27551802437825607,0.2332727608290527,0.2983902258895533,0.9260819531365376,-1.0670240730349723,0.5079233607420311,1.1652335672639762,0.696029226343447,0.8963441274549668,False,True,True,False,True,False,False,False,False,False,False,False,True,False,False,False,False,False,False,True,False
-0.9128691363750969,0,-1.2947076528968309,-1.0274308185554673,-0.8847969712710111,0.26107101030115826,-1.1337042342806578,0.37840702535570064,-1.0029610262683273,1.1479561495819623,-0.8427469673846942,-0.5401026109463808,-0.6576603301225281,-0.0673556544345474,-0.42807250939347835,-0.6492404930893556,0.2332727608290527,-1.0690729046985459,-0.6147366093826588,0.3418217332312617,-0.6499540455334424,-0.5913608932251309,0.013835058709392709,-0.5631210944817947,False,False,False,False,True,False,False,False,False,True,False,False,False,False,False,False,False,False,False,True,False
-0.7993048658315527,0,-0.1889685799169248,2.417420233980208,-1.8594392889342857,1.1782012951933094,1.334669146715764,-2.417886851387243,0.1765837713204426,0.24030102489791522,0.2655425237151544,0.9536480960963927,2.1568175118626107,0.48119850420356663,-0.42807250939347835,1.2002765418458676,1.3919462541777539,0.14644987804643114,0.1556726718769394,0.3418217332312617,0.12196422531687327,-1.1768923800548332,-0.3272620251076344,0.6044510830676145,False,True,True,False,True,False,False,False,False,False,False,False,False,False,False,False,False,False,False,True,False
0.677030651234522,0,0.8423934253737498,-0.1662180554215485,0.08984534639226345,1.1782012951933094,0.7422595352766228,0.37840702535570064,-1.0029610262683273,0.24030102489791522,-0.4624692790301512,-0.10105296186722958,0.5485444592996741,-0.6159098130726615,-0.42807250939347835,1.2002765418458676,-0.9254007325196485,-0.3093711654829352,0.1556726718769394,0.3418217332312617,-1.2288927486711791,-1.1768923800548332,-0.6683591089246615,-1.1469071832564992,False,True,True,False,True,False,False,False,False,False,True,False,False,False,False,False,False,False,True,True,False
-0.45861205420092005,1,-0.9624900838849308,-0.9044004238220503,1.064487664055538,0.26107101030115826,0.7916270028965513,-1.0197399130157712,0.1765837713204426,-0.6673540997861319,1.3271259595892073,1.6610370354913317,1.7547492487218765,-0.8901868923917186,-0.42807250939347835,0.27551802437825607,-0.9254007325196485,-0.46131151332605735,0.1556726718769394,-1.0670240730349723,-0.8429336132460213,-0.5913608932251309,0.013835058709392709,-0.5631210944817947,False,True,False,True,False,True,False,False,False,False,False,False,False,False,False,True,False,False,True,True,True
1.1312877334086988,0,1.2812181247402148,-0.7813700290886334,0.08984534639226345,-1.573189559483144,-1.0349692990408008,1.7765539637271726,2.535673366497982,-1.575009224470179,2.3269368708097886,-0.9265504650080617,-0.25559206698179404,-0.8901868923917186,-0.42807250939347835,1.2002765418458676,0.2332727608290527,2.2736147478501407,1.696491234396136,0.3418217332312617,2.43771903786782,3.8001252579976366,0.013835058709392709,1.188237171842319,False,True,False,True,False,False,False,False,True,False,False,False,False,False,False,True,False,False,False,False,False
-1.0264334069186412,0,-0.18401010873764273,1.679237865579706,-1.8594392889342857,-0.6560592745909929,-1.4792765076201568,-1.0197399130157712,0.1765837713204426,0.24030102489791522,-0.591438257331058,-1.0276861828949844,-0.6576603301225281,1.5783068214797948,2.3360528369758367,1.2002765418458676,0.2332727608290527,-0.1574308176398131,1.696491234396136,0.3418217332312617,0.5079233607420311,1.1652335672639762,1.037126310160474,1.188237171842319,False,True,False,True,False,False,True,False,False,False,False,False,False,False,False,False,True,True,False,False,False
-0.7993048658315527,0,-1.1162026904426756,-0.41227884488838246,-1.8594392889342857,1.1782012951933094,1.0384643409961936,-1.0197399130157712,-1.0029610262683273,-0.6673540997861319,-0.8132166873064491,0.15283836875042653,-0.6576603301225281,-1.1644639717107754,-0.42807250939347835,1.2002765418458676,-0.9254007325196485,-1.37295360038479,0.1556726718769394,0.3418217332312617,-1.0359131809586002,-1.1768923800548332,-0.6683591089246615,-1.1469071832564992,False,True,False,False,False,False,True,False,False,True,False,False,False,False,False,False,False,True,False,True,False
-0.7993048658315527,1,-0.8509244823510838,1.802268260313123,-0.8847969712710111,1.1782012951933094,0.34731979431719534,-1.0197399130157712,-1.0029610262683273,1.1479561495819623,-0.9232019141284842,0.05731350899870067,-0.6576603301225281,2.401138059436966,2.3360528369758367,-0.6492404930893556,-0.9254007325196485,-1.37295360038479,0.1556726718769394,-1.0670240730349723,-1.0359131809586002,-1.1768923800548332,-0.3272620251076344,-1.1469071832564992,True,False,True,False,True,False,False,False,False,False,False,False,False,False,True,False,False,False,True,True,True
1.1312877334086988,1,1.120067811413547,0.07984273404528544,0.08984534639226345,0.26107101030115826,-0.09698741426216059,0.37840702535570064,1.3561285689092124,-0.6673540997861319,0.5457788550699285,-0.046767909409200344,0.9506127224404082,1.5783068214797948,2.3360528369758367,0.27551802437825607,2.550619747526455,0.6022709215757975,-0.6147366093826588,0.3418217332312617,0.3149437930294522,0.872467823849125,-0.6683591089246615,0.8963441274549668,False,True,False,True,True,False,False,False,False,False,False,False,False,False,False,True,False,True,False,False,False
-1.0264334069186412,0,0.8151218338876983,0.6949947077123703,0.08984534639226345,1.1782012951933094,0.544789664796909,-1.0197399130157712,-1.0029610262683273,-1.575009224470179,-0.21959779185601366,1.332521291675558,-1.0597285932632623,1.0297526628416807,-0.42807250939347835,1.2002765418458676,0.2332727608290527,-0.3093711654829352,-0.6147366093826588,-1.0670240730349723,0.12196422531687327,0.5797020804342738,1.7193204777945283,-0.27122805009444234,True,False,True,False,True,False,False,False,False,False,False,False,False,False,True,False,False,True,False,False,False
0.3363378396038894,0,0.08126809935394907,1.187116286646038,1.064487664055538,1.1782012951933094,-1.2324391695205146,0.37840702535570064,0.1765837713204426,1.1479561495819623,-0.4823570186746836,-1.2909757008890952,2.1568175118626107,-0.3416327337536044,-0.42807250939347835,-0.6492404930893556,2.550619747526455,-0.46131151332605735,-0.6147366093826588,0.3418217332312617,-0.8429336132460213,-0.5913608932251309,0.013835058709392709,-0.5631210944817947,False,True,True,False,False,False,False,True,False,False,False,False,False,False,True,False,False,False,False,True,False
2.1533661683005967,0,0.08374733494359013,-0.9044004238220503,1.064487664055538,-0.6560592745909929,1.5815064848154063,-1.0197399130157712,-1.0029610262683273,1.1479561495819623,-0.8560054604810491,-0.8934464020104005,2.1568175118626107,1.3040297421607379,2.3360528369758367,-0.6492404930893556,0.2332727608290527,1.361972660791408,-0.6147366093826588,1.7506675394974955,-0.2639949101082846,-0.5913608932251309,-0.6683591089246615,0.020664994292909928,False,True,True,False,False,False,False,False,True,False,False,False,False,False,True,False,False,True,False,True,False
-0.9128691363750969,0,0.9167704930629812,-0.7813700290886334,0.08984534639226345,-0.6560592745909929,0.5941571324168375,0.37840702535570064,-1.0029610262683273,-0.6673540997861319,-0.7975475591016661,-1.4942290368366,-0.6576603301225281,1.0297526628416807,-0.42807250939347835,1.2002765418458676,0.2332727608290527,-1.37295360038479,0.1556726718769394,0.3418217332312617,-1.0359131809586002,-1.1768923800548332,-0.6683591089246615,-1.1469071832564992,False,True,False,True,False,False,True,False,False,False,False,False,False,False,False,False,True,True,False,False,False
-0.6857405952880085,1,0.353984014214464,-0.043187660688131534,0.08984534639226345,-0.6560592745909929,1.1371992762360503,0.37840702535570064,-1.0029610262683273,1.1479561495819623,-1.332407223784165,0.23489716897768004,-0.6576603301225281,-0.6159098130726615,-0.42807250939347835,0.27551802437825607,-0.9254007325196485,-1.37295360038479,0.1556726718769394,-1.0670240730349723,-1.0359131809586002,-1.1768923800548332,-0.6683591089246615,-1.1469071832564992,False,True,False,True,False,False,True,False,False,False,False,False,False,False,False,False,True,False,True,True,False
-1.594254759636362,1,-1.019512502446675,-0.2892484501549655,-1.8594392889342857,1.1782012951933094,0.4460547295570522,0.37840702535570064,-1.0029610262683273,-0.6673540997861319,-0.913258044306218,1.6478515188736194,-0.6576603301225281,2.126860980117909,2.3360528369758367,-1.5739990105569672,-0.9254007325196485,-1.37295360038479,-0.6147366093826588,0.3418217332312617,-1.0359131809586002,-1.1768923800548332,-0.6683591089246615,-1.1469071832564992,False,True,True,False,True,False,False,False,False,False,False,False,False,False,True,False,False,False,True,True,True
-0.004354972026743229,0,1.1498186384892395,0.07984273404528544,1.064487664055538,-0.6560592745909929,-0.14635488188208903,-1.0197399130157712,0.1765837713204426,0.24030102489791522,0.05129732845360131,-1.1620662352329483,-0.6576603301225281,-0.6159098130726615,-0.42807250939347835,-1.5739990105569672,0.2332727608290527,-0.00549046979669098,0.9260819531365376,0.3418217332312617,0.70090292845461,1.4579993106788274,-0.3272620251076344,0.8963441274549668,False,True,False,True,False,False,False,False,True,False,False,False,False,False,False,True,False,True,False,False,True
-0.5721763247444642,0,-1.2178513496179584,1.3101466813794551,0.08984534639226345,-0.6560592745909929,1.1371992762360503,0.37840702535570064,0.1765837713204426,0.24030102489791522,-0.39346484905139506,0.600304305032373,-0.6576603301225281,-1.1644639717107754,-0.42807250939347835,-1.5739990105569672,0.2332727608290527,-0.00549046979669098,-0.6147366093826588,0.3418217332312617,0.70090292845461,1.1652335672639762,-0.6683591089246615,-0.5631210944817947,False,True,True,False,True,False,False,False,False,False,True,False,False,False,False,False,False,False,False,True,False
-0.23148351311383164,0,1.680375054672423,-0.6583396343552164,0.08984534639226345,0.26107101030115826,-0.09698741426216059,0.37840702535570064,1.3561285689092124,1.1479561495819623,1.2686680582098244,1.4166841637035104,-0.25559206698179404,-0.6159098130726615,-0.42807250939347835,1.2002765418458676,2.550619747526455,-0.1574308176398131,0.1556726718769394,0.3418217332312617,-0.2639949101082846,-0.2985951498102796,-0.3272620251076344,-1.1469071832564992,False,True,False,True,True,False,False,False,False,False,False,False,False,False,False,True,False,True,False,True,True
-0.7993048658315527,0,-0.5211861489288249,-0.2892484501549655,0.08984534639226345,1.1782012951933094,-0.34382475236180277,0.37840702535570064,-1.0029610262683273,-1.575009224470179,-1.0368030936131614,0.7069106096011125,0.14647619615894003,-0.3416327337536044,-0.42807250939347835,-0.6492404930893556,-0.9254007325196485,0.14644987804643114,-0.6147366093826588,0.3418217332312617,-0.6499540455334424,-0.5913608932251309,-0.3272620251076344,-0.5631210944817947,False,True,True,False,True,False,False,False,False,False,True,False,False,False,False,False,False,False,True,True,False
0.10920929851680099,0,-0.04765215130738525,-0.2892484501549655,1.064487664055538,1.1782012951933094,0.5941571324168375,0.37840702535570064,0.1765837713204426,-1.575009224470179,-0.36724919224723873,-0.10610273418890671,0.9506127224404082,1.8525839007988518,2.3360528369758367,0.27551802437825607,0.2332727608290527,0.9061516172620417,-0.6147366093826588,0.3418217332312617,-0.2639949101082846,-0.2985951498102796,-0.6683591089246615,0.020664994292909928,False,True,True,False,False,False,True,False,False,False,False,False,False,False,True,False,False,True,False,True,True
-0.11791924257028744,0,-1.4459410238649346,0.8180251024457873,-0.8847969712710111,1.1782012951933094,-1.0843367666607293,-1.0197399130157712,0.1765837713204426,-0.6673540997861319,-0.2153791804162644,1.5491004156941552,-1.0597285932632623,-1.1644639717107754,-0.42807250939347835,1.2002765418458676,-0.9254007325196485,-0.9171325568554237,-0.6147366093826588,0.3418217332312617,-0.6499540455334424,-0.5913608932251309,-0.6683591089246615,-0.5631210944817947,False,True,True,False,False,False,False,True,False,False,False,False,True,False,False,False,False,True,False,False,True
1.0177234628651546,0,-0.6104386301559024,1.92529865504654,-0.8847969712710111,-0.6560592745909929,1.334669146715764,-1.0197399130157712,0.1765837713204426,1.1479561495819623,0.12150707598657161,1.3386932356242744,-1.0597285932632623,-0.6159098130726615,-0.42807250939347835,1.2002765418458676,1.3919462541777539,-0.00549046979669098,-0.6147366093826588,-1.0670240730349723,0.5079233607420311,1.1652335672639762,0.3549321425264198,1.188237171842319,False,True,True,False,True,False,False,False,False,False,False,False,True,False,False,False,False,True,False,False,False
-0.004354972026743229,0,1.018419152238264,-0.9044004238220503,-1.8594392889342857,-0.6560592745909929,1.3840366143356926,-1.0197399130157712,0.1765837713204426,1.1479561495819623,-0.4871782888915399,-1.4197448950918623,-0.6576603301225281,1.5783068214797948,2.3360528369758367,1.2002765418458676,-0.9254007325196485,-0.00549046979669098,-0.6147366093826588,-1.0670240730349723,0.70090292845461,-0.884126636639982,-0.6683591089246615,1.188237171842319,True,False,False,False,False,False,False,False,False,True,False,False,False,False,False,False,False,False,True,True,False
-1.1399976774621854,0,-0.7939020637893397,-1.0274308185554673,-0.8847969712710111,-0.6560592745909929,1.1865667438559788,-1.0197399130157712,-1.0029610262683273,0.24030102489791522,-0.7743451961830451,0.07905558427258835,-0.6576603301225281,-0.6159098130726615,-0.42807250939347835,0.27551802437825607,0.2332727608290527,-1.37295360038479,0.1556726718769394,-1.0670240730349723,-1.0359131809586002,-1.1768923800548332,-0.3272620251076344,-1.1469071832564992,False,True,True,False,True,False,False,False,False,False,False,False,False,False,True,False,False,True,False,False,True
-1.0264334069186412,0,-0.7220042316897495,-0.9044004238220503,-0.8847969712710111,-1.573189559483144,1.1371992762360503,1.7765539637271726,0.1765837713204426,0.24030102489791522,0.30049673278736283,1.7747971841824473,-1.0597285932632623,-0.3416327337536044,-0.42807250939347835,-0.6492404930893556,-0.9254007325196485,-0.1574308176398131,1.696491234396136,-1.0670240730349723,0.3149437930294522,0.872467823849125,-0.6683591089246615,0.8963441274549668,False,True,False,True,False,False,True,False,False,False,False,False,False,False,False,True,False,False,True,False,False
0.9041591923216105,0,-1.5674235677573458,-1.0274308185554673,1.064487664055538,-0.6560592745909929,0.5941571324168375,1.7765539637271726,0.1765837713204426,-1.575009224470179,-0.14155348022065184,-0.698609353265691,-0.25559206698179404,-0.0673556544345474,-0.42807250939347835,1.2002765418458676,0.2332727608290527,-0.00549046979669098,1.696491234396136,0.3418217332312617,-0.8429336132460213,-1.1768923800548332,0.013835058709392709,-0.5631210944817947,False,True,True,False,True,False,False,False,False,False,False,False,False,False,False,False,False,True,False,True,False
-0.23148351311383164,1,0.408527197186567,0.8180251024457873,1.064487664055538,1.1782012951933094,0.9397294057563366,-2.417886851387243,-1.0029610262683273,-1.575009224470179,-0.962977393417549,0.016213973158383962,-0.6576603301225281,2.126860980117909,2.3360528369758367,-0.6492404930893556,0.2332727608290527,-0.7651922090123016,-0.6147366093826588,0.3418217332312617,-0.2639949101082846,-0.5913608932251309,0.3549321425264198,-1.1469071832564992,False,False,True,False,False,False,False,False,True,False,False,False,False,False,True,False,False,True,False,True,True
2.266930438844141,1,0.8919781371665707,1.802268260313123,-0.8847969712710111,-1.573189559483144,1.5321390171954778,0.37840702535570064,-1.0029610262683273,1.1479561495819623,-0.8786051646225631,-0.5727858595839023,-0.6576603301225281,0.20692142488450962,-0.42807250939347835,1.2002765418458676,-0.9254007325196485,-0.7651922090123016,0.1556726718769394,0.3418217332312617,-0.4569744778208635,-0.5913608932251309,-0.3272620251076344,-1.1469071832564992,False,True,True,False,True,False,False,False,False,False,True,False,False,False,False,False,False,False,True,True,False
-0.004354972026743229,0,-1.1583496954665733,0.9410554971792042,-0.8847969712710111,0.26107101030115826,-1.627378910479942,-1.0197399130157712,0.1765837713204426,-0.6673540997861319,0.0012766499537168981,0.34753514604175617,-0.25559206698179404,0.20692142488450962,-0.42807250939347835,0.27551802437825607,1.3919462541777539,0.2983902258895533,-1.3851458906422571,-2.475869879301206,-0.4569744778208635,-0.5913608932251309,-0.3272620251076344,-0.27122805009444234,False,True,False,True,False,True,False,False,False,False,False,False,False,False,False,True,False,True,False,True,False
0.5634663806909778,0,-1.1533912242872912,-0.1662180554215485,0.08984534639226345,0.26107101030115826,-0.590662090461445,0.37840702535570064,0.1765837713204426,-0.6673540997861319,-0.33440428889490503,1.7529148374551797,0.9506127224404082,1.5783068214797948,2.3360528369758367,0.27551802437825607,0.2332727608290527,0.6022709215757975,0.1556726718769394,0.3418217332312617,-0.2639949101082846,-0.005829406395428478,-0.3272620251076344,0.020664994292909928,False,True,False,True,False,True,False,False,False,False,False,False,False,False,False,True,False,True,False,False,False
0.677030651234522,0,1.4721192651425752,-0.41227884488838246,0.08984534639226345,0.26107101030115826,0.8409944705164797,0.37840702535570064,1.3561285689092124,-1.575009224470179,2.3640003856018716,0.06979766834951359,2.5588857750033447,-0.6159098130726615,-0.42807250939347835,-0.6492404930893556,0.2332727608290527,1.210032312948286,0.1556726718769394,1.7506675394974955,1.2798416315923467,0.872467823849125,1.037126310160474,0.8963441274549668,False,True,True,False,False,False,True,False,False,False,False,False,False,True,False,False,False,True,False,True,False
-0.5721763247444642,0,0.686201583226364,0.07984273404528544,-0.8847969712710111,0.26107101030115826,0.9890968733762651,0.37840702535570064,0.1765837713204426,1.1479561495819623,0.325507072037305,0.8094490420218344,-0.25559206698179404,-1.1644639717107754,-0.42807250939347835,1.2002765418458676,0.2332727608290527,-0.3093711654829352,-0.6147366093826588,0.3418217332312617,-0.2639949101082846,-0.5913608932251309,-0.3272620251076344,0.020664994292909928,False,True,False,True,False,False,True,False,False,False,False,False,False,False,False,True,False,False,False,False,True
-0.23148351311383164,0,-0.1666554596101554,-0.7813700290886334,-1.8594392889342857,1.1782012951933094,0.4460547295570522,-1.0197399130157712,0.1765837713204426,1.1479561495819623,0.7835277426386563,0.3016663807865222,0.14647619615894003,-0.8901868923917186,-0.42807250939347835,0.27551802437825607,-0.9254007325196485,-0.1574308176398131,0.1556726718769394,-1.0670240730349723,-0.4569744778208635,-0.5913608932251309,-0.6683591089246615,-0.8550141388691469,False,True,False,True,False,False,True,False,False,False,False,False,False,False,False,True,False,True,False,False,True
-0.5721763247444642,0,-0.8211736552753912,-0.6583396343552164,0.08984534639226345,-1.573189559483144,-0.19572234950201747,1.7765539637271726,-1.0029610262683273,0.24030102489791522,-0.45945598514461605,0.23658042641823906,2.1568175118626107,-0.8901868923917186,-0.42807250939347835,-0.6492404930893556,0.2332727608290527,-0.9171325568554237,-2.1555551719018555,-1.0670240730349723,-0.8429336132460213,-0.5913608932251309,0.013835058709392709,-0.5631210944817947,False,True,True,False,False,False,True,False,False,False,True,False,False,False,False,False,False,False,False,False,False
-1.1399976774621854,0,0.7283485882502618,-0.41227884488838246,0.08984534639226345,0.26107101030115826,-0.2450898171219459,1.7765539637271726,-1.0029610262683273,1.1479561495819623,-0.8915623283303645,-1.0159033808110711,-1.0597285932632623,0.7554755835226237,-0.42807250939347835,-1.5739990105569672,0.2332727608290527,-0.3093711654829352,0.1556726718769394,0.3418217332312617,0.12196422531687327,0.872467823849125,1.7193204777945283,0.8963441274549668,True,False,True,False,False,False,False,True,False,False,True,False,False,False,False,False,False,True,False,True,False
1.0177234628651546,0,1.2266749417681118,-1.0274308185554673,1.064487664055538,-0.6560592745909929,-1.0843367666607293,0.37840702535570064,0.1765837713204426,0.24030102489791522,-0.03126692401006332,0.023367817280759907,0.5485444592996741,-0.8901868923917186,-0.42807250939347835,0.27551802437825607,-0.9254007325196485,0.2983902258895533,0.1556726718769394,0.3418217332312617,-0.4569744778208635,-0.5913608932251309,-0.6683591089246615,-0.27122805009444234,True,False,True,False,False,False,True,False,False,False,False,False,False,False,False,False,False,False,True,True,False
-0.3450477836573759,0,-1.4508994950442167,0.07984273404528544,1.064487664055538,-0.6560592745909929,-1.1337042342806578,0.37840702535570064,0.1765837713204426,0.24030102489791522,-0.004749937817353513,-0.551885413030294,-0.6576603301225281,-0.3416327337536044,-0.42807250939347835,-0.6492404930893556,-0.9254007325196485,-0.00549046979669098,-0.6147366093826588,-1.0670240730349723,0.70090292845461,-0.005829406395428478,-0.6683591089246615,1.4801302162296714,False,True,False,True,False,True,False,False,False,False,False,False,False,False,False,True,False,False,True,True,False
-0.9128691363750969,0,-0.04765215130738525,-1.0274308185554673,-0.8847969712710111,0.26107101030115826,-1.1830717019005863,-1.0197399130157712,0.1765837713204426,1.1479561495819623,0.4011407485642387,0.6888155921151028,-0.6576603301225281,-0.8901868923917186,-0.42807250939347835,0.27551802437825607,0.2332727608290527,-0.46131151332605735,-0.6147366093826588,0.3418217332312617,0.12196422531687327,0.872467823849125,-0.6683591089246615,0.8963441274549668,True,False,False,True,True,False,False,False,False,False,False,False,False,False,False,True,False,True,False,True,True
-0.7993048658315527,1,-0.13938386812410392,1.802268260313123,0.08984534639226345,0.26107101030115826,-1.0349692990408008,1.7765539637271726,-1.0029610262683273,-1.575009224470179,-1.32939392989863,-0.5193424358461526,-0.6576603301225281,0.48119850420356663,-0.42807250939347835,1.2002765418458676,-0.9254007325196485,-1.37295360038479,0.1556726718769394,0.3418217332312617,-1.0359131809586002,-1.1768923800548332,-0.6683591089246615,-1.1469071832564992,True,False,False,True,False,False,False,False,True,False,False,False,False,False,False,False,True,False,True,True,False
0.3363378396038894,0,1.1126301046446236,1.4331770761128722,1.064487664055538,-1.573189559483144,-1.6767463780998706,-2.417886851387243,0.1765837713204426,0.24030102489791522,0.07028107993247311,-1.4528489580895234,1.3526809855811424,1.0297526628416807,-0.42807250939347835,0.27551802437825607,0.2332727608290527,-0.00549046979669098,-1.3851458906422571,0.3418217332312617,-0.6499540455334424,-0.5913608932251309,-0.3272620251076344,-0.5631210944817947,False,False,False,True,True,False,False,False,False,False,False,False,False,False,False,True,False,True,False,False,False
-1.0264334069186412,0,1.3679913703776514,-0.9044004238220503,1.064487664055538,-0.6560592745909929,-1.2324391695205146,0.37840702535570064,-1.0029610262683273,-0.6673540997861319,-0.9873850738903841,-1.1602427063390093,-0.6576603301225281,-1.1644639717107754,-0.42807250939347835,0.27551802437825607,0.2332727608290527,-0.6132518611691794,0.1556726718769394,-1.0670240730349723,-0.2639949101082846,-0.2985951498102796,-0.3272620251076344,-0.5631210944817947,False,True,True,False,False,False,False,False,True,False,False,False,False,False,True,False,False,True,False,True,False
-0.23148351311383164,0,-0.1666554596101554,1.556207470846289,1.064487664055538,0.26107101030115826,0.9890968733762651,-1.0197399130157712,0.1765837713204426,1.1479561495819623,0.07359570320656184,1.7045211860391072,-0.6576603301225281,-0.0673556544345474,-0.42807250939347835,-0.6492404930893556,-0.9254007325196485,0.9061516172620417,0.1556726718769394,0.3418217332312617,1.6658007670175043,1.7507650540936786,1.3782233939775013,2.063916305004376,True,False,True,False,False,False,False,True,False,False,False,False,False,False,True,False,False,True,False,True,True
-0.9128691363750969,1,1.6679788767242179,0.44893391824553636,-0.8847969712710111,1.1782012951933094,0.8903619381364082,0.37840702535570064,0.1765837713204426,0.24030102489791522,1.3111555019958707,1.263507736612637,0.14647619615894003,-1.1644639717107754,-0.42807250939347835,1.2002765418458676,-0.9254007325196485,-0.6132518611691794,-2.1555551719018555,0.3418217332312617,-0.8429336132460213,-1.1768923800548332,0.013835058709392709,-0.5631210944817947,False,True,False,True,False,True,False,False,False,False,False,False,False,False,False,True,False,False,True,False,True
1.244852003952243,0,0.909332786294058,0.5719643129789533,1.064487664055538,0.26107101030115826,-0.09698741426216059,0.37840702535570064,0.1765837713204426,-0.6673540997861319,-0.010776525588423925,-1.7140344042829354,2.1568175118626107,0.7554755835226237,-0.42807250939347835,0.27551802437825607,0.2332727608290527,0.9061516172620417,0.9260819531365376,1.7506675394974955,0.3149437930294522,0.872467823849125,-0.3272620251076344,0.8963441274549668,False,False,True,False,False,False,False,False,True,False,False,False,False,False,True,False,False,True,False,True,False
2.266930438844141,0,1.5886433378557043,0.2028731287787024,2.0391299817188124,1.1782012951933094,1.1371992762360503,-1.0197399130157712,0.1765837713204426,-1.575009224470179,-0.03699218239258022,0.8393268615917575,0.5485444592996741,0.20692142488450962,-0.42807250939347835,0.27551802437825607,0.2332727608290527,-0.6132518611691794,0.1556726718769394,0.3418217332312617,-1.2288927486711791,-1.1768923800548332,-0.6683591089246615,-1.1469071832564992,False,True,False,True,False,True,False,False,False,False,False,False,False,False,False,True,False,True,False,False,False
0.3363378396038894,0,0.1606036382224625,-0.043187660688131534,-0.8847969712710111,-1.573189559483144,1.0384643409961936,0.37840702535570064,0.1765837713204426,-1.575009224470179,-0.10599661237133642,-0.2846682943415455,-0.6576603301225281,2.6754151387560228,2.3360528369758367,1.2002765418458676,0.2332727608290527,-0.00549046979669098,0.1556726718769394,0.3418217332312617,0.70090292845461,-1.1768923800548332,1.7193204777945283,1.4801302162296714,False,True,True,False,False,False,True,False,False,False,False,False,True,False,False,False,False,True,False,True,False
0.22277356906034518,0,1.4671607939632931,-0.1662180554215485,0.08984534639226345,1.1782012951933094,-0.3931922199817312,-1.0197399130157712,0.1765837713204426,-0.6673540997861319,-1.0154087070258615,0.5289061352619934,-0.6576603301225281,0.20692142488450962,-0.42807250939347835,0.27551802437825607,0.2332727608290527,1.5139130086345303,0.1556726718769394,0.3418217332312617,2.630698605580399,2.04353079750853,-0.6683591089246615,0.8963441274549668,True,False,True,False,False,False,True,False,False,False,False,False,False,False,True,False,False,False,False,False,True
-0.45861205420092005,1,-1.3988355476617547,-0.5353092396217994,-0.8847969712710111,-1.573189559483144,-0.936234363800944,1.7765539637271726,-1.0029610262683273,0.24030102489791522,-0.9253112198483588,0.13656688015835575,0.14647619615894003,-0.3416327337536044,-0.42807250939347835,-1.5739990105569672,-0.9254007325196485,-0.3093711654829352,-0.6147366093826588,0.3418217332312617,-0.4569744778208635,-0.884126636639982,-0.6683591089246615,-0.27122805009444234,True,False,True,False,True,False,False,False,False,False,False,False,False,False,True,False,False,False,True,False,True
0.22277356906034518,0,1.0010645031107768,-0.043187660688131534,-0.8847969712710111,-0.6560592745909929,0.24858485907733846,0.37840702535570064,-1.0029610262683273,1.1479561495819623,-0.22050178002167423,-0.007211359556062764,-0.25559206698179404,1.0297526628416807,-0.42807250939347835,1.2002765418458676,1.3919462541777539,-0.00549046979669098,-2.1555551719018555,1.7506675394974955,-0.2639949101082846,-0.5913608932251309,-0.6683591089246615,-0.27122805009444234,False,True,True,False,True,False,False,False,False,False,False,False,False,False,True,False,False,False,False,True,False
0.677030651234522,0,-0.9500939059367256,0.3259035235121194,1.064487664055538,-0.6560592745909929,0.544789664796909,0.37840702535570064,0.1765837713204426,1.1479561495819623,-0.12528169323876173,-1.605324027913497,0.14647619615894003,-0.8901868923917186,-0.42807250939347835,0.27551802437825607,1.3919462541777539,0.6022709215757975,0.9260819531365376,0.3418217332312617,-1.2288927486711791,-1.1768923800548332,-0.6683591089246615,-1.1469071832564992,False,True,False,True,False,True,False,False,False,False,False,False,False,False,False,True,False,False,False,True,True
-1.0264334069186412,1,1.3258443653537535,1.556207470846289,0.08984534639226345,-1.573189559483144,-0.3931922199817312,-1.0197399130157712,-1.0029610262683273,-0.6673540997861319,-0.7954382533817915,0.730897028129079,-0.6576603301225281,-0.8901868923917186,-0.42807250939347835,-1.5739990105569672,-0.9254007325196485,-1.37295360038479,-0.6147366093826588,0.3418217332312617,-1.0359131809586002,-1.1768923800548332,-0.6683591089246615,-1.1469071832564992,True,False,False,False,False,False,False,False,False,True,False,False,False,False,False,False,False,True,False,False,False
-0.11791924257028744,0,-0.2980549458611308,1.0640858919126213,1.064487664055538,-0.6560592745909929,0.24858485907733846,0.37840702535570064,0.1765837713204426,-1.575009224470179,0.01754843693560701,0.22872522502896353,-1.0597285932632623,0.20692142488450962,-0.42807250939347835,1.2002765418458676,0.2332727608290527,-0.6132518611691794,-0.6147366093826588,-2.475869879301206,-0.2639949101082846,-0.2985951498102796,-0.6683591089246615,0.020664994292909928,False,True,False,True,False,False,True,False,False,False,False,False,False,False,False,True,False,True,False,True,False
-0.9128691363750969,0,0.7457032373777491,0.8180251024457873,0.08984534639226345,0.26107101030115826,-0.8374994285610872,0.37840702535570064,-1.0029610262683273,0.24030102489791522,-1.0120940837517727,-1.7144552186430753,-0.6576603301225281,-0.3416327337536044,-0.42807250939347835,0.27551802437825607,-0.9254007325196485,-0.7651922090123016,0.1556726718769394,-1.0670240730349723,-0.2639949101082846,-0.2985951498102796,-0.3272620251076344,0.020664994292909928,False,False,True,False,False,False,True,False,False,False,False,False,False,False,True,False,False,False,True,True,False
-0.5721763247444642,0,0.4308403174933364,-0.7813700290886334,-0.8847969712710111,0.26107101030115826,-0.8868668961810157,0.37840702535570064,-1.0029610262683273,-1.575009224470179,-0.7345697168939803,-1.451726786462484,-0.6576603301225281,-0.6159098130726615,-0.42807250939347835,1.2002765418458676,0.2332727608290527,-0.9171325568554237,0.1556726718769394,1.7506675394974955,-0.4569744778208635,-0.5913608932251309,0.013835058709392709,-0.27122805009444234,False,False,True,False,False,False,True,False,False,False,False,False,False,False,True,False,False,False,False,True,True
-0.004354972026743229,0,1.3605536636087283,-0.043187660688131534,1.064487664055538,-1.573189559483144,0.0017475209776962777,1.7765539637271726,-1.0029610262683273,-0.6673540997861319,-0.811408710975128,-0.7162835563915609,-0.6576603301225281,1.8525839007988518,2.3360528369758367,-0.6492404930893556,-0.9254007325196485,-0.7651922090123016,0.1556726718769394,0.3418217332312617,-0.2639949101082846,-0.005829406395428478,-0.6683591089246615,-0.5631210944817947,False,False,True,False,True,False,False,False,False,False,True,False,False,False,False,False,False,True,False,True,False
-0.23148351311383164,0,0.33415012949733564,-1.0274308185554673,0.08984534639226345,-1.573189559483144,-1.6767463780998706,0.37840702535570064,1.3561285689092124,1.1479561495819623,1.3214007012066904,-1.0624735033332047,-0.6576603301225281,1.5783068214797948,2.3360528369758367,-1.5739990105569672,-0.9254007325196485,0.6022709215757975,0.1556726718769394,-1.0670240730349723,1.4728211993049256,1.1652335672639762,0.013835058709392709,-0.8550141388691469,False,True,False,True,False,True,False,False,False,False,False,False,False,False,False,True,False,False,True,True,False
-0.23148351311383164,0,1.082879277568931,0.44893391824553636,1.064487664055538,1.1782012951933094,-1.3311741047603716,0.37840702535570064,1.3561285689092124,0.24030102489791522,0.9417256716292546,1.202068840032232,-0.6576603301225281,0.7554755835226237,-0.42807250939347835,0.27551802437825607,0.2332727608290527,-0.1574308176398131,-0.6147366093826588,-1.0670240730349723,0.3149437930294522,0.872467823849125,-0.3272620251076344,-0.8550141388691469,False,True,False,True,False,False,True,False,False,False,False,False,False,False,False,True,False,False,False,True,False
-1.1399976774621854,0,-1.5996536304226794,-1.0274308185554673,0.08984534639226345,0.26107101030115826,1.433404081955621,0.37840702535570064,-1.0029610262683273,-1.575009224470179,-0.7942329358275774,0.7941594536034231,-1.0597285932632623,-0.6159098130726615,-0.42807250939347835,1.2002765418458676,-0.9254007325196485,-0.3093711654829352,2.466900515655734,-1.0670240730349723,0.12196422531687327,0.872467823849125,1.7193204777945283,0.6044510830676145,False,True,True,False,False,False,True,False,False,False,True,False,False,False,False,False,False,False,True,True,False
-0.7993048658315527,0,-1.6517175778051412,-1.0274308185554673,0.08984534639226345,-1.573189559483144,1.1371992762360503,0.37840702535570064,0.1765837713204426,-1.575009224470179,-0.039101488112454855,-1.1389214454252614,-1.0597285932632623,-0.8901868923917186,-0.42807250939347835,-1.5739990105569672,0.2332727608290527,-0.6132518611691794,1.696491234396136,-1.0670240730349723,-0.2639949101082846,-0.2985951498102796,-0.6683591089246615,-0.5631210944817947,False,True,True,False,True,False,False,False,False,False,False,False,False,False,False,False,False,True,False,True,False
-0.45861205420092005,0,0.8523103677323141,0.6949947077123703,1.064487664055538,0.26107101030115826,-1.5780114428600138,0.37840702535570064,0.1765837713204426,1.1479561495819623,0.35081874067580077,0.30825913909537844,0.9506127224404082,0.7554755835226237,-0.42807250939347835,-0.6492404930893556,0.2332727608290527,-0.1574308176398131,2.466900515655734,0.3418217332312617,-0.2639949101082846,-0.884126636639982,-0.3272620251076344,-0.5631210944817947,False,False,True,False,False,False,True,False,False,False,False,False,False,False,False,False,False,False,False,False,False
-0.5721763247444642,0,0.800246420349852,-1.0274308185554673,0.08984534639226345,1.1782012951933094,-0.8868668961810157,-2.417886851387243,0.1765837713204426,-1.575009224470179,-0.15059336187725747,-1.2026046852597454,-0.6576603301225281,1.5783068214797948,2.3360528369758367,-0.6492404930893556,-0.9254007325196485,-0.00549046979669098,2.466900515655734,0.3418217332312617,0.70090292845461,1.1652335672639762,2.060417561611555,0.8963441274549668,True,False,True,False,True,False,False,False,False,False,False,False,False,False,True,False,False,True,False,True,False
-0.9128691363750969,1,1.4919531498597036,0.9410554971792042,0.08984534639226345,0.26107101030115826,-1.6767463780998706,-1.0197399130157712,-1.0029610262683273,1.1479561495819623,-0.9448976301043377,0.6220463803062606,0.9506127224404082,-0.8901868923917186,-0.42807250939347835,-1.5739990105569672,0.2332727608290527,-0.6132518611691794,-0.6147366093826588,-1.0670240730349723,-0.4569744778208635,-0.884126636639982,-0.6683591089246615,-0.27122805009444234,False,True,True,False,False,False,False,False,True,False,True,False,False,False,False,False,False,False,False,True,False
0.22277356906034518,0,1.4919531498597036,-1.0274308185554673,0.08984534639226345,-1.573189559483144,-0.34382475236180277,-1.0197399130157712,-1.0029610262683273,-1.575009224470179,-0.7969449003245591,-0.40277685808743857,0.5485444592996741,-0.3416327337536044,-0.42807250939347835,-1.5739990105569672,-0.9254007325196485,1.5139130086345303,0.1556726718769394,-1.0670240730349723,-1.0359131809586002,-1.1768923800548332,-0.6683591089246615,-1.1469071832564992,False,True,False,True,True,False,False,False,False,False,False,False,False,False,False,False,True,False,True,True,False
-0.11791924257028744,0,1.0456907437243155,-0.2892484501549655,1.064487664055538,0.26107101030115826,-0.5412946228415165,0.37840702535570064,0.1765837713204426,1.1479561495819623,-0.09002615477799983,-0.10638327709566656,-0.6576603301225281,-1.1644639717107754,-0.42807250939347835,1.2002765418458676,-0.9254007325196485,-0.00549046979669098,-0.6147366093826588,0.3418217332312617,0.70090292845461,1.1652335672639762,-0.6683591089246615,1.4801302162296714,False,True,False,True,True,False,False,False,False,False,False,False,False,False,False,True,False,True,False,False,True
-1.0264334069186412,0,0.3762971345212334,-0.043187660688131534,0.08984534639226345,1.1782012951933094,-1.0843367666607293,0.37840702535570064,0.1765837713204426,1.1479561495819623,-0.4211871527983189,-1.2968671019310518,-0.6576603301225281,-0.3416327337536044,-0.42807250939347835,-1.5739990105569672,-0.9254007325196485,-0.46131151332605735,1.696491234396136,0.3418217332312617,0.12196422531687327,0.872467823849125,-0.6683591089246615,0.8963441274549668,False,True,False,True,False,True,False,False,False,False,False,False,False,False,False,True,False,False,True,True,False
-0.45861205420092005,0,1.4150968465808311,-0.5353092396217994,1.064487664055538,1.1782012951933094,-0.4919271552215881,-1.0197399130157712,0.1765837713204426,1.1479561495819623,1.2584228589990047,-0.5900392483496325,2.1568175118626107,2.401138059436966,2.3360528369758367,-0.6492404930893556,-0.9254007325196485,-0.3093711654829352,-1.3851458906422571,0.3418217332312617,-1.0359131809586002,-1.1768923800548332,-0.6683591089246615,-1.1469071832564992,False,True,True,False,True,False,False,False,False,False,False,False,True,False,False,False,False,False,True,True,False
-0.5721763247444642,1,-0.11954998340697555,2.048329049779957,1.064487664055538,-1.573189559483144,-0.14635488188208903,0.37840702535570064,0.1765837713204426,1.1479561495819623,0.03442288269460416,0.944109637266558,-0.6576603301225281,-1.1644639717107754,-0.42807250939347835,0.27551802437825607,-0.9254007325196485,-0.00549046979669098,0.9260819531365376,0.3418217332312617,0.70090292845461,0.872467823849125,-0.6683591089246615,1.188237171842319,True,False,False,True,False,True,False,False,False,False,False,False,False,False,False,True,False,True,False,True,True
1.9262376272135084,1,0.906853550704417,1.802268260313123,1.064487664055538,-1.573189559483144,0.0017475209776962777,0.37840702535570064,1.3561285689092124,-1.575009224470179,1.490145158796662,-1.1925051406163911,1.3526809855811424,-0.6159098130726615,-0.42807250939347835,-0.6492404930893556,-0.9254007325196485,0.7542112694189196,-0.6147366093826588,-1.0670240730349723,-0.8429336132460213,-0.5913608932251309,0.013835058709392709,-0.5631210944817947,False,True,False,True,True,False,False,False,False,False,False,False,False,False,False,True,False,False,True,True,True
2.0398018977570525,0,-1.6046121016019614,-0.043187660688131534,-0.8847969712710111,-1.573189559483144,0.051114988597624714,0.37840702535570064,0.1765837713204426,0.24030102489791522,-0.7851930541709717,1.140349400545067,0.14647619615894003,-1.1644639717107754,-0.42807250939347835,0.27551802437825607,1.3919462541777539,-0.1574308176398131,2.466900515655734,-1.0670240730349723,-0.4569744778208635,-0.2985951498102796,0.013835058709392709,-0.27122805009444234,False,True,True,False,True,False,False,False,False,False,False,False,False,False,True,False,False,True,False,False,False
-0.3450477836573759,0,1.2415503553059581,-0.2892484501549655,-0.8847969712710111,1.1782012951933094,-1.4792765076201568,0.37840702535570064,0.1765837713204426,0.24030102489791522,0.14018949807688988,0.5238563629403162,-0.6576603301225281,1.3040297421607379,2.3360528369758367,0.27551802437825607,2.550619747526455,-0.1574308176398131,-0.6147366093826588,0.3418217332312617,0.5079233607420311,0.872467823849125,0.013835058709392709,1.188237171842319,True,False,True,False,True,False,False,False,False,False,False,False,False,False,False,False,False,False,False,True,False
0.7905949217780662,0,-0.5658123895423636,0.2028731287787024,0.08984534639226345,-1.573189559483144,-1.7754813133397276,0.37840702535570064,1.3561285689092124,0.24030102489791522,0.6048394152264186,0.35468899016413213,-0.6576603301225281,0.48119850420356663,-0.42807250939347835,-0.6492404930893556,0.2332727608290527,-0.00549046979669098,-1.3851458906422571,0.3418217332312617,0.70090292845461,1.4579993106788274,-0.6683591089246615,1.4801302162296714,False,True,True,False,True,False,False,False,False,False,False,False,False,False,False,False,False,True,False,True,False
0.22277356906034518,0,1.5911225734453454,-1.0274308185554673,1.064487664055538,1.1782012951933094,1.0878318086161218,0.37840702535570064,-1.0029610262683273,-0.6673540997861319,-0.7568680916469408,-1.2793331702585617,-1.0597285932632623,-1.1644639717107754,-0.42807250939347835,-0.6492404930893556,0.2332727608290527,-0.46131151332605735,-0.6147366093826588,0.3418217332312617,-0.07101534239570564,-0.5913608932251309,-0.3272620251076344,-0.5631210944817947,True,False,False,False,False,False,False,True,False,True,False,False,False,False,False,False,False,True,False,True,True
-0.5721763247444642,0,1.1746109943856498,-0.9044004238220503,-1.8594392889342857,1.1782012951933094,-0.34382475236180277,-2.417886851387243,-1.0029610262683273,1.1479561495819623,-1.317943413133596,0.44768896375501943,-0.6576603301225281,-1.1644639717107754,-0.42807250939347835,0.27551802437825607,2.550619747526455,-1.37295360038479,0.9260819531365376,0.3418217332312617,-1.0359131809586002,-1.1768923800548332,-0.6683591089246615,-1.1469071832564992,False,True,True,False,False,False,True,False,False,False,True,False,False,False,False,False,False,False,False,False,True
0.3363378396038894,0,-1.693864582829039,0.6949947077123703,1.064487664055538,-0.6560592745909929,0.544789664796909,0.37840702535570064,2.535673366497982,-1.575009224470179,2.361891079881997,1.5084216942139783,-1.0597285932632623,-0.8901868923917186,-0.42807250939347835,-1.5739990105569672,-0.9254007325196485,1.6658533564776523,0.1556726718769394,0.3418217332312617,2.630698605580399,1.1652335672639762,3.083708813062637,1.7720232606170236,False,True,False,True,False,True,False,False,False,False,False,False,False,False,False,True,False,False,True,True,False
0.677030651234522,0,-1.1583496954665733,1.679237865579706,-0.8847969712710111,1.1782012951933094,-1.4299090400002283,-1.0197399130157712,0.1765837713204426,0.24030102489791522,-0.3527853815966698,0.06544925329473605,-0.6576603301225281,-0.8901868923917186,-0.42807250939347835,1.2002765418458676,-0.9254007325196485,1.5139130086345303,-0.6147366093826588,0.3418217332312617,2.630698605580399,1.4579993106788274,0.3549321425264198,0.8963441274549668,False,False,True,False,True,False,False,False,False,False,False,False,False,False,True,False,False,False,True,True,False
-0.5721763247444642,0,-0.2608664120165151,0.07984273404528544,0.08984534639226345,0.26107101030115826,-1.281806637140443,0.37840702535570064,1.3561285689092124,0.24030102489791522,1.6658201923233644,1.755860537976158,0.5485444592996741,1.3040297421607379,2.3360528369758367,0.27551802437825607,0.2332727608290527,0.4503305737326754,-0.6147366093826588,1.7506675394974955,0.893882496167189,0.872467823849125,0.696029226343447,1.188237171842319,False,False,True,False,False,False,True,False,False,False,False,False,False,True,False,False,False,True,False,False,False
2.0398018977570525,0,-1.5996536304226794,0.07984273404528544,0.08984534639226345,0.26107101030115826,0.544789664796909,0.37840702535570064,0.1765837713204426,-1.575009224470179,-0.32024180763288956,1.5224488395519704,1.3526809855811424,1.0297526628416807,-0.42807250939347835,1.2002765418458676,-0.9254007325196485,-0.1574308176398131,0.1556726718769394,0.3418217332312617,-0.2639949101082846,-0.5913608932251309,-0.3272620251076344,0.020664994292909928,False,True,True,False,False,False,True,False,False,False,False,False,True,False,False,False,False,False,True,False,True
-1.3671262185492736,0,-0.07740297838307779,-1.0274308185554673,-0.8847969712710111,-0.6560592745909929,-1.0349692990408008,-1.0197399130157712,0.1765837713204426,0.24030102489791522,-0.2669065058589164,-0.03147832099078901,-0.6576603301225281,-0.8901868923917186,-0.42807250939347835,-0.6492404930893556,-0.9254007325196485,-0.9171325568554237,-0.6147366093826588,-1.0670240730349723,-0.4569744778208635,-0.2985951498102796,-0.3272620251076344,-0.5631210944817947,False,True,True,False,True,False,False,False,False,False,False,False,False,False,False,False,False,False,True,True,False
-1.4806904890928179,0,-0.5732500963112868,0.3259035235121194,-0.8847969712710111,1.1782012951933094,0.5941571324168375,0.37840702535570064,-1.0029610262683273,1.1479561495819623,-0.860525401309352,-0.0943199321049934,-0.6576603301225281,-0.6159098130726615,-0.42807250939347835,0.27551802437825607,-0.9254007325196485,-0.7651922090123016,2.466900515655734,1.7506675394974955,-0.2639949101082846,-0.5913608932251309,-0.3272620251076344,0.020664994292909928,False,True,True,False,False,False,False,True,False,False,True,False,False,False,False,False,False,False,True,True,False
0.4499021101474336,0,-0.27326258996472036,0.2028731287787024,0.08984534639226345,1.1782012951933094,0.34731979431719534,0.37840702535570064,0.1765837713204426,0.24030102489791522,0.2471614310133897,1.754037009082219,-0.6576603301225281,-1.1644639717107754,-0.42807250939347835,-1.5739990105569672,0.2332727608290527,-0.00549046979669098,-0.6147366093826588,1.7506675394974955,0.70090292845461,1.4579993106788274,2.4015146454285827,0.020664994292909928,True,False,True,False,False,False,False,False,True,False,True,False,False,False,False,False,False,True,False,False,False
0.4499021101474336,0,-0.8881130161956995,-0.9044004238220503,-0.8847969712710111,-0.6560592745909929,1.2853016790958356,0.37840702535570064,0.1765837713204426,-0.6673540997861319,0.052502646007815394,-1.414835394223565,0.14647619615894003,-0.3416327337536044,-0.42807250939347835,0.27551802437825607,0.2332727608290527,0.7542112694189196,0.9260819531365376,0.3418217332312617,0.893882496167189,1.1652335672639762,1.037126310160474,1.7720232606170236,False,True,False,True,False,True,False,False,False,False,False,False,False,False,False,True,False,True,False,False,False
-1.2535619480057296,0,-1.2228098207972404,-0.9044004238220503,0.08984534639226345,0.26107101030115826,0.7916270028965513,0.37840702535570064,-1.0029610262683273,-0.6673540997861319,-0.9991369200439714,0.744924173467071,0.5485444592996741,-0.3416327337536044,-0.42807250939347835,0.27551802437825607,-0.9254007325196485,-0.6132518611691794,0.1556726718769394,0.3418217332312617,-0.8429336132460213,-1.1768923800548332,-0.3272620251076344,-0.5631210944817947,False,True,False,False,False,False,False,False,False,True,False,False,False,False,False,False,False,True,False,False,False
-0.6857405952880085,0,0.2696900041666685,-1.0274308185554673,-0.8847969712710111,1.1782012951933094,0.49542219717698066,0.37840702535570064,-1.0029610262683273,-0.6673540997861319,-0.5287617445119258,-1.4402245272853307,-0.6576603301225281,-0.6159098130726615,-0.42807250939347835,0.27551802437825607,-0.9254007325196485,0.2983902258895533,2.466900515655734,-1.0670240730349723,1.086862063879768,1.1652335672639762,-0.3272620251076344,0.8963441274549668,False,True,True,False,False,False,True,False,False,False,True,False,False,False,False,False,False,True,False,True,False
-1.2535619480057296,0,0.4333195530829774,-0.9044004238220503,-1.8594392889342857,1.1782012951933094,-0.44255968760165965,0.37840702535570064,-1.0029610262683273,0.24030102489791522,-0.4597573145331696,-0.9884101759486067,1.3526809855811424,1.0297526628416807,-0.42807250939347835,0.27551802437825607,0.2332727608290527,-0.46131151332605735,-0.6147366093826588,-1.0670240730349723,-0.8429336132460213,-0.5913608932251309,-0.6683591089246615,-0.5631210944817947,False,True,True,False,False,False,False,True,False,False,True,False,False,False,False,False,False,False,False,True,True
1.244852003952243,0,0.9366043777801095,1.92529865504654,0.08984534639226345,-1.573189559483144,0.8903619381364082,0.37840702535570064,1.3561285689092124,0.24030102489791522,0.9432323185720222,-0.17679954669238665,-0.25559206698179404,2.126860980117909,2.3360528369758367,-0.6492404930893556,-0.9254007325196485,2.2736147478501407,0.1556726718769394,0.3418217332312617,2.051759902442662,2.921828027753083,3.424805896879664,2.063916305004376,False,True,True,False,False,False,True,False,False,False,False,False,False,False,False,False,False,False,True,True,False
-0.3450477836573759,0,1.2663427112023684,-1.0274308185554673,-0.8847969712710111,-0.6560592745909929,-0.34382475236180277,-1.0197399130157712,-1.0029610262683273,0.24030102489791522,-1.0530748805950516,0.8548969929169287,-0.6576603301225281,-0.8901868923917186,-0.42807250939347835,0.27551802437825607,2.550619747526455,-1.37295360038479,-0.6147366093826588,-1.0670240730349723,-1.0359131809586002,-0.884126636639982,-0.6683591089246615,-1.1469071832564992,False,False,True,False,False,False,True,False,False,False,True,False,False,False,False,False,False,False,False,True,False
0.22277356906034518,0,1.2861765959194968,-1.0274308185554673,1.064487664055538,1.1782012951933094,0.9890968733762651,0.37840702535570064,0.1765837713204426,-0.6673540997861319,-0.32024180763288956,-0.9409984247061935,-1.0597285932632623,-0.0673556544345474,-0.42807250939347835,-1.5739990105569672,1.3919462541777539,0.9061516172620417,0.1556726718769394,0.3418217332312617,1.6658007670175043,2.629062284338232,1.037126310160474,1.188237171842319,False,True,False,True,True,False,False,False,False,False,False,False,False,False,False,True,False,True,False,True,False
-0.5721763247444642,0,0.8721442524494424,-0.9044004238220503,-0.8847969712710111,-1.573189559483144,-0.590662090461445,0.37840702535570064,-1.0029610262683273,0.24030102489791522,-0.7339670581168732,-1.1153558412574347,-1.0597285932632623,1.0297526628416807,-0.42807250939347835,0.27551802437825607,0.2332727608290527,-1.0690729046985459,-1.3851458906422571,0.3418217332312617,-0.8429336132460213,-0.5913608932251309,-0.3272620251076344,-0.5631210944817947,False,True,False,True,True,False,False,False,False,False,False,False,False,False,False,False,True,True,False,True,False
0.22277356906034518,0,-0.7294419384586726,-0.41227884488838246,1.064487664055538,-1.573189559483144,0.2979523266972669,-1.0197399130157712,0.1765837713204426,0.24030102489791522,-0.054770616317237925,-0.008473802636482048,-0.25559206698179404,-1.1644639717107754,-0.42807250939347835,1.2002765418458676,0.2332727608290527,-0.00549046979669098,-1.3851458906422571,0.3418217332312617,0.3149437930294522,-0.2985951498102796,1.7193204777945283,0.8963441274549668,True,False,True,False,True,False,False,False,False,False,False,False,True,False,False,False,False,True,False,True,False
0.677030651234522,0,-0.6079593945662614,1.0640858919126213,1.064487664055538,1.1782012951933094,-1.5286439752400853,0.37840702535570064,0.1765837713204426,-1.575009224470179,-0.027952300735974597,-0.442613950847336,1.3526809855811424,0.48119850420356663,-0.42807250939347835,0.27551802437825607,0.2332727608290527,-0.1574308176398131,0.1556726718769394,-1.0670240730349723,-0.4569744778208635,-0.2985951498102796,-0.3272620251076344,-0.5631210944817947,False,True,True,False,True,False,False,False,False,False,False,False,False,False,True,False,False,False,False,True,True
0.5634663806909778,0,-0.3972243694467726,-1.0274308185554673,0.08984534639226345,1.1782012951933094,0.49542219717698066,0.37840702535570064,-1.0029610262683273,1.1479561495819623,-0.8198459338546267,0.9913811170555913,0.14647619615894003,1.8525839007988518,2.3360528369758367,-1.5739990105569672,0.2332727608290527,0.2983902258895533,0.1556726718769394,0.3418217332312617,-0.2639949101082846,-0.2985951498102796,-0.3272620251076344,-1.1469071832564992,False,True,True,False,True,False,False,False,False,False,False,False,False,False,True,False,False,True,False,True,False
1.244852003952243,0,0.8919781371665707,-1.0274308185554673,-1.8594392889342857,0.26107101030115826,1.5815064848154063,0.37840702535570064,1.3561285689092124,-0.6673540997861319,1.9448512061239245,0.4049061704741437,-1.0597285932632623,0.7554755835226237,-0.42807250939347835,-1.5739990105569672,1.3919462541777539,0.6022709215757975,0.1556726718769394,-2.475869879301206,1.2798416315923467,1.1652335672639762,1.037126310160474,2.3558093493917283,False,False,True,False,False,False,True,False,False,False,False,False,False,True,False,False,False,True,False,False,False
-0.11791924257028744,0,1.7051674105688335,0.2028731287787024,1.064487664055538,1.1782012951933094,-1.1337042342806578,0.37840702535570064,-1.0029610262683273,0.24030102489791522,-0.8566081192581562,0.8258608020672851,1.7547492487218765,-1.1644639717107754,-0.42807250939347835,0.27551802437825607,0.2332727608290527,-0.7651922090123016,0.1556726718769394,0.3418217332312617,-0.8429336132460213,-0.5913608932251309,0.013835058709392709,-0.5631210944817947,False,True,True,False,False,False,True,False,False,False,True,False,False,False,False,False,False,True,False,True,True
-1.594254759636362,0,-0.5484577404148763,-1.0274308185554673,-0.8847969712710111,1.1782012951933094,-0.14635488188208903,0.37840702535570064,-1.0029610262683273,0.24030102489791522,-0.641157606442389,0.46003285165245245,-1.0597285932632623,-0.8901868923917186,-0.42807250939347835,1.2002765418458676,-0.9254007325196485,-0.9171325568554237,-0.6147366093826588,1.7506675394974955,-0.6499540455334424,-0.5913608932251309,-0.3272620251076344,-0.5631210944817947,False,True,True,False,True,False,False,False,False,False,False,False,False,False,True,False,False,False,True,True,False
-0.11791924257028744,0,1.4696400295529342,-0.043187660688131534,1.064487664055538,-0.6560592745909929,-0.8868668961810157,0.37840702535570064,0.1765837713204426,0.24030102489791522,-0.12196706996467302,0.6106843925824871,-0.6576603301225281,1.0297526628416807,-0.42807250939347835,-0.6492404930893556,-0.9254007325196485,-0.00549046979669098,1.696491234396136,0.3418217332312617,0.70090292845461,0.872467823849125,-0.6683591089246615,1.188237171842319,False,True,True,False,False,False,True,False,False,False,False,False,False,False,True,False,False,False,True,True,False
-0.3450477836573759,0,-0.7467965875861599,0.6949947077123703,-0.8847969712710111,-0.6560592745909929,1.433404081955621,0.37840702535570064,0.1765837713204426,1.1479561495819623,-0.18825953544644755,1.025186537320152,-1.0597285932632623,-0.6159098130726615,-0.42807250939347835,-1.5739990105569672,0.2332727608290527,-0.00549046979669098,2.466900515655734,0.3418217332312617,0.5079233607420311,0.872467823849125,2.060417561611555,-0.8550141388691469,False,True,True,False,False,False,True,False,False,False,False,False,False,False,False,False,False,True,False,False,True
-0.45861205420092005,0,-1.3269377155621644,2.417420233980208,1.064487664055538,0.26107101030115826,-0.8374994285610872,-1.0197399130157712,-1.0029610262683273,-0.6673540997861319,-0.803272817484183,0.22087002363968797,-0.6576603301225281,-0.6159098130726615,-0.42807250939347835,0.27551802437825607,-0.9254007325196485,-0.6132518611691794,0.1556726718769394,0.3418217332312617,-0.07101534239570564,-0.5913608932251309,0.696029226343447,-0.8550141388691469,False,True,True,False,True,False,False,False,False,False,True,False,False,False,False,False,False,False,True,False,False
0.4499021101474336,0,-0.6426686928212361,-1.0274308185554673,1.064487664055538,-1.573189559483144,0.8409944705164797,0.37840702535570064,-1.0029610262683273,1.1479561495819623,-0.9331457839507504,-1.4426091419927893,2.1568175118626107,1.0297526628416807,-0.42807250939347835,0.27551802437825607,1.3919462541777539,-0.3093711654829352,0.1556726718769394,-1.0670240730349723,-1.0359131809586002,-1.1768923800548332,-0.6683591089246615,-1.1469071832564992,False,True,True,False,True,False,False,False,False,False,True,False,False,False,False,False,False,True,False,True,False
-0.45861205420092005,0,-1.4087524900203188,-1.0274308185554673,1.064487664055538,-0.6560592745909929,0.10048245621755315,-1.0197399130157712,-1.0029610262683273,-0.6673540997861319,-0.9744279101825827,0.5161414330044206,-1.0597285932632623,-0.3416327337536044,-0.42807250939347835,-0.6492404930893556,0.2332727608290527,-1.0690729046985459,-0.6147366093826588,0.3418217332312617,-0.8429336132460213,-0.5913608932251309,0.013835058709392709,-0.5631210944817947,False,True,False,True,False,False,True,False,False,False,False,False,False,False,False,False,True,True,False,True,False
0.3363378396038894,0,-1.7013022895979621,1.802268260313123,-1.8594392889342857,-1.573189559483144,-0.6893970257013019,0.37840702535570064,0.1765837713204426,1.1479561495819623,-0.42028316463265836,-1.263061681666491,1.7547492487218765,-0.6159098130726615,-0.42807250939347835,-1.5739990105569672,-0.9254007325196485,1.210032312948286,-0.6147366093826588,0.3418217332312617,0.12196422531687327,0.872467823849125,-0.3272620251076344,0.8963441274549668,False,True,True,False,True,False,False,False,False,False,False,False,False,False,True,False,False,False,True,True,False
0.22277356906034518,0,-1.4905672644784733,0.07984273404528544,0.08984534639226345,-0.6560592745909929,1.6308739524353348,-2.417886851387243,1.3561285689092124,0.24030102489791522,2.321211612427272,-1.538554816104655,0.14647619615894003,-0.8901868923917186,-0.42807250939347835,-1.5739990105569672,0.2332727608290527,1.5139130086345303,0.1556726718769394,0.3418217332312617,2.244739470155241,3.5073595145827854,-0.3272620251076344,2.063916305004376,False,True,True,False,False,False,True,False,False,False,False,False,False,True,False,False,False,True,False,False,False
-0.45861205420092005,0,-0.003025910693846445,-1.0274308185554673,1.064487664055538,0.26107101030115826,-0.8868668961810157,0.37840702535570064,1.3561285689092124,1.1479561495819623,1.4823105946942705,1.358892324910983,-0.6576603301225281,1.0297526628416807,-0.42807250939347835,0.27551802437825607,1.3919462541777539,0.6022709215757975,0.1556726718769394,0.3418217332312617,1.4728211993049256,1.7507650540936786,1.037126310160474,0.8963441274549668,False,True,False,True,False,True,False,False,False,False,False,False,False,False,False,True,False,True,False,False,False
0.10920929851680099,0,-1.589736688064115,0.07984273404528544,0.08984534639226345,0.26107101030115826,-1.1830717019005863,1.7765539637271726,1.3561285689092124,1.1479561495819623,2.4833268234690657,0.15802841252548358,-0.6576603301225281,2.6754151387560228,2.3360528369758367,-1.5739990105569672,0.2332727608290527,0.9061516172620417,-0.6147366093826588,0.3418217332312617,1.8587803347300833,2.04353079750853,1.3782233939775013,1.188237171842319,False,True,True,False,True,False,False,False,False,False,False,False,False,True,False,False,False,True,False,False,True
-1.2535619480057296,0,1.4374099668876006,-0.1662180554215485,-0.8847969712710111,-1.573189559483144,0.9397294057563366,0.37840702535570064,0.1765837713204426,0.24030102489791522,-0.17952098317839543,-0.09263667466443436,-1.0597285932632623,1.8525839007988518,2.3360528369758367,-0.6492404930893556,0.2332727608290527,-0.6132518611691794,0.1556726718769394,-1.0670240730349723,-0.2639949101082846,-0.2985951498102796,-0.6683591089246615,0.020664994292909928,False,True,False,True,False,False,False,True,False,False,False,False,False,False,False,True,False,False,False,False,True
1.8126733566699642,0,-0.5385407980563122,2.417420233980208,1.064487664055538,-1.573189559483144,-1.281806637140443,0.37840702535570064,-1.0029610262683273,1.1479561495819623,-0.6089153618671622,0.7635802767666005,-0.25559206698179404,-0.0673556544345474,-0.42807250939347835,-0.6492404930893556,1.3919462541777539,0.9061516172620417,0.1556726718769394,-1.0670240730349723,0.5079233607420311,1.1652335672639762,-0.6683591089246615,-1.1469071832564992,False,False,False,True,True,False,False,False,False,False,False,False,False,False,False,False,True,False,False,True,False
0.9041591923216105,0,0.5820736884614401,-1.0274308185554673,0.08984534639226345,-0.6560592745909929,-1.1830717019005863,0.37840702535570064,-1.0029610262683273,1.1479561495819623,-0.9241059022941448,-0.12938779544997353,1.3526809855811424,-0.8901868923917186,-0.42807250939347835,0.27551802437825607,-0.9254007325196485,-0.6132518611691794,-0.6147366093826588,0.3418217332312617,-0.4569744778208635,-0.2985951498102796,-0.3272620251076344,-0.5631210944817947,False,True,True,False,False,False,True,False,False,False,False,False,False,False,True,False,False,False,True,True,True
-1.7078190301799063,0,-0.7467965875861599,-0.5353092396217994,-1.8594392889342857,0.26107101030115826,-0.3931922199817312,0.37840702535570064,-1.0029610262683273,-1.575009224470179,-0.9409803480531419,1.561865117951728,-0.6576603301225281,-1.1644639717107754,-0.42807250939347835,1.2002765418458676,-0.9254007325196485,-1.221013252541668,2.466900515655734,0.3418217332312617,-0.8429336132460213,-0.5913608932251309,-0.3272620251076344,-0.5631210944817947,False,True,False,True,False,False,True,False,False,False,False,False,False,False,False,False,True,False,True,True,True
-1.4806904890928179,1,-0.40714131180533675,-0.043187660688131534,0.08984534639226345,1.1782012951933094,-1.627378910479942,0.37840702535570064,-1.0029610262683273,-1.575009224470179,-1.118764687299719,1.7690460545938707,-0.6576603301225281,1.0297526628416807,-0.42807250939347835,-1.5739990105569672,0.2332727608290527,-1.37295360038479,0.1556726718769394,-1.0670240730349723,-1.0359131809586002,-1.1768923800548332,-0.3272620251076344,-1.1469071832564992,True,False,False,True,False,True,False,False,False,False,False,False,False,False,False,False,True,True,False,True,False
-0.004354972026743229,0,-0.6079593945662614,-0.7813700290886334,0.08984534639226345,-1.573189559483144,1.3840366143356926,-1.0197399130157712,1.3561285689092124,1.1479561495819623,0.6452175532925903,-0.23136514205717573,-1.0597285932632623,1.0297526628416807,-0.42807250939347835,0.27551802437825607,1.3919462541777539,-0.00549046979669098,-0.6147366093826588,0.3418217332312617,0.5079233607420311,0.872467823849125,0.3549321425264198,0.020664994292909928,False,True,False,True,False,False,True,False,False,False,False,False,False,False,False,True,False,True,False,False,False
-0.004354972026743229,0,-0.2831795323232845,-0.6583396343552164,-0.8847969712710111,1.1782012951933094,1.5321390171954778,0.37840702535570064,0.1765837713204426,-0.6673540997861319,-0.11202320014240684,-0.7227360432470372,1.7547492487218765,-0.6159098130726615,-0.42807250939347835,-0.6492404930893556,2.550619747526455,1.210032312948286,0.1556726718769394,0.3418217332312617,-0.4569744778208635,-0.5913608932251309,-0.6683591089246615,-0.5631210944817947,True,False,True,False,True,False,False,False,False,False,False,False,True,False,False,False,False,False,False,False,False
2.266930438844141,0,-0.33524347970574647,-1.0274308185554673,1.064487664055538,0.26107101030115826,-0.44255968760165965,0.37840702535570064,0.1765837713204426,0.24030102489791522,0.24203883140797983,1.668050608160328,-0.6576603301225281,1.5783068214797948,2.3360528369758367,-1.5739990105569672,0.2332727608290527,0.4503305737326754,-0.6147366093826588,-1.0670240730349723,1.2798416315923467,2.336296540923381,-0.3272620251076344,1.4801302162296714,False,False,True,False,True,False,False,False,False,False,False,False,False,False,False,False,False,False,False,True,False
-0.7993048658315527,1,0.7184316458916976,-1.0274308185554673,1.064487664055538,-1.573189559483144,-1.4792765076201568,0.37840702535570064,-1.0029610262683273,1.1479561495819623,-0.2156805098048179,1.6523402053817768,2.5588857750033447,-0.3416327337536044,-0.42807250939347835,-0.6492404930893556,2.550619747526455,-0.9171325568554237,0.1556726718769394,1.7506675394974955,-0.8429336132460213,-0.5913608932251309,0.013835058709392709,-0.5631210944817947,False,True,True,False,False,False,True,False,False,False,False,False,False,False,True,False,False,True,False,True,True
2.266930438844141,1,-1.2203305852075994,-0.2892484501549655,-0.8847969712710111,1.1782012951933094,0.2979523266972669,0.37840702535570064,-1.0029610262683273,0.24030102489791522,-0.9533348529838362,-1.497876094624478,2.1568175118626107,-1.1644639717107754,-0.42807250939347835,1.2002765418458676,0.2332727608290527,0.6022709215757975,0.9260819531365376,-2.475869879301206,0.70090292845461,1.4579993106788274,2.4015146454285827,1.188237171842319,False,True,True,False,False,False,False,False,True,False,True,False,False,False,False,False,False,True,False,True,False
0.5634663806909778,0,-0.5459785048252352,2.294389839246791,1.064487664055538,-1.573189559483144,-0.2944572847418743,-1.0197399130157712,2.535673366497982,-0.6673540997861319,2.430895509860753,-1.220980245652515,-1.0597285932632623,2.126860980117909,2.3360528369758367,0.27551802437825607,0.2332727608290527,1.6658533564776523,0.1556726718769394,0.3418217332312617,2.630698605580399,0.872467823849125,-0.6683591089246615,1.7720232606170236,False,True,True,False,True,False,False,False,False,False,False,False,True,False,False,False,False,True,False,False,False
-0.23148351311383164,0,-0.2435117628890278,2.294389839246791,0.08984534639226345,1.1782012951933094,1.433404081955621,-1.0197399130157712,0.1765837713204426,0.24030102489791522,0.36437856316070916,-0.7527541342703402,-0.6576603301225281,1.5783068214797948,2.3360528369758367,1.2002765418458676,1.3919462541777539,-0.3093711654829352,-0.6147366093826588,0.3418217332312617,0.3149437930294522,0.872467823849125,-0.3272620251076344,0.8963441274549668,False,True,False,True,False,True,False,False,False,False,False,False,False,False,False,True,False,True,False,False,False
-0.004354972026743229,0,-1.2426437055143689,0.6949947077123703,1.064487664055538,1.1782012951933094,1.0878318086161218,-2.417886851387243,0.1765837713204426,1.1479561495819623,-0.02915761829018868,-0.5482383552424162,-0.6576603301225281,2.401138059436966,2.3360528369758367,-1.5739990105569672,0.2332727608290527,0.7542112694189196,0.9260819531365376,-1.0670240730349723,1.6658007670175043,2.336296540923381,3.083708813062637,2.063916305004376,False,False,False,True,False,True,False,False,False,False,False,False,False,False,False,True,False,False,False,True,False
0.5634663806909778,0,0.31679548036984834,-0.7813700290886334,0.08984534639226345,0.26107101030115826,-0.44255968760165965,-1.0197399130157712,0.1765837713204426,-0.6673540997861319,1.035137782080846,-0.2970121822389785,-0.25559206698179404,-1.1644639717107754,-0.42807250939347835,0.27551802437825607,0.2332727608290527,0.6022709215757975,1.696491234396136,0.3418217332312617,-0.2639949101082846,-0.005829406395428478,-0.6683591089246615,0.020664994292909928,False,True,False,True,True,False,False,False,False,False,False,False,False,False,False,True,False,False,False,True,False
-0.45861205420092005,0,-0.6773779910762107,-0.9044004238220503,0.08984534639226345,1.1782012951933094,0.5941571324168375,0.37840702535570064,-1.0029610262683273,-1.575009224470179,-0.9232019141284842,-0.4287270769627239,-0.6576603301225281,-0.3416327337536044,-0.42807250939347835,1.2002765418458676,-0.9254007325196485,-0.9171325568554237,0.9260819531365376,0.3418217332312617,-0.4569744778208635,-0.5913608932251309,-0.3272620251076344,-0.5631210944817947,False,True,True,False,False,False,False,False,True,False,False,False,False,False,True,False,False,False,True,True,False
-0.11791924257028744,0,0.8523103677323141,2.048329049779957,1.064487664055538,0.26107101030115826,-1.726113845719799,0.37840702535570064,1.3561285689092124,1.1479561495819623,1.0047035138369405,0.3222862844333705,-0.6576603301225281,0.20692142488450962,-0.42807250939347835,0.27551802437825607,-0.9254007325196485,-0.1574308176398131,-0.6147366093826588,0.3418217332312617,0.5079233607420311,-1.1768923800548332,-0.3272620251076344,0.8963441274549668,False,True,False,False,True,False,False,False,False,True,False,False,False,False,False,False,False,False,True,False,True
0.22277356906034518,0,-1.1335573395701628,0.07984273404528544,-0.8847969712710111,-1.573189559483144,1.6802414200552631,0.37840702535570064,0.1765837713204426,1.1479561495819623,-0.04814136976906047,-1.173007408596582,-0.6576603301225281,-1.1644639717107754,-0.42807250939347835,0.27551802437825607,0.2332727608290527,-0.00549046979669098,-1.3851458906422571,0.3418217332312617,0.70090292845461,0.872467823849125,-0.3272620251076344,1.4801302162296714,False,True,False,True,True,False,False,False,False,False,False,False,False,False,False,True,False,True,False,False,False
1.5855448155828757,1,0.187875229708514,-1.0274308185554673,1.064487664055538,-0.6560592745909929,1.3840366143356926,0.37840702535570064,0.1765837713204426,0.24030102489791522,0.3691998333775655,-0.012541674784499744,1.7547492487218765,-0.8901868923917186,-0.42807250939347835,1.2002765418458676,1.3919462541777539,0.2983902258895533,0.1556726718769394,0.3418217332312617,-0.07101534239570564,-0.2985951498102796,-0.6683591089246615,-0.8550141388691469,True,False,False,True,True,False,False,False,False,False,False,False,False,False,False,True,False,False,False,True,False
-0.004354972026743229,0,0.7878502424016468,0.2028731287787024,1.064487664055538,-0.6560592745909929,1.6802414200552631,-1.0197399130157712,0.1765837713204426,1.1479561495819623,0.34629879984749795,0.0034492709008111942,0.5485444592996741,-0.6159098130726615,-0.42807250939347835,-1.5739990105569672,0.2332727608290527,-0.3093711654829352,-0.6147366093826588,-1.0670240730349723,-0.07101534239570564,-0.2985951498102796,-0.6683591089246615,-1.1469071832564992,False,True,False,True,False,True,False,False,False,False,False,False,False,False,False,True,False,True,False,False,False
1.0177234628651546,0,-1.0616595074705726,1.3101466813794551,0.08984534639226345,1.1782012951933094,-0.7881319609411588,0.37840702535570064,0.1765837713204426,0.24030102489791522,-0.1966967583259461,1.2608425789984186,2.1568175118626107,-0.0673556544345474,-0.42807250939347835,0.27551802437825607,-0.9254007325196485,-0.3093711654829352,0.1556726718769394,0.3418217332312617,-0.2639949101082846,-0.2985951498102796,-0.6683591089246615,-0.8550141388691469,False,True,False,True,True,False,False,False,False,False,False,False,False,False,False,True,False,False,True,False,False
0.4499021101474336,0,1.2886558315091379,-0.9044004238220503,1.064487664055538,0.26107101030115826,-0.6893970257013019,-1.0197399130157712,-1.0029610262683273,0.24030102489791522,-0.8117100403636816,-1.6298715322549833,-0.25559206698179404,-0.3416327337536044,-0.42807250939347835,1.2002765418458676,-0.9254007325196485,-0.3093711654829352,-0.6147366093826588,0.3418217332312617,-0.8429336132460213,-0.5913608932251309,0.013835058709392709,-0.5631210944817947,False,True,True,False,True,False,False,False,False,False,False,False,False,False,True,False,False,False,True,True,False
-0.11791924257028744,0,0.9837098539832894,1.0640858919126213,1.064487664055538,0.26107101030115826,0.6928920676566944,0.37840702535570064,0.1765837713204426,0.24030102489791522,0.05611859867045764,1.4377248817104984,-0.6576603301225281,-0.3416327337536044,-0.42807250939347835,1.2002765418458676,1.3919462541777539,-0.00549046979669098,-0.6147366093826588,1.7506675394974955,0.70090292845461,-0.5913608932251309,-0.6683591089246615,-0.5631210944817947,True,False,True,False,True,False,False,False,False,False,False,False,False,False,False,False,False,True,False,True,True
0.4499021101474336,0,0.9713136760350842,-0.9044004238220503,1.064487664055538,0.26107101030115826,1.5815064848154063,0.37840702535570064,-1.0029610262683273,0.24030102489791522,-1.0551841863149263,-0.2518447742506441,-0.25559206698179404,-0.3416327337536044,-0.42807250939347835,-0.6492404930893556,2.550619747526455,1.5139130086345303,-0.6147366093826588,0.3418217332312617,-0.2639949101082846,-0.2985951498102796,-0.6683591089246615,-0.5631210944817947,False,True,True,False,False,False,True,False,False,False,False,False,False,False,True,False,False,True,False,False,False
-0.11791924257028744,0,-1.2773530037693435,-1.0274308185554673,1.064487664055538,0.26107101030115826,-0.19572234950201747,-2.417886851387243,-1.0029610262683273,1.1479561495819623,-0.7610867030866901,-0.7564011920582182,-0.6576603301225281,-0.8901868923917186,-0.42807250939347835,1.2002765418458676,0.2332727608290527,-0.9171325568554237,1.696491234396136,0.3418217332312617,-0.4569744778208635,-0.2985951498102796,-0.3272620251076344,-0.8550141388691469,False,True,True,False,True,False,False,False,False,False,False,False,False,False,True,False,False,True,False,False,False
-0.7993048658315527,0,1.4274930245290365,0.44893391824553636,-0.8847969712710111,1.1782012951933094,-0.9856018314208724,-1.0197399130157712,0.1765837713204426,-0.6673540997861319,-0.4452935038826006,1.3093765018678711,0.5485444592996741,-0.6159098130726615,-0.42807250939347835,-1.5739990105569672,0.2332727608290527,-0.00549046979669098,-0.6147366093826588,0.3418217332312617,-0.4569744778208635,-0.2985951498102796,-0.6683591089246615,-0.27122805009444234,False,True,True,False,False,False,False,True,False,False,True,False,False,False,False,False,False,True,False,True,True
-0.7993048658315527,0,-0.8286113620443144,2.294389839246791,1.064487664055538,1.1782012951933094,0.34731979431719534,-1.0197399130157712,-1.0029610262683273,-1.575009224470179,-0.5176125571354455,-0.8213468749731214,-0.6576603301225281,-0.3416327337536044,-0.42807250939347835,-0.6492404930893556,-0.9254007325196485,-0.7651922090123016,0.1556726718769394,-2.475869879301206,-0.2639949101082846,-0.005829406395428478,-0.6683591089246615,0.020664994292909928,False,True,True,False,False,False,True,False,False,False,False,False,False,False,True,False,False,False,True,False,False
1.5855448155828757,1,-0.972407026243495,2.294389839246791,0.08984534639226345,1.1782012951933094,-1.3311741047603716,-1.0197399130157712,1.3561285689092124,-1.575009224470179,1.6124848905493914,0.31443108304409495,0.5485444592996741,-0.6159098130726615,-0.42807250939347835,-0.6492404930893556,0.2332727608290527,1.5139130086345303,0.1556726718769394,0.3418217332312617,-0.6499540455334424,-0.5913608932251309,0.013835058709392709,-1.1469071832564992,False,True,False,True,False,True,False,False,False,False,False,False,False,False,False,True,False,False,False,True,True
0.3363378396038894,0,-0.19888552227548897,1.802268260313123,-1.8594392889342857,-0.6560592745909929,-0.2944572847418743,-1.0197399130157712,2.535673366497982,1.1479561495819623,1.967149580876885,-0.7737948522773284,-1.0597285932632623,-1.1644639717107754,-0.42807250939347835,-1.5739990105569672,0.2332727608290527,1.6658533564776523,-0.6147366093826588,-1.0670240730349723,2.630698605580399,1.4579993106788274,2.4015146454285827,0.6044510830676145,False,True,False,True,False,True,False,False,False,False,False,False,False,False,False,True,False,True,False,False,False
-0.5721763247444642,0,-1.1831420513629838,-0.5353092396217994,0.08984534639226345,-0.6560592745909929,0.3966872619371238,0.37840702535570064,0.1765837713204426,-1.575009224470179,1.3358645118572594,-1.4809032487655076,-1.0597285932632623,1.0297526628416807,-0.42807250939347835,-0.6492404930893556,-0.9254007325196485,-0.00549046979669098,-0.6147366093826588,0.3418217332312617,0.5079233607420311,-0.005829406395428478,-0.3272620251076344,0.8963441274549668,False,False,True,False,False,False,True,False,False,False,False,False,True,False,False,False,False,False,True,True,False
-1.1399976774621854,0,0.904374315114776,-0.5353092396217994,0.08984534639226345,1.1782012951933094,-1.7754813133397276,-1.0197399130157712,-1.0029610262683273,0.24030102489791522,-0.7644013263607788,0.986611887640674,-1.0597285932632623,0.7554755835226237,-0.42807250939347835,1.2002765418458676,-0.9254007325196485,-0.7651922090123016,-0.6147366093826588,0.3418217332312617,-0.4569744778208635,-0.5913608932251309,-0.6683591089246615,-1.1469071832564992,False,True,False,True,False,False,False,True,False,False,False,False,False,False,False,False,True,False,True,False,False
-0.004354972026743229,0,0.20275064324636027,1.679237865579706,-0.8847969712710111,0.26107101030115826,-1.2324391695205146,1.7765539637271726,0.1765837713204426,1.1479561495819623,-0.8834264348394195,-0.2881750806760435,0.5485444592996741,0.48119850420356663,-0.42807250939347835,0.27551802437825607,0.2332727608290527,1.058091965105164,0.1556726718769394,0.3418217332312617,-0.2639949101082846,-0.5913608932251309,-0.6683591089246615,-0.27122805009444234,True,False,True,False,False,False,True,False,False,False,True,False,False,False,False,False,False,True,False,True,False
0.3363378396038894,0,-0.46912220154636286,-0.41227884488838246,-1.8594392889342857,1.1782012951933094,-1.1830717019005863,-1.0197399130157712,1.3561285689092124,-1.575009224470179,1.352437628227703,0.9976933324576878,0.5485444592996741,-0.0673556544345474,-0.42807250939347835,-1.5739990105569672,0.2332727608290527,-0.1574308176398131,1.696491234396136,0.3418217332312617,0.12196422531687327,0.872467823849125,-0.3272620251076344,0.8963441274549668,False,True,True,False,False,False,True,False,False,False,False,False,False,False,False,False,False,True,False,True,False
-1.0264334069186412,0,-1.6046121016019614,-0.6583396343552164,0.08984534639226345,-0.6560592745909929,1.0384643409961936,1.7765539637271726,0.1765837713204426,-0.6673540997861319,0.19262081168520245,-1.286346742927558,-0.6576603301225281,1.3040297421607379,2.3360528369758367,-0.6492404930893556,0.2332727608290527,-0.6132518611691794,-2.1555551719018555,0.3418217332312617,-0.07101534239570564,-0.5913608932251309,-0.6683591089246615,-0.27122805009444234,False,True,True,False,True,False,False,False,False,False,False,False,True,False,False,False,False,True,False,True,True
1.4719805450393315,0,0.5473643902064655,-0.9044004238220503,0.08984534639226345,1.1782012951933094,-0.14635488188208903,-1.0197399130157712,0.1765837713204426,-0.6673540997861319,-0.03397888850704501,-0.1544963856049793,-0.25559206698179404,-0.3416327337536044,-0.42807250939347835,1.2002765418458676,-0.9254007325196485,1.058091965105164,0.1556726718769394,-1.0670240730349723,0.5079233607420311,0.5797020804342738,-0.6683591089246615,1.188237171842319,True,False,False,True,False,False,True,False,False,False,False,False,False,False,False,True,False,True,False,True,False
-0.23148351311383164,0,-0.4319336677017472,-0.1662180554215485,0.08984534639226345,-0.6560592745909929,0.7916270028965513,1.7765539637271726,0.1765837713204426,0.24030102489791522,-0.33108966562081626,-0.5774148175454397,-0.25559206698179404,-0.8901868923917186,-0.42807250939347835,-1.5739990105569672,-0.9254007325196485,-0.6132518611691794,0.1556726718769394,1.7506675394974955,-0.4569744778208635,-0.2985951498102796,-0.3272620251076344,-0.5631210944817947,False,True,True,False,False,False,True,False,False,False,True,False,False,False,False,False,False,True,False,True,False
