Age,Attrition,EnvironmentSatisfaction,JobInvolvement,JobLevel,JobSatisfaction,MonthlyIncome,StockOptionLevel,TotalWorkingYears,YearsAtCompany,YearsInCurrentRole,YearsWithCurrManager,BusinessTravel_Travel_Frequently,JobRole_Sales Representative,MaritalStatus_Single,OverTime_Yes,EngagementScore,TenureCategory_Senior,TenureCategory_Veteran
0.5634663806909778,1,-0.6560592745909929,0.3784070253557006,0.1765837713204426,1.1479561495819623,0.1477227327907279,-0.9254007325196484,-0.3093711654829352,-0.0710153423957056,-0.0058294063954284,0.3125580386802622,False,False,True,True,-1.4831770798837216,False,False
1.4719805450393315,0,0.2610710103011582,-1.0197399130157712,0.1765837713204426,-0.6673540997861319,-0.1123245295309603,0.2332727608290527,-0.0054904697966909,0.70090292845461,0.872467823849125,0.8963441274549668,True,False,False,False,-0.4793756916369207,False,False
0.1092092985168009,1,1.1782012951933094,-1.0197399130157712,-1.0029610262683273,0.2403010248979152,-1.028365870733663,-0.9254007325196484,-0.4613115133260573,-1.2288927486711791,-1.1768923800548332,-1.1469071832564992,False,False,True,True,-0.4793756916369207,False,False
-0.3450477836573759,0,1.1782012951933094,0.3784070253557006,-1.0029610262683273,0.2403010248979152,-0.7815771015083295,-0.9254007325196484,-0.3093711654829352,0.3149437930294522,0.872467823849125,-1.1469071832564992,True,False,False,True,0.509294734350057,False,False
-1.0264334069186412,0,-1.573189559483144,0.3784070253557006,-1.0029610262683273,-0.6673540997861319,-0.6131339733069116,0.2332727608290527,-0.6132518611691794,-0.8429336132460213,-0.5913608932251309,-0.5631210944817947,False,False,False,False,0.509294734350057,False,False
-0.45861205420092,0,1.1782012951933094,0.3784070253557006,-1.0029610262683273,1.1479561495819623,-0.7336657287283198,-0.9254007325196484,-0.3093711654829352,0.1219642253168732,0.872467823849125,0.6044510830676145,True,False,True,False,-0.4869411727668323,False,False
2.6076232504747736,0,0.2610710103011582,1.7765539637271726,-1.0029610262683273,-1.575009224470179,-0.853594825372621,2.550619747526455,0.2983902258895533,-1.0359131809586002,-1.1768923800548332,-1.1469071832564992,False,False,False,True,0.5017292532201456,False,False
-0.6857405952880085,0,1.1782012951933094,0.3784070253557006,-1.0029610262683273,0.2403010248979152,-0.84666424943589,0.2332727608290527,-1.37295360038479,-1.0359131809586002,-1.1768923800548332,-1.1469071832564992,False,False,False,False,0.509294734350057,False,False
0.2227735690603451,0,1.1782012951933094,-1.0197399130157712,1.3561285689092124,0.2403010248979152,1.212319462550316,-0.9254007325196484,-0.0054904697966909,0.5079233607420311,0.872467823849125,1.188237171842319,True,False,True,False,-0.4793756916369207,False,False
-0.0043549720267432,0,0.2610710103011582,0.3784070253557006,0.1765837713204426,0.2403010248979152,-0.0800822849557336,1.391946254177754,1.058091965105164,0.1219642253168732,0.872467823849125,0.8963441274549668,False,False,False,False,-0.4869411727668323,False,False
-0.1179192425702874,0,-1.573189559483144,1.7765539637271726,-1.0029610262683273,-0.6673540997861319,-0.92711919617968,0.2332727608290527,-0.6132518611691794,-0.2639949101082846,-0.0058294063954284,-0.2712280500944423,False,False,False,False,1.497965160337035,False,False
-0.7993048658315527,0,1.1782012951933094,-1.0197399130157712,0.1765837713204426,0.2403010248979152,-0.3946701666056091,-0.9254007325196484,-0.0054904697966909,0.5079233607420311,0.2869363370194226,1.188237171842319,False,False,True,True,-0.4793756916369207,False,False
-0.5721763247444642,0,-1.573189559483144,0.3784070253557006,-1.0029610262683273,0.2403010248979152,-0.7809744427312225,0.2332727608290527,-0.7651922090123016,-0.2639949101082846,-0.5913608932251309,-0.2712280500944423,False,False,False,False,-0.4869411727668323,False,False
-0.2314835131138316,0,-0.6560592745909929,0.3784070253557006,-1.0029610262683273,1.1479561495819623,-0.8563067898696026,0.2332727608290527,-1.069072904698546,-0.8429336132460213,-0.5913608932251309,-0.5631210944817947,False,False,False,False,0.509294734350057,False,False
-0.9128691363750968,1,0.2610710103011582,-1.0197399130157712,-1.0029610262683273,0.2403010248979152,-1.047048292823981,-0.9254007325196484,-0.6132518611691794,-0.4569744778208635,-0.5913608932251309,-0.2712280500944423,False,False,True,True,-0.4793756916369207,False,False
-0.7993048658315527,0,-0.6560592745909929,1.7765539637271726,1.3561285689092124,-1.575009224470179,1.3491230049536145,0.2332727608290527,-0.0054904697966909,0.70090292845461,1.4579993106788274,1.188237171842319,False,False,False,False,1.497965160337035,False,False
-0.45861205420092,0,-1.573189559483144,1.7765539637271726,-1.0029610262683273,-0.6673540997861319,-0.66435996936101,1.391946254177754,-0.4613115133260573,-0.0710153423957056,-0.5913608932251309,0.3125580386802622,False,False,False,True,0.5017292532201456,False,False
-1.594254759636362,0,1.1782012951933094,1.7765539637271726,-1.0029610262683273,1.1479561495819623,-0.773742537405938,1.391946254177754,-1.37295360038479,-1.0359131809586002,-1.1768923800548332,-1.1469071832564992,False,False,False,True,0.5017292532201456,False,False
1.9262376272135084,0,-1.573189559483144,-1.0197399130157712,2.535673366497982,1.1479561495819623,2.990464184404641,-0.9254007325196484,3.185256834908873,3.5955964441432937,1.1652335672639762,0.8963441274549668,False,False,False,False,-0.4793756916369207,False,False
0.2227735690603451,0,1.1782012951933094,0.3784070253557006,-1.0029610262683273,1.1479561495819623,-0.4697011843554357,-0.9254007325196484,-0.6132518611691794,-0.6499540455334424,-0.5913608932251309,-0.5631210944817947,False,False,True,True,0.509294734350057,False,False
-1.3671262185492736,0,-1.573189559483144,1.7765539637271726,0.1765837713204426,0.2403010248979152,-0.4495121153223498,0.2332727608290527,-0.7651922090123016,-0.4569744778208635,-0.5913608932251309,-0.2712280500944423,False,False,False,False,0.5017292532201456,False,False
-0.0043549720267432,1,0.2610710103011582,-1.0197399130157712,-1.0029610262683273,-1.575009224470179,-0.6315150660086762,-0.9254007325196484,-0.0054904697966909,-0.2639949101082846,-0.2985951498102796,-0.2712280500944423,False,True,True,False,-0.4793756916369207,False,False
-0.2314835131138316,0,-1.573189559483144,0.3784070253557006,1.3561285689092124,-0.6673540997861319,1.9560003935004049,-0.9254007325196484,0.4503305737326754,1.086862063879768,0.5797020804342738,2.063916305004376,False,False,True,False,0.509294734350057,False,False
-1.7078190301799063,0,0.2610710103011582,0.3784070253557006,-1.0029610262683273,1.1479561495819623,-1.2869064861125836,-0.9254007325196484,-1.5248939482279122,-1.2288927486711791,-1.1768923800548332,-1.1469071832564992,False,False,True,False,0.509294734350057,False,False
-0.2314835131138316,1,-0.6560592745909929,0.3784070253557006,-1.0029610262683273,-1.575009224470179,-0.7662093026921,-0.9254007325196484,-0.3093711654829352,-0.4569744778208635,-0.5913608932251309,-0.2712280500944423,False,False,True,False,0.509294734350057,False,False
-0.45861205420092,1,-0.6560592745909929,-2.417886851387243,-1.0029610262683273,-1.575009224470179,-0.4772344190692738,-0.9254007325196484,-0.0054904697966909,0.70090292845461,-0.5913608932251309,0.8963441274549668,True,False,True,True,-1.4680461176238986,False,False
0.677030651234522,0,0.2610710103011582,0.3784070253557006,0.1765837713204426,-0.6673540997861319,0.398428784067257,0.2332727608290527,-0.0054904697966909,0.5079233607420311,0.872467823849125,-0.5631210944817947,False,False,False,False,0.509294734350057,False,False
0.9041591923216103,0,-1.573189559483144,-1.0197399130157712,1.3561285689092124,1.1479561495819623,1.429879281085958,0.2332727608290527,2.1216744000070187,3.016657741005557,0.5797020804342738,3.81527457132849,False,False,False,False,-0.4793756916369207,False,False
-0.3450477836573759,0,0.2610710103011582,0.3784070253557006,-1.0029610262683273,1.1479561495819623,-0.9060261389809336,-0.9254007325196484,-0.4613115133260573,-1.0359131809586002,-0.884126636639982,-1.1469071832564992,False,False,True,False,0.509294734350057,False,False
0.9041591923216103,0,1.1782012951933094,0.3784070253557006,0.1765837713204426,1.1479561495819623,0.2899502041879896,-0.9254007325196484,-0.1574308176398131,-0.4569744778208635,-0.5913608932251309,-0.2712280500944423,False,False,False,True,1.5055306414669463,False,False
-0.6857405952880085,0,1.1782012951933094,-1.0197399130157712,-1.0029610262683273,0.2403010248979152,-0.9934116616614544,-0.9254007325196484,-0.0054904697966909,0.70090292845461,-1.1768923800548332,1.188237171842319,False,False,True,False,-0.4793756916369207,False,False
0.3363378396038894,1,1.1782012951933094,0.3784070253557006,0.1765837713204426,1.1479561495819623,-1.0295711882878769,0.2332727608290527,1.361972660791408,-1.0359131809586002,-1.1768923800548332,-1.1469071832564992,False,True,False,False,1.5055306414669463,False,False
-1.3671262185492736,1,-0.6560592745909929,0.3784070253557006,-1.0029610262683273,1.1479561495819623,-0.9671960048572982,0.2332727608290527,-0.6132518611691794,-0.8429336132460213,-1.1768923800548332,-1.1469071832564992,False,False,False,True,-0.4869411727668323,False,False
0.7905949217780662,0,1.1782012951933094,1.7765539637271726,-1.0029610262683273,0.2403010248979152,-0.8611280600864589,1.391946254177754,-0.6132518611691794,-0.2639949101082846,-0.2985951498102796,0.0206649942929099,False,False,False,False,0.5017292532201456,False,False
1.5855448155828755,1,-1.573189559483144,-1.0197399130157712,-1.0029610262683273,0.2403010248979152,-0.8496775433214252,-0.9254007325196484,-1.069072904698546,-0.6499540455334424,-0.5913608932251309,-0.5631210944817947,False,True,False,True,-0.4793756916369207,False,False
-0.1179192425702874,0,1.1782012951933094,0.3784070253557006,-1.0029610262683273,1.1479561495819623,-1.0512669042637304,-0.9254007325196484,-1.221013252541668,-0.8429336132460213,-0.5913608932251309,-0.5631210944817947,False,True,False,False,0.509294734350057,False,False
-0.0043549720267432,0,-0.6560592745909929,-1.0197399130157712,-1.0029610262683273,-1.575009224470179,-0.627899113346034,0.2332727608290527,-0.6132518611691794,-1.0359131809586002,-0.884126636639982,-1.1469071832564992,False,False,False,True,0.5168602154799685,False,False
-0.3450477836573759,0,0.2610710103011582,1.7765539637271726,0.1765837713204426,-1.575009224470179,-0.0381974999467943,1.391946254177754,-0.0054904697966909,-0.2639949101082846,-0.2985951498102796,-0.2712280500944423,True,False,False,False,1.497965160337035,False,False
-0.1179192425702874,0,0.2610710103011582,0.3784070253557006,-1.0029610262683273,1.1479561495819623,-1.070250655742602,0.2332727608290527,-1.37295360038479,-1.0359131809586002,-1.1768923800548332,-1.1469071832564992,False,False,False,False,0.509294734350057,False,False
-1.0264334069186412,0,1.1782012951933094,0.3784070253557006,-1.0029610262683273,-1.575009224470179,-0.9527321942067292,0.2332727608290527,-1.37295360038479,-1.0359131809586002,-1.1768923800548332,-1.1469071832564992,False,False,False,False,0.509294734350057,False,False
-1.1399976774621854,1,-1.573189559483144,-2.417886851387243,-1.0029610262683273,0.2403010248979152,-0.9671960048572982,-0.9254007325196484,-1.37295360038479,-1.0359131809586002,-1.1768923800548332,-0.8550141388691469,False,False,True,False,-2.464282024740788,False,False
-1.0264334069186412,0,1.1782012951933094,0.3784070253557006,1.3561285689092124,0.2403010248979152,0.9712559517074996,-0.9254007325196484,-0.1574308176398131,0.5079233607420311,1.1652335672639762,0.8963441274549668,True,False,True,False,0.509294734350057,False,False
-0.6857405952880085,0,0.2610710103011582,0.3784070253557006,0.1765837713204426,1.1479561495819623,-0.4495121153223498,-0.9254007325196484,0.2983902258895533,1.086862063879768,1.1652335672639762,0.8963441274549668,True,False,True,False,0.509294734350057,False,False
-0.2314835131138316,0,-0.6560592745909929,0.3784070253557006,0.1765837713204426,0.2403010248979152,-0.2816716458980389,-0.9254007325196484,-0.0054904697966909,0.5079233607420311,0.2869363370194226,0.8963441274549668,False,False,True,False,0.509294734350057,False,False
0.1092092985168009,0,-0.6560592745909929,0.3784070253557006,-1.0029610262683273,-0.6673540997861319,-0.7475268806017817,-0.9254007325196484,-0.3093711654829352,-1.0359131809586002,-1.1768923800548332,-1.1469071832564992,False,False,False,False,0.509294734350057,False,False
1.1312877334086988,0,-1.573189559483144,0.3784070253557006,0.1765837713204426,1.1479561495819623,0.0811289379203998,-0.9254007325196484,0.6022709215757975,0.5079233607420311,0.5797020804342738,1.188237171842319,True,False,True,True,0.509294734350057,False,False
-0.1179192425702874,0,1.1782012951933094,1.7765539637271726,-1.0029610262683273,1.1479561495819623,-0.9744279101825828,-0.9254007325196484,-1.37295360038479,-1.0359131809586002,-1.1768923800548332,-0.8550141388691469,False,False,False,False,1.497965160337035,False,False
1.3584162744957873,1,-1.573189559483144,-1.0197399130157712,1.3561285689092124,0.2403010248979152,-0.0366908530040266,-0.9254007325196484,1.9697340521638969,-1.0359131809586002,-1.1768923800548332,-1.1469071832564992,False,False,True,True,-0.4793756916369207,False,False
-0.9128691363750968,1,0.2610710103011582,0.3784070253557006,-1.0029610262683273,0.2403010248979152,-0.6212698667978566,-0.9254007325196484,-1.221013252541668,-0.8429336132460213,-0.5913608932251309,-0.5631210944817947,False,False,True,True,-0.4869411727668323,False,False
0.9041591923216103,0,-0.6560592745909929,0.3784070253557006,0.1765837713204426,-1.575009224470179,-0.0146938076396196,0.2332727608290527,-0.1574308176398131,-0.4569744778208635,-0.2985951498102796,-0.2712280500944423,False,False,False,True,-0.4869411727668323,False,False
-0.1179192425702874,0,0.2610710103011582,-1.0197399130157712,1.3561285689092124,-1.575009224470179,1.3201953836524765,0.2332727608290527,-0.0054904697966909,-0.4569744778208635,-1.1768923800548332,-0.2712280500944423,False,False,False,True,-0.4793756916369207,False,False
-1.1399976774621854,0,0.2610710103011582,-1.0197399130157712,0.1765837713204426,1.1479561495819623,-0.4055180245935358,0.2332727608290527,-0.7651922090123016,-0.8429336132460213,-0.5913608932251309,-1.1469071832564992,False,False,False,True,-1.47561159875381,False,False
-0.3450477836573759,0,-1.573189559483144,0.3784070253557006,1.3561285689092124,1.1479561495819623,2.397146618342759,-0.9254007325196484,0.7542112694189196,1.6658007670175043,2.921828027753083,2.3558093493917283,True,False,True,True,0.509294734350057,False,False
-0.1179192425702874,0,-0.6560592745909929,0.3784070253557006,1.3561285689092124,-1.575009224470179,1.0746119319813572,0.2332727608290527,-0.1574308176398131,0.5079233607420311,1.1652335672639762,1.188237171842319,True,False,False,False,-0.4869411727668323,False,False
-0.1179192425702874,0,0.2610710103011582,0.3784070253557006,-1.0029610262683273,-1.575009224470179,-0.4486081271566893,0.2332727608290527,-0.9171325568554236,-0.8429336132460213,-0.5913608932251309,-0.5631210944817947,False,False,False,True,0.509294734350057,False,False
-0.5721763247444642,0,1.1782012951933094,0.3784070253557006,0.1765837713204426,1.1479561495819623,0.1242190404835532,0.2332727608290527,-0.0054904697966909,0.1219642253168732,0.872467823849125,0.8963441274549668,False,False,False,False,-0.4869411727668323,False,False
0.1092092985168009,0,-1.573189559483144,-1.0197399130157712,0.1765837713204426,0.2403010248979152,0.1477227327907279,0.2332727608290527,-0.4613115133260573,0.1219642253168732,0.2869363370194226,0.8963441274549668,False,False,False,False,0.5168602154799685,False,False
-0.45861205420092,0,-1.573189559483144,0.3784070253557006,0.1765837713204426,1.1479561495819623,0.1986473994562728,0.2332727608290527,-0.1574308176398131,0.5079233607420311,1.1652335672639762,1.188237171842319,False,False,False,True,0.509294734350057,False,False
0.2227735690603451,0,1.1782012951933094,0.3784070253557006,0.1765837713204426,1.1479561495819623,-0.9331457839507504,-0.9254007325196484,-0.0054904697966909,0.70090292845461,-0.2985951498102796,1.4801302162296714,True,False,True,False,0.509294734350057,False,False
2.6076232504747736,0,-1.573189559483144,0.3784070253557006,1.3561285689092124,-1.575009224470179,0.6431082475727157,-0.9254007325196484,2.7294357913795078,2.823678173292978,3.5073595145827854,1.4801302162296714,False,False,True,False,-0.4869411727668323,False,False
-0.0043549720267432,0,0.2610710103011582,0.3784070253557006,1.3561285689092124,0.2403010248979152,1.3840772140258228,2.550619747526455,1.058091965105164,2.051759902442662,2.921828027753083,1.188237171842319,False,False,False,False,0.509294734350057,False,False
2.1533661683005967,0,1.1782012951933094,0.3784070253557006,2.535673366497982,0.2403010248979152,2.7882721646852286,2.550619747526455,1.6658533564776523,-0.2639949101082846,-1.1768923800548332,-0.5631210944817947,False,False,False,True,0.509294734350057,False,False
-0.0043549720267432,0,-0.6560592745909929,-1.0197399130157712,0.1765837713204426,-0.6673540997861319,0.3001954033988093,-0.9254007325196484,-0.6132518611691794,-0.0710153423957056,0.2869363370194226,-0.2712280500944423,True,False,True,False,-0.4793756916369207,False,False
1.0177234628651546,0,-0.6560592745909929,0.3784070253557006,1.3561285689092124,-1.575009224470179,1.271982681483913,0.2332727608290527,2.2736147478501407,-1.0359131809586002,-1.1768923800548332,-1.1469071832564992,False,False,False,False,0.509294734350057,False,False
-0.1179192425702874,0,-0.6560592745909929,0.3784070253557006,-1.0029610262683273,-1.575009224470179,-0.9970276143240968,0.2332727608290527,-0.7651922090123016,-0.6499540455334424,-0.5913608932251309,-0.5631210944817947,True,False,False,False,-0.4869411727668323,False,False
-0.0043549720267432,1,1.1782012951933094,-1.0197399130157712,-1.0029610262683273,0.2403010248979152,-0.6372403243911932,0.2332727608290527,-1.221013252541668,-1.0359131809586002,-1.1768923800548332,-1.1469071832564992,False,False,False,True,-1.47561159875381,False,False
2.6076232504747736,0,-1.573189559483144,-1.0197399130157712,0.1765837713204426,0.2403010248979152,-0.0089685492571028,-0.9254007325196484,1.5139130086345305,-0.4569744778208635,-0.2985951498102796,-0.2712280500944423,True,False,True,False,-1.47561159875381,False,False
-0.7993048658315527,0,0.2610710103011582,0.3784070253557006,-1.0029610262683273,-0.6673540997861319,-0.8436509555503547,0.2332727608290527,-0.6132518611691794,-0.2639949101082846,-0.0058294063954284,0.0206649942929099,False,False,False,False,0.509294734350057,False,False
-0.5721763247444642,0,0.2610710103011582,0.3784070253557006,-1.0029610262683273,-0.6673540997861319,-0.904519492038166,-0.9254007325196484,-1.37295360038479,-1.0359131809586002,-0.884126636639982,-1.1469071832564992,False,False,True,False,0.509294734350057,False,False
-0.45861205420092,0,-0.6560592745909929,0.3784070253557006,0.1765837713204426,-0.6673540997861319,0.216124503992377,1.391946254177754,-0.0054904697966909,0.70090292845461,-0.0058294063954284,1.4801302162296714,False,False,False,False,0.509294734350057,False,False
-0.0043549720267432,0,-0.6560592745909929,1.7765539637271726,-1.0029610262683273,1.1479561495819623,-0.7427056103849253,-0.9254007325196484,-0.7651922090123016,-1.0359131809586002,-1.1768923800548332,-1.1469071832564992,False,False,False,False,1.497965160337035,False,False
-0.5721763247444642,0,0.2610710103011582,0.3784070253557006,0.1765837713204426,1.1479561495819623,-0.3250630778497458,-0.9254007325196484,0.1464498780464311,0.893882496167189,0.872467823849125,1.188237171842319,False,False,True,False,0.509294734350057,False,False
-0.1179192425702874,0,0.2610710103011582,-1.0197399130157712,0.1765837713204426,-1.575009224470179,-0.3588119693677402,-0.9254007325196484,0.9061516172620416,1.6658007670175043,2.629062284338232,1.188237171842319,False,False,True,False,-0.4793756916369207,False,False
1.0177234628651546,0,1.1782012951933094,0.3784070253557006,1.3561285689092124,-1.575009224470179,2.332963458580859,-0.9254007325196484,1.058091965105164,-1.2288927486711791,-1.1768923800548332,-1.1469071832564992,False,False,False,True,1.5055306414669463,False,False
0.1092092985168009,0,-1.573189559483144,0.3784070253557006,1.3561285689092124,0.2403010248979152,2.4592204723847844,-0.9254007325196484,0.9061516172620416,-0.2639949101082846,-0.5913608932251309,-0.5631210944817947,False,False,True,False,1.5055306414669463,False,False
1.1312877334086988,0,-0.6560592745909929,0.3784070253557006,0.1765837713204426,-0.6673540997861319,-0.1451694328832941,0.2332727608290527,0.9061516172620416,-0.4569744778208635,-0.5913608932251309,-0.5631210944817947,False,False,False,True,0.509294734350057,False,False
-0.6857405952880085,0,1.1782012951933094,-1.0197399130157712,0.1765837713204426,1.1479561495819623,-0.1135298470851744,1.391946254177754,-0.0054904697966909,0.70090292845461,1.1652335672639762,-1.1469071832564992,False,False,False,True,-1.47561159875381,False,False
-0.1179192425702874,0,-0.6560592745909929,-1.0197399130157712,-1.0029610262683273,0.2403010248979152,-0.7966435709360056,-0.9254007325196484,-0.6132518611691794,-0.0710153423957056,-0.0058294063954284,0.0206649942929099,False,False,True,False,-0.4793756916369207,False,False
2.1533661683005967,0,-1.573189559483144,0.3784070253557006,1.3561285689092124,1.1479561495819623,1.4271673165889762,0.2332727608290527,2.1216744000070187,-1.0359131809586002,-1.1768923800548332,-1.1469071832564992,False,False,False,False,0.509294734350057,False,False
0.2227735690603451,0,-0.6560592745909929,-2.417886851387243,0.1765837713204426,1.1479561495819623,-0.0523599812088097,2.550619747526455,1.058091965105164,1.2798416315923469,2.04353079750853,1.4801302162296714,False,False,False,True,-1.4680461176238986,False,False
-0.2314835131138316,0,-1.573189559483144,0.3784070253557006,0.1765837713204426,-0.6673540997861319,-0.3548946873165444,-0.9254007325196484,-0.7651922090123016,-0.2639949101082846,-0.5913608932251309,-0.2712280500944423,False,False,False,False,0.509294734350057,False,False
2.266930438844141,0,1.1782012951933094,-2.417886851387243,1.3561285689092124,1.1479561495819623,0.5295070680880385,-0.9254007325196484,4.096898921967606,-0.0710153423957056,-0.0058294063954284,-0.5631210944817947,False,False,True,False,-2.464282024740788,False,False
-1.480690489092818,0,0.2610710103011582,0.3784070253557006,-1.0029610262683273,-1.575009224470179,-0.958457452589246,0.2332727608290527,-1.069072904698546,-1.2288927486711791,-1.1768923800548332,-1.1469071832564992,False,True,False,False,0.509294734350057,False,False
1.69910908612642,0,1.1782012951933094,0.3784070253557006,-1.0029610262683273,1.1479561495819623,-1.0328858115619657,1.391946254177754,-0.0054904697966909,-0.4569744778208635,-0.5913608932251309,-0.2712280500944423,False,False,False,False,0.509294734350057,False,False
-0.6857405952880085,0,0.2610710103011582,-1.0197399130157712,0.1765837713204426,1.1479561495819623,-0.4070246715363034,2.550619747526455,0.1464498780464311,0.893882496167189,1.7507650540936786,1.188237171842319,False,False,False,False,-0.4793756916369207,False,False
1.1312877334086988,1,0.2610710103011582,-1.0197399130157712,1.3561285689092124,1.1479561495819623,1.2403430956857937,-0.9254007325196484,-0.1574308176398131,0.5079233607420311,1.1652335672639762,0.8963441274549668,False,False,True,False,-0.4793756916369207,False,False
0.4499021101474336,0,0.2610710103011582,-1.0197399130157712,2.535673366497982,-0.6673540997861319,2.4107064408276675,0.2332727608290527,1.8177937043207744,3.016657741005557,-0.2985951498102796,2.063916305004376,True,False,False,False,-1.47561159875381,False,False
1.69910908612642,0,0.2610710103011582,0.3784070253557006,0.1765837713204426,1.1479561495819623,-0.0186110896908154,-0.9254007325196484,0.1464498780464311,0.70090292845461,0.872467823849125,-1.1469071832564992,False,False,True,True,-1.4831770798837216,False,False
-0.6857405952880085,0,0.2610710103011582,-1.0197399130157712,0.1765837713204426,-0.6673540997861319,-0.0885195078352322,2.550619747526455,0.1464498780464311,0.893882496167189,1.1652335672639762,0.8963441274549668,False,False,False,True,-1.47561159875381,False,False
1.1312877334086988,0,0.2610710103011582,-1.0197399130157712,1.3561285689092124,-1.575009224470179,1.5579442712212042,0.2332727608290527,1.6658533564776523,0.70090292845461,1.4579993106788274,0.3125580386802622,True,False,False,True,-1.47561159875381,False,False
-0.45861205420092,0,-0.6560592745909929,0.3784070253557006,0.1765837713204426,0.2403010248979152,-0.1484840561573828,-0.9254007325196484,0.2983902258895533,0.893882496167189,1.1652335672639762,0.8963441274549668,False,False,True,False,0.509294734350057,False,False
2.0398018977570525,0,-1.573189559483144,0.3784070253557006,1.3561285689092124,0.2403010248979152,2.424567592701129,0.2332727608290527,0.9061516172620416,-0.4569744778208635,-0.2985951498102796,-0.2712280500944423,False,False,False,False,-1.4831770798837216,False,False
-1.3671262185492736,0,-1.573189559483144,0.3784070253557006,0.1765837713204426,0.2403010248979152,-0.1517986794314715,0.2332727608290527,-0.9171325568554236,-0.6499540455334424,-0.5913608932251309,-0.5631210944817947,False,False,False,False,-0.4869411727668323,False,False
-0.9128691363750968,0,-0.6560592745909929,0.3784070253557006,0.1765837713204426,0.2403010248979152,-0.3862329437261105,-0.9254007325196484,-0.7651922090123016,-0.2639949101082846,-0.0058294063954284,0.0206649942929099,False,False,False,False,1.5055306414669463,False,False
2.4940589799312294,0,1.1782012951933094,0.3784070253557006,2.535673366497982,0.2403010248979152,2.5218969852039166,-0.9254007325196484,4.248839269810729,5.911351256694241,1.7507650540936786,1.188237171842319,False,False,True,False,-0.4869411727668323,False,False
0.9041591923216103,0,-0.6560592745909929,0.3784070253557006,0.1765837713204426,-0.6673540997861319,-1.042829681384232,0.2332727608290527,1.058091965105164,-0.6499540455334424,-0.5913608932251309,-0.5631210944817947,False,False,False,False,1.5055306414669463,False,False
0.1092092985168009,1,0.2610710103011582,0.3784070253557006,-1.0029610262683273,-1.575009224470179,-1.0334884703390728,-0.9254007325196484,-0.4613115133260573,-0.6499540455334424,-0.5913608932251309,-0.5631210944817947,False,False,False,True,0.509294734350057,False,False
-0.45861205420092,0,1.1782012951933094,0.3784070253557006,-1.0029610262683273,-1.575009224470179,-0.767414620246314,-0.9254007325196484,-1.37295360038479,-1.0359131809586002,-1.1768923800548332,-1.1469071832564992,False,False,True,False,0.509294734350057,False,False
-1.8213833007234503,1,1.1782012951933094,-1.0197399130157712,-1.0029610262683273,1.1479561495819623,-0.7764545019029196,-0.9254007325196484,-1.37295360038479,-1.0359131809586002,-1.1768923800548332,-1.1469071832564992,True,False,True,True,-0.4793756916369207,False,False
-0.2314835131138316,0,-1.573189559483144,0.3784070253557006,0.1765837713204426,0.2403010248979152,-0.2090512632566404,-0.9254007325196484,0.9061516172620416,1.8587803347300835,2.629062284338232,1.7720232606170236,False,False,True,False,0.509294734350057,False,False
0.1092092985168009,0,0.2610710103011582,-1.0197399130157712,0.1765837713204426,1.1479561495819623,-0.1023806597086941,0.2332727608290527,1.058091965105164,-1.0359131809586002,-1.1768923800548332,-1.1469071832564992,False,False,False,False,0.5168602154799685,False,False
-1.2535619480057296,1,0.2610710103011582,-1.0197399130157712,0.1765837713204426,0.2403010248979152,0.0726917150409012,-0.9254007325196484,-0.6132518611691794,-0.0710153423957056,-0.0058294063954284,-0.2712280500944423,False,False,True,True,-0.4793756916369207,False,False
-1.2535619480057296,0,1.1782012951933094,-1.0197399130157712,-1.0029610262683273,1.1479561495819623,-0.7876036892793999,1.391946254177754,-1.221013252541668,-0.8429336132460213,-0.5913608932251309,-0.8550141388691469,False,False,False,False,-0.4793756916369207,False,False
-1.594254759636362,0,-0.6560592745909929,0.3784070253557006,-1.0029610262683273,1.1479561495819623,-0.7930276182733633,-0.9254007325196484,-1.37295360038479,-1.2288927486711791,-1.1768923800548332,-1.1469071832564992,False,False,True,False,0.509294734350057,False,False
1.69910908612642,0,-1.573189559483144,-1.0197399130157712,1.3561285689092124,-1.575009224470179,0.597004851124027,-0.9254007325196484,1.9697340521638969,1.2798416315923469,2.336296540923381,1.188237171842319,True,False,True,False,-1.47561159875381,False,False
-0.2314835131138316,1,-1.573189559483144,-2.417886851387243,0.1765837713204426,0.2403010248979152,0.172130413263563,-0.9254007325196484,-0.1574308176398131,0.5079233607420311,0.872467823849125,0.6044510830676145,True,False,True,True,-1.4680461176238986,False,False
-1.3671262185492736,0,-0.6560592745909929,0.3784070253557006,-1.0029610262683273,0.2403010248979152,-0.8222565689630548,0.2332727608290527,-0.6132518611691794,-0.2639949101082846,-0.2985951498102796,-0.5631210944817947,False,False,False,False,0.509294734350057,False,False
-0.2314835131138316,0,0.2610710103011582,-1.0197399130157712,0.1765837713204426,-0.6673540997861319,-0.3006553973769107,0.2332727608290527,0.2983902258895533,-1.0359131809586002,-1.1768923800548332,-1.1469071832564992,False,False,False,False,-0.4793756916369207,False,False
0.1092092985168009,0,0.2610710103011582,0.3784070253557006,1.3561285689092124,1.1479561495819623,0.5801304053650299,-0.9254007325196484,0.2983902258895533,-0.2639949101082846,-0.2985951498102796,-0.2712280500944423,False,False,True,False,0.509294734350057,False,False
-0.2314835131138316,0,0.2610710103011582,-1.0197399130157712,1.3561285689092124,-1.575009224470179,1.8466178254554768,-0.9254007325196484,0.6022709215757975,0.893882496167189,1.7507650540936786,1.188237171842319,False,False,True,False,-0.4793756916369207,False,False
-0.0043549720267432,0,-0.6560592745909929,0.3784070253557006,1.3561285689092124,1.1479561495819623,1.2762012929236624,0.2332727608290527,-0.0054904697966909,0.5079233607420311,0.872467823849125,1.188237171842319,True,False,False,False,0.509294734350057,False,False
-0.0043549720267432,0,-1.573189559483144,0.3784070253557006,-1.0029610262683273,1.1479561495819623,-0.8038754762612901,0.2332727608290527,-0.4613115133260573,-1.0359131809586002,-1.1768923800548332,-1.1469071832564992,False,False,False,False,0.509294734350057,False,False
-0.6857405952880085,0,-1.573189559483144,-2.417886851387243,-1.0029610262683273,0.2403010248979152,-0.8707706005201716,2.550619747526455,-0.0054904697966909,0.70090292845461,0.872467823849125,1.4801302162296714,True,False,False,False,-2.464282024740788,False,False
-0.3450477836573759,0,0.2610710103011582,0.3784070253557006,0.1765837713204426,-0.6673540997861319,0.1938261292394165,0.2332727608290527,-0.3093711654829352,0.1219642253168732,0.872467823849125,0.8963441274549668,False,False,False,False,1.5055306414669463,False,False
2.266930438844141,1,-0.6560592745909929,0.3784070253557006,-1.0029610262683273,-0.6673540997861319,-0.1626465374193983,2.550619747526455,-0.4613115133260573,-0.2639949101082846,-0.0058294063954284,-0.2712280500944423,False,False,False,True,0.509294734350057,False,False
-0.5721763247444642,1,-0.6560592745909929,-2.417886851387243,0.1765837713204426,0.2403010248979152,0.201660693341808,-0.9254007325196484,0.2983902258895533,0.1219642253168732,0.872467823849125,0.8963441274549668,False,False,False,True,-2.464282024740788,False,False
-1.1399976774621854,0,0.2610710103011582,-1.0197399130157712,-1.0029610262683273,-0.6673540997861319,-0.9445963007157842,-0.9254007325196484,-0.7651922090123016,-0.2639949101082846,-0.0058294063954284,-0.2712280500944423,False,False,False,False,-1.47561159875381,False,False
2.4940589799312294,1,1.1782012951933094,0.3784070253557006,1.3561285689092124,1.1479561495819623,1.4491643619533832,0.2332727608290527,4.552719965496973,6.490289959831977,1.7507650540936786,0.6044510830676145,False,False,False,False,-0.4869411727668323,False,False
-1.9349475712669948,1,1.1782012951933094,0.3784070253557006,-1.0029610262683273,0.2403010248979152,-1.153417566983374,-0.9254007325196484,-1.5248939482279122,-1.2288927486711791,-1.1768923800548332,-1.1469071832564992,False,True,True,True,-0.4869411727668323,False,False
-1.594254759636362,0,0.2610710103011582,0.3784070253557006,-1.0029610262683273,1.1479561495819623,-0.8978902454899884,0.2332727608290527,-1.069072904698546,-0.8429336132460213,-0.884126636639982,-0.8550141388691469,False,False,False,False,0.509294734350057,False,False
1.4719805450393315,0,0.2610710103011582,0.3784070253557006,0.1765837713204426,-1.575009224470179,0.3206858018204487,-0.9254007325196484,0.9061516172620416,1.6658007670175043,2.04353079750853,2.063916305004376,False,False,False,False,-0.4869411727668323,False,False
0.7905949217780662,0,-0.6560592745909929,1.7765539637271726,-1.0029610262683273,0.2403010248979152,-0.2301443204553869,-0.9254007325196484,1.210032312948286,-0.6499540455334424,-0.5913608932251309,-0.5631210944817947,True,False,True,False,1.497965160337035,False,False
1.5855448155828755,0,0.2610710103011582,0.3784070253557006,1.3561285689092124,1.1479561495819623,1.1164967169902964,-0.9254007325196484,0.9061516172620416,-0.8429336132460213,-0.5913608932251309,-0.8550141388691469,True,False,True,False,0.509294734350057,False,False
-0.5721763247444642,1,-0.6560592745909929,-2.417886851387243,0.1765837713204426,0.2403010248979152,-0.2843836103950206,0.2332727608290527,-0.9171325568554236,-0.8429336132460213,-0.5913608932251309,-0.5631210944817947,False,False,False,True,-1.4680461176238986,False,False
0.5634663806909778,0,0.2610710103011582,0.3784070253557006,1.3561285689092124,0.2403010248979152,0.809442070054259,0.2332727608290527,0.2983902258895533,0.5079233607420311,0.872467823849125,0.8963441274549668,False,False,False,True,0.509294734350057,False,False
-1.1399976774621854,0,0.2610710103011582,0.3784070253557006,-1.0029610262683273,0.2403010248979152,-0.7716332316860633,0.2332727608290527,-0.3093711654829352,0.3149437930294522,0.872467823849125,0.8963441274549668,False,False,False,False,0.509294734350057,False,False
-0.0043549720267432,0,-0.6560592745909929,0.3784070253557006,0.1765837713204426,-0.6673540997861319,-0.1692757839675757,1.391946254177754,-0.4613115133260573,-0.6499540455334424,-0.5913608932251309,-0.8550141388691469,False,False,False,False,0.509294734350057,False,False
1.69910908612642,1,-1.573189559483144,-2.417886851387243,1.3561285689092124,1.1479561495819623,1.551013695284473,-0.9254007325196484,1.210032312948286,-0.4569744778208635,-0.5913608932251309,-0.2712280500944423,True,False,True,False,-1.4680461176238986,False,False
0.3363378396038894,0,1.1782012951933094,-1.0197399130157712,0.1765837713204426,0.2403010248979152,0.1203017584323575,0.2332727608290527,1.058091965105164,1.6658007670175043,2.04353079750853,1.4801302162296714,False,False,False,False,0.5168602154799685,False,False
-1.2535619480057296,0,-1.573189559483144,-1.0197399130157712,0.1765837713204426,0.2403010248979152,0.9450402949033432,-0.9254007325196484,-0.6132518611691794,-0.8429336132460213,-0.5913608932251309,-0.5631210944817947,False,False,False,False,-0.4793756916369207,False,False
-0.6857405952880085,0,0.2610710103011582,0.3784070253557006,0.1765837713204426,1.1479561495819623,0.2543933363386741,-0.9254007325196484,0.2983902258895533,0.893882496167189,1.4579993106788274,0.8963441274549668,False,False,False,True,-1.4831770798837216,False,False
-0.45861205420092,1,-1.573189559483144,0.3784070253557006,-1.0029610262683273,-1.575009224470179,-0.3925608608857345,-0.9254007325196484,-0.0054904697966909,-0.2639949101082846,-0.0058294063954284,0.0206649942929099,False,False,True,False,1.5055306414669463,False,False
1.0177234628651546,0,0.2610710103011582,0.3784070253557006,-1.0029610262683273,1.1479561495819623,-0.6179552435237678,-0.9254007325196484,-0.1574308176398131,-0.0710153423957056,0.2869363370194226,-0.2712280500944423,False,False,True,False,-0.4869411727668323,False,False
0.2227735690603451,0,1.1782012951933094,0.3784070253557006,0.1765837713204426,0.2403010248979152,-0.3573053224249726,-0.9254007325196484,1.361972660791408,-0.6499540455334424,-0.5913608932251309,-0.5631210944817947,False,False,True,True,0.509294734350057,False,False
-0.6857405952880085,0,-1.573189559483144,0.3784070253557006,-1.0029610262683273,0.2403010248979152,-0.8650453421376547,-0.9254007325196484,-0.7651922090123016,-0.2639949101082846,-0.0058294063954284,0.0206649942929099,False,False,True,False,-0.4869411727668323,False,False
-0.45861205420092,0,1.1782012951933094,-2.417886851387243,0.1765837713204426,1.1479561495819623,-0.2515387070426869,2.550619747526455,-0.1574308176398131,0.3149437930294522,0.872467823849125,0.8963441274549668,True,False,False,False,-0.47181021050700933,False,False
-0.6857405952880085,0,1.1782012951933094,0.3784070253557006,-1.0029610262683273,-1.575009224470179,-0.692684931885041,0.2332727608290527,-0.3093711654829352,-0.6499540455334424,-0.5913608932251309,-0.5631210944817947,False,False,False,False,0.509294734350057,False,False
-0.6857405952880085,0,-0.6560592745909929,-1.0197399130157712,-1.0029610262683273,1.1479561495819623,-0.8385283559449449,-0.9254007325196484,-0.6132518611691794,-0.2639949101082846,-0.2985951498102796,-0.5631210944817947,False,False,True,False,-0.4793756916369207,False,False
0.5634663806909778,0,0.2610710103011582,0.3784070253557006,-1.0029610262683273,-1.575009224470179,-0.9837691212277418,0.2332727608290527,-0.4613115133260573,-0.2639949101082846,-1.1768923800548332,0.0206649942929099,False,False,False,False,0.509294734350057,False,False
-1.9349475712669948,0,-0.6560592745909929,0.3784070253557006,-1.0029610262683273,-0.6673540997861319,-1.2112728095856498,-0.9254007325196484,-1.37295360038479,-1.0359131809586002,-1.1768923800548332,-1.1469071832564992,False,False,True,False,0.509294734350057,False,False
0.4499021101474336,0,-0.6560592745909929,0.3784070253557006,0.1765837713204426,-0.6673540997861319,0.0308069300319619,0.2332727608290527,1.5139130086345305,2.630698605580399,0.872467823849125,2.6477023937790807,True,False,False,False,0.509294734350057,False,False
-0.1179192425702874,0,0.2610710103011582,0.3784070253557006,1.3561285689092124,-0.6673540997861319,0.5400535966874117,1.391946254177754,-0.0054904697966909,0.70090292845461,1.1652335672639762,0.6044510830676145,False,False,False,False,0.509294734350057,False,False
1.9262376272135084,0,-0.6560592745909929,0.3784070253557006,0.1765837713204426,0.2403010248979152,-0.9632787228061024,0.2332727608290527,0.4503305737326754,0.1219642253168732,0.872467823849125,0.3125580386802622,False,True,False,True,-1.4831770798837216,False,False
1.0177234628651546,0,-0.6560592745909929,0.3784070253557006,0.1765837713204426,-0.6673540997861319,-0.9506228884868546,0.2332727608290527,1.5139130086345305,2.051759902442662,1.4579993106788274,3.231488482553785,False,False,False,False,-1.4831770798837216,False,False
-0.45861205420092,0,-0.6560592745909929,0.3784070253557006,1.3561285689092124,1.1479561495819623,1.053217545394057,-0.9254007325196484,-0.1574308176398131,0.5079233607420311,1.1652335672639762,0.8963441274549668,True,False,True,False,0.509294734350057,False,False
-0.7993048658315527,0,1.1782012951933094,0.3784070253557006,0.1765837713204426,0.2403010248979152,-0.3567026636478655,0.2332727608290527,-0.0054904697966909,0.70090292845461,0.872467823849125,1.4801302162296714,False,False,False,False,0.509294734350057,False,False
1.69910908612642,0,-0.6560592745909929,-1.0197399130157712,0.1765837713204426,0.2403010248979152,0.1896075177996672,-0.9254007325196484,-0.0054904697966909,-1.0359131809586002,-1.1768923800548332,-1.1469071832564992,False,False,False,False,-0.4793756916369207,False,False
2.4940589799312294,0,-0.6560592745909929,-1.0197399130157712,-1.0029610262683273,-0.6673540997861319,-0.649896158710441,0.2332727608290527,-0.1574308176398131,-1.0359131809586002,-1.1768923800548332,-1.1469071832564992,False,False,False,True,-1.47561159875381,False,False
0.4499021101474336,0,0.2610710103011582,-1.0197399130157712,1.3561285689092124,1.1479561495819623,1.6127862199379448,0.2332727608290527,0.7542112694189196,1.086862063879768,2.04353079750853,2.063916305004376,False,False,False,False,-1.47561159875381,False,False
-0.2314835131138316,0,0.2610710103011582,0.3784070253557006,-1.0029610262683273,0.2403010248979152,-0.9858784269476164,0.2332727608290527,-0.6132518611691794,-0.4569744778208635,-0.2985951498102796,-0.5631210944817947,True,True,False,False,0.509294734350057,False,False
-1.594254759636362,0,0.2610710103011582,0.3784070253557006,-1.0029610262683273,1.1479561495819623,-0.9581561232006924,1.391946254177754,-1.221013252541668,-0.8429336132460213,-0.5913608932251309,-0.5631210944817947,False,False,False,False,0.509294734350057,False,False
-1.0264334069186412,0,1.1782012951933094,0.3784070253557006,-1.0029610262683273,-0.6673540997861319,-1.0482536103781952,0.2332727608290527,-0.6132518611691794,-0.8429336132460213,-0.5913608932251309,-0.5631210944817947,False,False,False,False,-1.4831770798837216,False,False
-0.9128691363750968,0,0.2610710103011582,0.3784070253557006,-1.0029610262683273,1.1479561495819623,-0.8406376616648196,0.2332727608290527,-0.7651922090123016,-0.2639949101082846,-0.5913608932251309,-0.5631210944817947,False,False,False,False,-1.4831770798837216,False,False
2.380494709387685,0,0.2610710103011582,1.7765539637271726,1.3561285689092124,1.1479561495819623,1.1861038057461597,0.2332727608290527,0.2983902258895533,-0.2639949101082846,-0.2985951498102796,0.0206649942929099,False,False,False,True,-0.4945066538967433,False,False
-1.0264334069186412,0,0.2610710103011582,-1.0197399130157712,-1.0029610262683273,0.2403010248979152,-0.8849330817821871,0.2332727608290527,-1.37295360038479,-1.0359131809586002,-0.884126636639982,-0.8550141388691469,False,False,False,True,-1.47561159875381,False,False
0.5634663806909778,0,-1.573189559483144,0.3784070253557006,-1.0029610262683273,0.2403010248979152,-0.919585961465842,0.2332727608290527,0.4503305737326754,0.5079233607420311,1.1652335672639762,1.188237171842319,False,False,False,False,0.509294734350057,False,False
-0.6857405952880085,0,-0.6560592745909929,0.3784070253557006,1.3561285689092124,1.1479561495819623,1.1800772179750894,0.2332727608290527,0.2983902258895533,0.70090292845461,1.4579993106788274,0.0206649942929099,False,False,False,False,0.509294734350057,False,False
0.2227735690603451,0,-1.573189559483144,-1.0197399130157712,0.1765837713204426,1.1479561495819623,0.9592027761653588,-0.9254007325196484,0.2983902258895533,0.3149437930294522,-0.2985951498102796,0.8963441274549668,False,False,True,False,0.5168602154799685,False,False
-0.45861205420092,0,0.2610710103011582,0.3784070253557006,-1.0029610262683273,0.2403010248979152,-0.7427056103849253,-0.9254007325196484,-0.3093711654829352,-0.2639949101082846,-0.0058294063954284,0.0206649942929099,False,False,True,False,0.509294734350057,False,False
-1.0264334069186412,0,0.2610710103011582,0.3784070253557006,-1.0029610262683273,-0.6673540997861319,-0.736679022613855,0.2332727608290527,-0.6132518611691794,-0.2639949101082846,-0.5913608932251309,-0.8550141388691469,False,False,False,True,-0.4869411727668323,False,False
-1.9349475712669948,1,0.2610710103011582,-2.417886851387243,-1.0029610262683273,-1.575009224470179,-0.9575534644235856,-0.9254007325196484,-1.37295360038479,-1.2288927486711791,-1.1768923800548332,-1.1469071832564992,True,True,True,False,-0.47181021050700933,False,False
-0.0043549720267432,0,1.1782012951933094,0.3784070253557006,-1.0029610262683273,-0.6673540997861319,-1.02896852951077,-0.9254007325196484,0.4503305737326754,0.3149437930294522,0.872467823849125,-0.5631210944817947,True,False,True,False,-0.4869411727668323,False,False
-0.6857405952880085,0,0.2610710103011582,0.3784070253557006,0.1765837713204426,-1.575009224470179,-0.7324604111741057,1.391946254177754,0.2983902258895533,1.086862063879768,1.4579993106788274,1.7720232606170236,False,False,False,False,0.509294734350057,False,False
1.0177234628651546,0,0.2610710103011582,0.3784070253557006,0.1765837713204426,-1.575009224470179,-0.1496893737115969,0.2332727608290527,-0.1574308176398131,-0.2639949101082846,-0.0058294063954284,-0.2712280500944423,False,False,False,True,1.5055306414669463,False,False
2.266930438844141,0,0.2610710103011582,0.3784070253557006,-1.0029610262683273,-1.575009224470179,-0.3753850857381838,0.2332727608290527,1.361972660791408,-0.8429336132460213,-0.5913608932251309,-0.5631210944817947,False,False,False,True,0.509294734350057,False,False
-0.3450477836573759,0,0.2610710103011582,0.3784070253557006,-1.0029610262683273,1.1479561495819623,-0.9048208214267196,-0.9254007325196484,-0.9171325568554236,-0.6499540455334424,-0.884126636639982,-0.5631210944817947,False,False,True,False,1.5055306414669463,False,False
-1.9349475712669948,1,-0.6560592745909929,-1.0197399130157712,-1.0029610262683273,1.1479561495819623,-1.326079306624541,-0.9254007325196484,-1.37295360038479,-1.0359131809586002,-1.1768923800548332,-1.1469071832564992,False,False,True,False,-1.47561159875381,False,False
1.1312877334086988,0,-0.6560592745909929,0.3784070253557006,1.3561285689092124,-1.575009224470179,1.4916518057394297,2.550619747526455,2.1216744000070187,3.4026168764307148,2.629062284338232,0.8963441274549668,False,False,False,False,0.509294734350057,False,False
0.2227735690603451,0,0.2610710103011582,0.3784070253557006,-1.0029610262683273,1.1479561495819623,-0.9687026518000658,-0.9254007325196484,-1.221013252541668,-0.8429336132460213,-0.5913608932251309,-0.8550141388691469,False,False,True,False,0.509294734350057,False,False
-0.5721763247444642,0,0.2610710103011582,0.3784070253557006,-1.0029610262683273,1.1479561495819623,-0.4742211251837385,0.2332727608290527,-0.4613115133260573,-0.4569744778208635,-0.5913608932251309,-0.5631210944817947,False,False,False,True,0.509294734350057,False,False
-0.2314835131138316,0,1.1782012951933094,0.3784070253557006,-1.0029610262683273,-0.6673540997861319,-0.9617720758633348,-0.9254007325196484,-0.1574308176398131,-0.6499540455334424,-0.5913608932251309,-0.5631210944817947,False,False,True,False,0.509294734350057,False,False
0.5634663806909778,1,-0.6560592745909929,0.3784070253557006,-1.0029610262683273,-0.6673540997861319,-0.7119700127524663,-0.9254007325196484,-0.9171325568554236,-0.4569744778208635,-0.2985951498102796,-0.5631210944817947,False,True,True,True,-0.4869411727668323,False,False
1.5855448155828755,0,0.2610710103011582,-1.0197399130157712,-1.0029610262683273,0.2403010248979152,-0.54623884904803,0.2332727608290527,-0.7651922090123016,-0.6499540455334424,-0.5913608932251309,-0.5631210944817947,False,False,False,False,-1.47561159875381,False,False
1.9262376272135084,0,1.1782012951933094,1.7765539637271726,0.1765837713204426,-1.575009224470179,-0.3172285137473543,1.391946254177754,-0.7651922090123016,-0.4569744778208635,-0.5913608932251309,-0.2712280500944423,False,False,False,False,1.497965160337035,False,False
-0.3450477836573759,0,1.1782012951933094,0.3784070253557006,-1.0029610262683273,-0.6673540997861319,-0.8276804979570181,0.2332727608290527,-0.3093711654829352,0.3149437930294522,0.872467823849125,0.6044510830676145,False,False,False,False,0.509294734350057,False,False
-0.2314835131138316,0,1.1782012951933094,-1.0197399130157712,0.1765837713204426,0.2403010248979152,1.21864737970994,-0.9254007325196484,-0.0054904697966909,0.70090292845461,1.4579993106788274,1.4801302162296714,True,False,False,False,-1.47561159875381,False,False
1.69910908612642,0,1.1782012951933094,0.3784070253557006,2.535673366497982,-0.6673540997861319,2.4803135295835306,-0.9254007325196484,1.6658533564776523,0.1219642253168732,0.872467823849125,-1.1469071832564992,False,False,True,False,0.509294734350057,False,False
-1.0264334069186412,0,1.1782012951933094,0.3784070253557006,-1.0029610262683273,-0.6673540997861319,-0.9714146162970476,-0.9254007325196484,-0.4613115133260573,0.1219642253168732,0.872467823849125,-0.2712280500944423,False,False,True,False,-0.4869411727668323,False,False
-0.1179192425702874,1,-0.6560592745909929,-1.0197399130157712,0.1765837713204426,0.2403010248979152,0.1245203698721068,-0.9254007325196484,-0.3093711654829352,-1.0359131809586002,-1.1768923800548332,-0.8550141388691469,False,False,False,True,-0.4793756916369207,False,False
0.7905949217780662,0,1.1782012951933094,1.7765539637271726,-1.0029610262683273,1.1479561495819623,-1.0286672001222164,2.550619747526455,-0.4613115133260573,-0.2639949101082846,-0.0058294063954284,-0.5631210944817947,False,False,False,False,2.494201067453924,False,False
0.1092092985168009,0,-0.6560592745909929,1.7765539637271726,-1.0029610262683273,-1.575009224470179,-0.5842063520057735,0.2332727608290527,-0.3093711654829352,0.3149437930294522,0.872467823849125,0.8963441274549668,False,False,False,True,0.5017292532201456,False,False
-0.1179192425702874,0,-0.6560592745909929,0.3784070253557006,0.1765837713204426,-0.6673540997861319,-0.3247617484611924,-0.9254007325196484,-0.0054904697966909,-0.0710153423957056,-0.5913608932251309,-0.5631210944817947,True,False,True,False,0.509294734350057,False,False
0.677030651234522,0,0.2610710103011582,0.3784070253557006,0.1765837713204426,0.2403010248979152,-0.071645062076235,0.2332727608290527,0.1464498780464311,-0.2639949101082846,-0.2985951498102796,-0.5631210944817947,False,False,False,False,0.509294734350057,False,False
0.2227735690603451,0,1.1782012951933094,0.3784070253557006,0.1765837713204426,0.2403010248979152,0.3164671903806994,-0.9254007325196484,0.6022709215757975,-1.0359131809586002,-1.1768923800548332,-1.1469071832564992,False,False,False,False,0.509294734350057,False,False
0.2227735690603451,0,1.1782012951933094,0.3784070253557006,0.1765837713204426,1.1479561495819623,0.2284790089230714,0.2332727608290527,-0.1574308176398131,0.1219642253168732,0.872467823849125,0.8963441274549668,False,False,False,False,-1.4831770798837216,False,False
-1.0264334069186412,0,0.2610710103011582,-1.0197399130157712,0.1765837713204426,-1.575009224470179,-0.3630305808074894,0.2332727608290527,-0.6132518611691794,-0.8429336132460213,-0.5913608932251309,-1.1469071832564992,True,False,False,False,-0.4793756916369207,False,False
1.4719805450393315,0,1.1782012951933094,0.3784070253557006,0.1765837713204426,1.1479561495819623,0.392100866907633,1.391946254177754,-0.4613115133260573,0.1219642253168732,0.872467823849125,0.8963441274549668,False,False,False,True,0.509294734350057,False,False
-0.2314835131138316,0,1.1782012951933094,0.3784070253557006,-1.0029610262683273,0.2403010248979152,-0.5085726754788399,0.2332727608290527,-0.7651922090123016,-0.2639949101082846,-0.2985951498102796,-1.1469071832564992,True,False,False,True,1.5055306414669463,False,False
0.4499021101474336,0,0.2610710103011582,0.3784070253557006,0.1765837713204426,1.1479561495819623,-0.832200438785321,0.2332727608290527,0.7542112694189196,0.1219642253168732,-0.5913608932251309,0.8963441274549668,False,False,False,True,1.5055306414669463,False,False
0.2227735690603451,1,-0.6560592745909929,0.3784070253557006,0.1765837713204426,-1.575009224470179,0.3526267170071219,-0.9254007325196484,1.058091965105164,-1.0359131809586002,-1.1768923800548332,-1.1469071832564992,False,False,False,True,0.509294734350057,False,False
-0.7993048658315527,1,-0.6560592745909929,0.3784070253557006,1.3561285689092124,1.1479561495819623,0.6437109063498228,2.550619747526455,-0.0054904697966909,0.70090292845461,-0.0058294063954284,1.4801302162296714,False,False,False,False,-0.4869411727668323,False,False
-1.594254759636362,0,1.1782012951933094,1.7765539637271726,-1.0029610262683273,-0.6673540997861319,-0.956649476257925,0.2332727608290527,-0.9171325568554236,-0.4569744778208635,-0.5913608932251309,-0.5631210944817947,False,False,False,True,0.5017292532201456,False,False
-0.0043549720267432,0,-0.6560592745909929,0.3784070253557006,-1.0029610262683273,1.1479561495819623,-1.0093821192547912,-0.9254007325196484,-0.3093711654829352,0.3149437930294522,-0.884126636639982,0.8963441274549668,True,False,True,False,0.509294734350057,False,False
0.4499021101474336,0,1.1782012951933094,-1.0197399130157712,0.1765837713204426,1.1479561495819623,-0.1888621942235545,0.2332727608290527,-0.7651922090123016,-0.6499540455334424,-0.5913608932251309,-0.5631210944817947,False,False,False,False,-2.471847505870699,False,False
1.1312877334086988,0,1.1782012951933094,0.3784070253557006,1.3561285689092124,-1.575009224470179,1.1731466420383585,0.2332727608290527,1.058091965105164,-0.4569744778208635,-0.5913608932251309,-0.2712280500944423,False,False,False,False,0.509294734350057,False,False
-0.45861205420092,1,1.1782012951933094,-2.417886851387243,1.3561285689092124,1.1479561495819623,1.475681348146093,-0.9254007325196484,0.6022709215757975,1.4728211993049256,1.1652335672639762,1.188237171842319,False,False,False,False,-2.464282024740788,False,False
-0.6857405952880085,0,0.2610710103011582,-1.0197399130157712,1.3561285689092124,0.2403010248979152,0.8953209457920124,-0.9254007325196484,0.2983902258895533,0.893882496167189,1.1652335672639762,1.188237171842319,False,False,True,False,-0.4793756916369207,False,False
-1.0264334069186412,0,1.1782012951933094,0.3784070253557006,0.1765837713204426,0.2403010248979152,1.349424334342168,-0.9254007325196484,-0.4613115133260573,0.1219642253168732,0.872467823849125,0.8963441274549668,True,False,True,False,0.509294734350057,False,False
1.69910908612642,0,-0.6560592745909929,-1.0197399130157712,1.3561285689092124,-0.6673540997861319,2.105459770222951,1.391946254177754,0.9061516172620416,0.70090292845461,1.4579993106788274,0.8963441274549668,False,False,False,False,-2.471847505870699,False,False
-0.6857405952880085,1,1.1782012951933094,0.3784070253557006,-1.0029610262683273,-1.575009224470179,-0.8575121074238167,-0.9254007325196484,-0.3093711654829352,-0.2639949101082846,-0.5913608932251309,0.0206649942929099,False,False,True,True,0.509294734350057,False,False
0.5634663806909778,0,1.1782012951933094,0.3784070253557006,1.3561285689092124,1.1479561495819623,2.437223427020377,-0.9254007325196484,0.9061516172620416,-1.0359131809586002,-1.1768923800548332,-1.1469071832564992,False,False,True,True,0.509294734350057,False,False
-0.6857405952880085,1,0.2610710103011582,-1.0197399130157712,0.1765837713204426,-1.575009224470179,0.3595572929438528,-0.9254007325196484,-0.1574308176398131,-0.0710153423957056,-0.2985951498102796,-0.8550141388691469,True,False,True,False,-1.47561159875381,False,False
-0.7993048658315527,1,0.2610710103011582,0.3784070253557006,-1.0029610262683273,0.2403010248979152,-1.0380084111673755,-0.9254007325196484,-0.4613115133260573,-0.0710153423957056,-0.5913608932251309,0.3125580386802622,False,False,True,False,-0.4869411727668323,False,False
1.0177234628651546,0,1.1782012951933094,-1.0197399130157712,1.3561285689092124,1.1479561495819623,1.013140736716439,-0.9254007325196484,1.9697340521638969,2.43771903786782,0.872467823849125,1.188237171842319,False,False,True,False,-0.4793756916369207,False,False
2.0398018977570525,0,1.1782012951933094,0.3784070253557006,0.1765837713204426,-1.575009224470179,0.1317522751973913,0.2332727608290527,0.9061516172620416,-0.0710153423957056,-0.5913608932251309,0.3125580386802622,False,False,False,False,0.509294734350057,False,False
-0.0043549720267432,0,1.1782012951933094,0.3784070253557006,0.1765837713204426,-0.6673540997861319,0.1239177110949997,-0.9254007325196484,0.9061516172620416,1.2798416315923469,2.04353079750853,0.8963441274549668,False,False,True,False,1.5055306414669463,False,False
-0.3450477836573759,0,0.2610710103011582,-1.0197399130157712,-1.0029610262683273,-0.6673540997861319,-0.8680586360231899,-0.9254007325196484,-0.4613115133260573,-0.6499540455334424,-0.5913608932251309,-0.8550141388691469,False,False,False,False,-0.4793756916369207,False,False
0.1092092985168009,0,-0.6560592745909929,0.3784070253557006,1.3561285689092124,1.1479561495819623,2.013554306714127,2.550619747526455,-0.0054904697966909,0.70090292845461,1.1652335672639762,0.8963441274549668,True,False,False,True,0.509294734350057,False,False
0.2227735690603451,0,-1.573189559483144,0.3784070253557006,1.3561285689092124,0.2403010248979152,1.5386591903537787,1.391946254177754,1.058091965105164,1.8587803347300835,1.7507650540936786,2.6477023937790807,False,False,False,False,-0.4869411727668323,False,False
-0.5721763247444642,0,0.2610710103011582,-2.417886851387243,0.1765837713204426,0.2403010248979152,-0.348868099545474,0.2332727608290527,-0.6132518611691794,-0.2639949101082846,-0.0058294063954284,0.0206649942929099,False,False,False,False,-1.4680461176238986,False,False
2.6076232504747736,0,0.2610710103011582,-1.0197399130157712,-1.0029610262683273,1.1479561495819623,-1.0021502139295069,0.2332727608290527,-0.4613115133260573,-1.0359131809586002,-1.1768923800548332,-1.1469071832564992,False,False,False,False,-0.4793756916369207,False,False
0.1092092985168009,0,-1.573189559483144,0.3784070253557006,-1.0029610262683273,1.1479561495819623,-0.816531310580538,0.2332727608290527,0.4503305737326754,0.5079233607420311,1.1652335672639762,1.188237171842319,True,True,False,False,0.509294734350057,False,False
-0.7993048658315527,0,-0.6560592745909929,0.3784070253557006,1.3561285689092124,1.1479561495819623,0.727781805756255,0.2332727608290527,0.1464498780464311,0.893882496167189,1.7507650540936786,-0.8550141388691469,True,False,False,False,0.509294734350057,False,False
-0.1179192425702874,0,0.2610710103011582,0.3784070253557006,1.3561285689092124,0.2403010248979152,0.9902397031863714,-0.9254007325196484,-0.0054904697966909,0.70090292845461,0.872467823849125,1.188237171842319,True,False,True,False,1.5055306414669463,False,False
-0.7993048658315527,1,0.2610710103011582,-1.0197399130157712,-1.0029610262683273,1.1479561495819623,-0.9382683835561604,-0.9254007325196484,-0.9171325568554236,-0.4569744778208635,-0.2985951498102796,-0.8550141388691469,False,False,True,True,-1.47561159875381,False,False
1.812673356669964,0,0.2610710103011582,-1.0197399130157712,-1.0029610262683273,1.1479561495819623,-0.6902742967766128,-0.9254007325196484,-0.6132518611691794,-0.8429336132460213,-0.5913608932251309,-0.5631210944817947,False,False,True,False,-1.47561159875381,False,False
2.6076232504747736,0,-0.6560592745909929,0.3784070253557006,-1.0029610262683273,0.2403010248979152,-0.9750305689596898,-0.9254007325196484,-0.4613115133260573,-0.8429336132460213,-0.5913608932251309,-0.5631210944817947,False,False,False,False,-0.4869411727668323,False,False
-0.3450477836573759,1,0.2610710103011582,0.3784070253557006,-1.0029610262683273,1.1479561495819623,-0.9241059022941448,0.2332727608290527,-0.3093711654829352,-0.2639949101082846,-0.0058294063954284,0.0206649942929099,False,False,False,True,-1.4831770798837216,False,False
0.7905949217780662,0,1.1782012951933094,0.3784070253557006,2.535673366497982,1.1479561495819623,3.182411004913233,0.2332727608290527,1.8177937043207744,2.051759902442662,2.629062284338232,1.4801302162296714,False,False,False,True,0.509294734350057,False,False
-0.3450477836573759,1,-1.573189559483144,0.3784070253557006,-1.0029610262683273,-1.575009224470179,-0.8424456379961407,-0.9254007325196484,0.4503305737326754,0.5079233607420311,0.872467823849125,0.8963441274549668,False,False,False,False,1.5055306414669463,False,False
-0.45861205420092,0,0.2610710103011582,0.3784070253557006,-1.0029610262683273,-0.6673540997861319,-0.4736184664066315,0.2332727608290527,-0.6132518611691794,-0.4569744778208635,-0.2985951498102796,-0.5631210944817947,False,True,False,False,0.509294734350057,False,False
-0.45861205420092,1,1.1782012951933094,-1.0197399130157712,-1.0029610262683273,0.2403010248979152,-0.5341856735058892,-0.9254007325196484,-0.9171325568554236,-0.6499540455334424,-0.5913608932251309,-0.5631210944817947,False,False,True,True,-2.471847505870699,False,False
0.3363378396038894,0,0.2610710103011582,0.3784070253557006,-1.0029610262683273,0.2403010248979152,-0.985577097559063,2.550619747526455,-0.4613115133260573,-0.6499540455334424,-0.5913608932251309,-0.5631210944817947,False,False,False,False,0.509294734350057,False,False
-0.45861205420092,0,0.2610710103011582,0.3784070253557006,0.1765837713204426,1.1479561495819623,-0.3127085729190515,-0.9254007325196484,-0.9171325568554236,-0.6499540455334424,-0.5913608932251309,-0.5631210944817947,False,False,False,False,0.509294734350057,False,False
0.5634663806909778,0,0.2610710103011582,0.3784070253557006,0.1765837713204426,-1.575009224470179,-0.7324604111741057,1.391946254177754,1.058091965105164,-1.0359131809586002,-1.1768923800548332,-1.1469071832564992,False,False,False,False,-0.4869411727668323,False,False
0.4499021101474336,0,-1.573189559483144,0.3784070253557006,0.1765837713204426,1.1479561495819623,-0.658032052201386,1.391946254177754,-0.1574308176398131,0.5079233607420311,1.1652335672639762,0.8963441274549668,False,False,False,False,0.509294734350057,False,False
-0.5721763247444642,0,-0.6560592745909929,0.3784070253557006,1.3561285689092124,0.2403010248979152,2.4625350956588727,0.2332727608290527,-0.1574308176398131,-0.8429336132460213,-0.5913608932251309,-0.5631210944817947,True,False,False,False,0.509294734350057,False,False
-0.3450477836573759,0,0.2610710103011582,-1.0197399130157712,-1.0029610262683273,1.1479561495819623,-0.7809744427312225,0.2332727608290527,-1.221013252541668,-0.8429336132460213,-0.5913608932251309,-0.5631210944817947,False,False,False,False,-1.47561159875381,False,False
-0.2314835131138316,0,1.1782012951933094,-1.0197399130157712,0.1765837713204426,-1.575009224470179,0.1368748748028011,0.2332727608290527,0.4503305737326754,0.893882496167189,1.4579993106788274,1.4801302162296714,False,False,False,False,-0.4793756916369207,False,False
0.1092092985168009,0,0.2610710103011582,-1.0197399130157712,-1.0029610262683273,-1.575009224470179,-0.4769330896807202,0.2332727608290527,1.058091965105164,-0.6499540455334424,-0.884126636639982,-0.5631210944817947,False,False,False,False,-1.47561159875381,False,False
1.0177234628651546,0,-1.573189559483144,1.7765539637271726,0.1765837713204426,0.2403010248979152,0.2806089931428304,0.2332727608290527,-0.1574308176398131,-0.6499540455334424,-0.5913608932251309,-0.5631210944817947,True,False,False,False,1.497965160337035,False,False
0.1092092985168009,1,-1.573189559483144,0.3784070253557006,1.3561285689092124,0.2403010248979152,1.3696134033752538,1.391946254177754,1.058091965105164,-1.0359131809586002,-1.1768923800548332,-1.1469071832564992,True,False,False,False,0.509294734350057,False,False
0.3363378396038894,0,0.2610710103011582,0.3784070253557006,1.3561285689092124,0.2403010248979152,1.6377965591878871,-0.9254007325196484,1.5139130086345305,2.43771903786782,0.5797020804342738,1.188237171842319,True,False,True,False,0.509294734350057,False,False
-0.7993048658315527,0,0.2610710103011582,0.3784070253557006,-1.0029610262683273,1.1479561495819623,-0.9530335235952828,-0.9254007325196484,-0.6132518611691794,-0.0710153423957056,0.2869363370194226,0.3125580386802622,False,False,True,False,0.509294734350057,False,False
0.677030651234522,0,1.1782012951933094,1.7765539637271726,0.1765837713204426,-1.575009224470179,0.3140565552722712,-0.9254007325196484,-0.0054904697966909,-0.6499540455334424,-0.5913608932251309,-0.5631210944817947,False,False,True,True,1.497965160337035,False,False
-0.7993048658315527,0,1.1782012951933094,0.3784070253557006,0.1765837713204426,1.1479561495819623,0.4303696992539302,0.2332727608290527,-0.0054904697966909,-0.6499540455334424,-0.5913608932251309,-0.5631210944817947,False,False,False,False,0.509294734350057,False,False
-1.2535619480057296,0,-1.573189559483144,0.3784070253557006,0.1765837713204426,0.2403010248979152,-0.1822329476753771,1.391946254177754,-0.7651922090123016,-0.4569744778208635,-0.5913608932251309,-0.5631210944817947,False,False,False,False,0.509294734350057,False,False
0.677030651234522,0,1.1782012951933094,-1.0197399130157712,-1.0029610262683273,-1.575009224470179,-0.876797188291242,0.2332727608290527,-0.0054904697966909,0.5079233607420311,0.5797020804342738,1.188237171842319,False,False,False,True,-0.4793756916369207,False,False
1.69910908612642,0,0.2610710103011582,0.3784070253557006,-1.0029610262683273,1.1479561495819623,-0.8376243677792844,-0.9254007325196484,-1.37295360038479,-1.0359131809586002,-1.1768923800548332,-1.1469071832564992,False,False,False,False,-0.4869411727668323,False,False
-0.5721763247444642,1,0.2610710103011582,-1.0197399130157712,-1.0029610262683273,-0.6673540997861319,-0.6098193500328228,-0.9254007325196484,-0.6132518611691794,-0.2639949101082846,-0.0058294063954284,0.0206649942929099,True,False,True,False,0.5168602154799685,False,False
-0.45861205420092,0,-0.6560592745909929,1.7765539637271726,-1.0029610262683273,-0.6673540997861319,-0.8162299811919844,-0.9254007325196484,-0.7651922090123016,-0.2639949101082846,-0.884126636639982,-0.2712280500944423,True,False,False,False,-0.4945066538967433,False,False
0.2227735690603451,0,1.1782012951933094,-1.0197399130157712,0.1765837713204426,1.1479561495819623,-0.0764663322930914,0.2332727608290527,0.4503305737326754,0.3149437930294522,0.872467823849125,0.3125580386802622,False,False,False,False,-0.4793756916369207,False,False
-0.45861205420092,0,1.1782012951933094,-1.0197399130157712,0.1765837713204426,-1.575009224470179,-1.00245154331806,-0.9254007325196484,-0.1574308176398131,-0.0710153423957056,-0.5913608932251309,0.0206649942929099,False,False,True,False,-0.4793756916369207,False,False
-0.9128691363750968,1,-1.573189559483144,0.3784070253557006,-1.0029610262683273,0.2403010248979152,-0.6080113737015017,-0.9254007325196484,-0.7651922090123016,-1.2288927486711791,-1.1768923800548332,-1.1469071832564992,False,False,True,False,-1.4831770798837216,False,False
-0.7993048658315527,0,-1.573189559483144,-1.0197399130157712,0.1765837713204426,-0.6673540997861319,0.3438881647390698,1.391946254177754,-0.0054904697966909,-1.2288927486711791,-1.1768923800548332,-1.1469071832564992,False,False,False,False,-0.4793756916369207,False,False
-0.5721763247444642,0,-0.6560592745909929,-1.0197399130157712,0.1765837713204426,1.1479561495819623,0.0238763540952309,0.2332727608290527,-0.0054904697966909,0.5079233607420311,-1.1768923800548332,1.188237171842319,False,False,False,False,-0.4793756916369207,False,False
-1.2535619480057296,0,-0.6560592745909929,1.7765539637271726,0.1765837713204426,-1.575009224470179,-0.4528267385964385,1.391946254177754,-0.6132518611691794,-0.0710153423957056,-0.2985951498102796,0.3125580386802622,False,False,False,False,1.497965160337035,False,False
1.0177234628651546,0,0.2610710103011582,0.3784070253557006,2.535673366497982,1.1479561495819623,2.408597135107793,-0.9254007325196484,1.6658533564776523,2.630698605580399,0.872467823849125,1.7720232606170236,False,False,False,True,0.509294734350057,False,False
-0.0043549720267432,0,1.1782012951933094,0.3784070253557006,-1.0029610262683273,1.1479561495819623,-0.6908769555537199,0.2332727608290527,0.9061516172620416,1.6658007670175043,2.629062284338232,2.063916305004376,False,False,False,False,0.509294734350057,False,False
1.244852003952243,1,-1.573189559483144,0.3784070253557006,1.3561285689092124,-0.6673540997861319,1.9123076321601444,0.2332727608290527,-0.0054904697966909,0.70090292845461,0.872467823849125,1.4801302162296714,False,False,False,True,-0.4869411727668323,False,False
-0.9128691363750968,0,1.1782012951933094,0.3784070253557006,-1.0029610262683273,1.1479561495819623,-1.0343924585047333,0.2332727608290527,-0.7651922090123016,-0.2639949101082846,-0.5913608932251309,0.0206649942929099,False,False,False,False,-0.4869411727668323,False,False
0.1092092985168009,0,0.2610710103011582,0.3784070253557006,0.1765837713204426,1.1479561495819623,0.3010993915644698,0.2332727608290527,-0.4613115133260573,-0.2639949101082846,-0.0058294063954284,-0.8550141388691469,False,False,False,False,1.5055306414669463,False,False
-1.7078190301799063,0,1.1782012951933094,-1.0197399130157712,-1.0029610262683273,0.2403010248979152,-0.6848503677826494,-0.9254007325196484,-1.069072904698546,-0.6499540455334424,-0.5913608932251309,-1.1469071832564992,False,False,True,False,0.5168602154799685,False,False
0.1092092985168009,0,-1.573189559483144,0.3784070253557006,1.3561285689092124,1.1479561495819623,2.4408393796830192,1.391946254177754,0.7542112694189196,-0.2639949101082846,-0.5913608932251309,-0.5631210944817947,False,False,False,True,0.509294734350057,False,False
-0.1179192425702874,0,-0.6560592745909929,1.7765539637271726,1.3561285689092124,-0.6673540997861319,1.956603052277512,0.2332727608290527,-0.0054904697966909,0.1219642253168732,0.872467823849125,-0.5631210944817947,False,False,False,False,0.5017292532201456,False,False
0.2227735690603451,0,-1.573189559483144,1.7765539637271726,0.1765837713204426,-1.575009224470179,0.0308069300319619,0.2332727608290527,-0.3093711654829352,0.3149437930294522,-1.1768923800548332,0.8963441274549668,False,False,False,True,1.497965160337035,False,False
-1.1399976774621854,0,0.2610710103011582,0.3784070253557006,0.1765837713204426,-0.6673540997861319,0.2694598057663502,0.2332727608290527,-0.6132518611691794,-0.0710153423957056,0.2869363370194226,0.0206649942929099,True,False,False,False,-1.4831770798837216,False,False
0.677030651234522,0,-0.6560592745909929,0.3784070253557006,0.1765837713204426,0.2403010248979152,-0.1795209831783954,-0.9254007325196484,1.5139130086345305,2.630698605580399,3.5073595145827854,0.6044510830676145,False,False,False,False,0.509294734350057,False,False
-0.7993048658315527,0,-0.6560592745909929,0.3784070253557006,0.1765837713204426,1.1479561495819623,-0.2858902573377882,-0.9254007325196484,-0.0054904697966909,0.70090292845461,0.872467823849125,1.4801302162296714,True,False,True,False,-0.4869411727668323,False,False
2.1533661683005967,0,-0.6560592745909929,0.3784070253557006,0.1765837713204426,1.1479561495819623,-0.0264456537932069,0.2332727608290527,0.2983902258895533,0.70090292845461,0.872467823849125,1.188237171842319,False,False,False,True,0.509294734350057,False,False
-1.1399976774621854,0,-1.573189559483144,0.3784070253557006,0.1765837713204426,-1.575009224470179,-0.2295416616782798,0.2332727608290527,-0.7651922090123016,-0.2639949101082846,-0.2985951498102796,-0.2712280500944423,True,False,False,True,0.509294734350057,False,False
0.1092092985168009,0,1.1782012951933094,0.3784070253557006,-1.0029610262683273,1.1479561495819623,-1.0208326360198248,-0.9254007325196484,1.058091965105164,2.051759902442662,2.336296540923381,0.8963441274549668,False,False,True,False,0.509294734350057,False,False
0.9041591923216103,1,1.1782012951933094,0.3784070253557006,-1.0029610262683273,0.2403010248979152,-0.7056420955928423,0.2332727608290527,1.361972660791408,-1.0359131809586002,-1.1768923800548332,-1.1469071832564992,True,False,False,True,-1.4831770798837216,False,False
0.2227735690603451,0,1.1782012951933094,0.3784070253557006,0.1765837713204426,1.1479561495819623,0.0729930444294548,0.2332727608290527,-0.0054904697966909,-0.8429336132460213,-0.5913608932251309,-0.5631210944817947,False,False,False,False,0.509294734350057,False,False
-1.1399976774621854,1,-1.573189559483144,0.3784070253557006,-1.0029610262683273,-0.6673540997861319,-0.9430896537730166,0.2332727608290527,-0.7651922090123016,-0.6499540455334424,-0.5913608932251309,-0.5631210944817947,False,False,False,True,0.509294734350057,False,False
-0.9128691363750968,0,1.1782012951933094,0.3784070253557006,-1.0029610262683273,1.1479561495819623,-0.6607440166983678,-0.9254007325196484,-0.7651922090123016,-0.2639949101082846,-0.2985951498102796,-0.5631210944817947,False,False,True,False,0.509294734350057,False,False
-0.0043549720267432,0,0.2610710103011582,0.3784070253557006,0.1765837713204426,-0.6673540997861319,-0.3066819851479811,-0.9254007325196484,-0.0054904697966909,0.3149437930294522,-1.1768923800548332,0.8963441274549668,False,False,True,False,0.509294734350057,False,False
-0.5721763247444642,0,1.1782012951933094,0.3784070253557006,-1.0029610262683273,-0.6673540997861319,-0.817736628134752,0.2332727608290527,-1.221013252541668,-0.8429336132460213,-0.5913608932251309,-0.5631210944817947,True,True,False,False,-0.4869411727668323,False,False
-1.1399976774621854,1,1.1782012951933094,-1.0197399130157712,0.1765837713204426,1.1479561495819623,0.098003383679397,-0.9254007325196484,-0.3093711654829352,0.3149437930294522,0.872467823849125,0.0206649942929099,False,False,True,True,-0.4793756916369207,False,False
0.1092092985168009,0,-0.6560592745909929,0.3784070253557006,-1.0029610262683273,1.1479561495819623,-0.957252135035032,2.550619747526455,-0.9171325568554236,-0.4569744778208635,-0.5913608932251309,-0.5631210944817947,True,False,False,True,-0.4869411727668323,False,False
0.677030651234522,0,0.2610710103011582,0.3784070253557006,2.535673366497982,-0.6673540997861319,2.4173356873758447,0.2332727608290527,1.9697340521638969,2.630698605580399,-0.0058294063954284,1.188237171842319,True,False,False,False,1.5055306414669463,False,False
-2.048511841810539,1,0.2610710103011582,0.3784070253557006,-1.0029610262683273,0.2403010248979152,-1.2302565610645215,-0.9254007325196484,-1.5248939482279122,-1.2288927486711791,-1.1768923800548332,-1.1469071832564992,False,False,True,False,0.509294734350057,False,False
-0.1179192425702874,0,0.2610710103011582,0.3784070253557006,1.3561285689092124,-0.6673540997861319,0.7585174033887141,1.391946254177754,0.2983902258895533,0.893882496167189,1.4579993106788274,1.4801302162296714,False,False,False,False,-0.4869411727668323,False,False
-0.0043549720267432,0,0.2610710103011582,1.7765539637271726,-1.0029610262683273,1.1479561495819623,-0.546841507825137,1.391946254177754,-0.9171325568554236,-1.0359131809586002,-1.1768923800548332,-1.1469071832564992,True,False,False,False,1.497965160337035,False,False
1.69910908612642,0,1.1782012951933094,-2.417886851387243,0.1765837713204426,-0.6673540997861319,-0.0062565847601211,0.2332727608290527,0.4503305737326754,-0.4569744778208635,-0.884126636639982,-0.5631210944817947,False,False,False,False,-1.4680461176238986,False,False
0.5634663806909778,0,1.1782012951933094,0.3784070253557006,2.535673366497982,-0.6673540997861319,3.167645864874111,-0.9254007325196484,1.8177937043207744,3.016657741005557,1.7507650540936786,0.0206649942929099,False,False,True,False,0.509294734350057,False,False
-2.048511841810539,0,1.1782012951933094,-1.0197399130157712,-1.0029610262683273,0.2403010248979152,-1.2965490265462962,-0.9254007325196484,-1.5248939482279122,-1.2288927486711791,-1.1768923800548332,-1.1469071832564992,False,True,True,False,-0.4793756916369207,False,False
-0.9128691363750968,0,-0.6560592745909929,1.7765539637271726,0.1765837713204426,-1.575009224470179,0.047681375790959,-0.9254007325196484,-0.1574308176398131,0.3149437930294522,-0.2985951498102796,0.8963441274549668,False,False,True,False,1.497965160337035,False,False
-0.5721763247444642,0,-0.6560592745909929,1.7765539637271726,0.1765837713204426,1.1479561495819623,0.4297670404768231,0.2332727608290527,-0.0054904697966909,0.3149437930294522,0.872467823849125,0.8963441274549668,False,False,False,False,0.5017292532201456,False,False
0.3363378396038894,0,0.2610710103011582,1.7765539637271726,1.3561285689092124,1.1479561495819623,1.2385351193544722,2.550619747526455,1.361972660791408,2.244739470155241,1.7507650540936786,0.8963441274549668,False,False,False,False,0.5017292532201456,False,False
-0.0043549720267432,0,-0.6560592745909929,0.3784070253557006,0.1765837713204426,-0.6673540997861319,0.0515986578421548,0.2332727608290527,0.1464498780464311,0.5079233607420311,1.1652335672639762,1.188237171842319,False,False,False,False,0.509294734350057,False,False
-0.45861205420092,0,1.1782012951933094,-1.0197399130157712,0.1765837713204426,0.2403010248979152,-0.005653925983014,0.2332727608290527,0.4503305737326754,1.2798416315923469,1.1652335672639762,1.188237171842319,False,False,False,False,-1.47561159875381,False,False
0.2227735690603451,0,-1.573189559483144,-1.0197399130157712,1.3561285689092124,-0.6673540997861319,1.9761894625334904,0.2332727608290527,1.361972660791408,0.70090292845461,1.1652335672639762,-0.8550141388691469,False,False,False,False,-0.4793756916369207,False,False
2.4940589799312294,0,1.1782012951933094,-2.417886851387243,0.1765837713204426,0.2403010248979152,0.0473800464024055,0.2332727608290527,0.2983902258895533,-0.2639949101082846,-0.2985951498102796,-0.5631210944817947,False,False,False,True,-1.4680461176238986,False,False
-0.5721763247444642,0,0.2610710103011582,0.3784070253557006,-1.0029610262683273,1.1479561495819623,-0.2054353105939982,0.2332727608290527,-0.6132518611691794,-0.2639949101082846,-0.5913608932251309,-0.2712280500944423,False,False,False,True,0.509294734350057,False,False
-0.5721763247444642,0,-1.573189559483144,-1.0197399130157712,0.1765837713204426,-1.575009224470179,0.273377087817546,-0.9254007325196484,-0.1574308176398131,-0.8429336132460213,-0.5913608932251309,-1.1469071832564992,False,False,False,False,-0.4793756916369207,False,False
1.0177234628651546,0,-1.573189559483144,0.3784070253557006,1.3561285689092124,-1.575009224470179,-0.0882181784466787,0.2332727608290527,2.1216744000070187,3.4026168764307148,1.4579993106788274,2.063916305004376,True,False,False,False,0.509294734350057,False,False
-0.5721763247444642,0,0.2610710103011582,0.3784070253557006,-1.0029610262683273,1.1479561495819623,-0.846061590658783,0.2332727608290527,-1.069072904698546,-0.8429336132460213,-0.5913608932251309,-0.5631210944817947,False,False,False,True,-1.4831770798837216,False,False
-0.3450477836573759,0,1.1782012951933094,0.3784070253557006,1.3561285689092124,-0.6673540997861319,1.9210461844281963,1.391946254177754,0.2983902258895533,0.70090292845461,0.5797020804342738,1.188237171842319,True,False,False,False,0.509294734350057,False,False
0.7905949217780662,0,0.2610710103011582,0.3784070253557006,-1.0029610262683273,1.1479561495819623,-0.918380643911628,-0.9254007325196484,-0.1574308176398131,0.3149437930294522,0.872467823849125,0.8963441274549668,True,False,True,False,0.509294734350057,False,False
1.4719805450393315,0,0.2610710103011582,-1.0197399130157712,2.535673366497982,0.2403010248979152,2.5496192889508404,-0.9254007325196484,2.2736147478501407,0.1219642253168732,-0.884126636639982,0.8963441274549668,False,False,True,True,-0.4793756916369207,False,False
1.812673356669964,1,0.2610710103011582,-1.0197399130157712,0.1765837713204426,-0.6673540997861319,-0.1692757839675757,-0.9254007325196484,0.1464498780464311,0.3149437930294522,-0.5913608932251309,0.8963441274549668,False,False,False,False,-1.47561159875381,False,False
-1.0264334069186412,0,0.2610710103011582,0.3784070253557006,-1.0029610262683273,-0.6673540997861319,-0.9114500679748968,-0.9254007325196484,-0.9171325568554236,-0.4569744778208635,-0.2985951498102796,-0.5631210944817947,False,False,True,True,-0.4869411727668323,False,False
-0.45861205420092,0,0.2610710103011582,-1.0197399130157712,0.1765837713204426,-0.6673540997861319,-0.0827942494527153,-0.9254007325196484,0.4503305737326754,1.2798416315923469,2.336296540923381,1.4801302162296714,False,False,False,True,-0.4793756916369207,False,False
-1.0264334069186412,0,1.1782012951933094,0.3784070253557006,0.1765837713204426,0.2403010248979152,-0.3087912908678558,-0.9254007325196484,-0.7651922090123016,-0.2639949101082846,-0.0058294063954284,0.0206649942929099,False,False,True,True,0.509294734350057,False,False
-0.5721763247444642,0,1.1782012951933094,0.3784070253557006,0.1765837713204426,1.1479561495819623,0.6159886026028989,2.550619747526455,0.4503305737326754,0.1219642253168732,0.872467823849125,0.8963441274549668,False,False,False,False,0.509294734350057,False,False
-0.45861205420092,0,-1.573189559483144,1.7765539637271726,0.1765837713204426,1.1479561495819623,-0.1349242336724744,-0.9254007325196484,-0.0054904697966909,0.1219642253168732,0.872467823849125,0.8963441274549668,False,False,True,False,0.5017292532201456,False,False
-0.9128691363750968,1,-1.573189559483144,-2.417886851387243,-1.0029610262683273,1.1479561495819623,-0.6143392908611256,-0.9254007325196484,-0.7651922090123016,-0.6499540455334424,-0.5913608932251309,-0.5631210944817947,False,False,False,True,-2.464282024740788,False,False
-0.6857405952880085,0,1.1782012951933094,0.3784070253557006,0.1765837713204426,1.1479561495819623,0.0820329260860604,1.391946254177754,0.1464498780464311,0.70090292845461,1.1652335672639762,1.4801302162296714,False,False,False,False,0.509294734350057,False,False
-0.5721763247444642,0,0.2610710103011582,-1.0197399130157712,1.3561285689092124,0.2403010248979152,1.0366444290236136,0.2332727608290527,-0.0054904697966909,0.70090292845461,1.4579993106788274,1.4801302162296714,True,False,False,False,-0.4793756916369207,False,False
0.3363378396038894,1,1.1782012951933094,0.3784070253557006,0.1765837713204426,0.2403010248979152,-0.0797809555671801,-0.9254007325196484,0.2983902258895533,-1.0359131809586002,-1.1768923800548332,-1.1469071832564992,False,False,False,True,-0.4869411727668323,False,False
-0.3450477836573759,0,-0.6560592745909929,-1.0197399130157712,0.1765837713204426,1.1479561495819623,-0.2473200956029375,-0.9254007325196484,-0.1574308176398131,0.1219642253168732,0.872467823849125,-0.8550141388691469,True,False,True,False,-1.47561159875381,False,False
0.7905949217780662,0,0.2610710103011582,-1.0197399130157712,0.1765837713204426,0.2403010248979152,-0.0740556971846632,0.2332727608290527,-0.1574308176398131,0.5079233607420311,0.872467823849125,-1.1469071832564992,True,False,False,False,0.5168602154799685,False,False
-1.0264334069186412,0,0.2610710103011582,0.3784070253557006,0.1765837713204426,-0.6673540997861319,0.2549959951157812,0.2332727608290527,-0.6132518611691794,-0.2639949101082846,-0.0058294063954284,0.0206649942929099,False,False,False,True,0.509294734350057,False,False
2.0398018977570525,0,1.1782012951933094,0.3784070253557006,0.1765837713204426,0.2403010248979152,-0.1909714999434292,-0.9254007325196484,1.5139130086345305,-0.4569744778208635,-0.2985951498102796,-0.2712280500944423,True,False,True,False,-0.4869411727668323,False,False
0.7905949217780662,0,0.2610710103011582,0.3784070253557006,1.3561285689092124,-1.575009224470179,1.350629651896382,0.2332727608290527,-0.0054904697966909,-1.0359131809586002,-1.1768923800548332,-1.1469071832564992,False,False,False,False,-0.4869411727668323,False,False
1.0177234628651546,0,1.1782012951933094,0.3784070253557006,0.1765837713204426,1.1479561495819623,-0.5441295433281553,1.391946254177754,0.2983902258895533,0.70090292845461,1.4579993106788274,1.188237171842319,False,False,False,False,0.509294734350057,False,False
0.4499021101474336,0,-0.6560592745909929,-2.417886851387243,0.1765837713204426,1.1479561495819623,0.588868957633082,2.550619747526455,-0.6132518611691794,-0.4569744778208635,-0.2985951498102796,-0.5631210944817947,False,False,False,True,-2.464282024740788,False,False
-0.7993048658315527,1,-0.6560592745909929,-2.417886851387243,-1.0029610262683273,-1.575009224470179,-1.0196273184656108,-0.9254007325196484,-0.4613115133260573,0.1219642253168732,0.872467823849125,0.8963441274549668,False,False,False,True,-2.464282024740788,False,False
-0.7993048658315527,0,-0.6560592745909929,-1.0197399130157712,-1.0029610262683273,1.1479561495819623,-0.4579493382018484,-0.9254007325196484,-0.9171325568554236,-0.6499540455334424,-0.5913608932251309,-0.5631210944817947,False,False,True,False,-0.4793756916369207,False,False
-0.6857405952880085,0,1.1782012951933094,-1.0197399130157712,0.1765837713204426,0.2403010248979152,0.1853889063599179,2.550619747526455,-0.0054904697966909,0.70090292845461,1.4579993106788274,-0.5631210944817947,False,False,False,False,-0.4793756916369207,False,False
-1.0264334069186412,0,-0.6560592745909929,0.3784070253557006,0.1765837713204426,-0.6673540997861319,0.2143165276610559,0.2332727608290527,-0.3093711654829352,0.3149437930294522,0.872467823849125,0.8963441274549668,False,False,False,False,0.509294734350057,False,False
0.1092092985168009,0,1.1782012951933094,0.3784070253557006,0.1765837713204426,1.1479561495819623,0.2543933363386741,1.391946254177754,-0.3093711654829352,-0.0710153423957056,-0.5913608932251309,0.0206649942929099,False,False,False,False,-0.4869411727668323,False,False
0.2227735690603451,0,0.2610710103011582,-1.0197399130157712,1.3561285689092124,1.1479561495819623,1.8101569694405009,0.2332727608290527,0.2983902258895533,0.893882496167189,1.7507650540936786,1.4801302162296714,False,False,False,True,-0.4793756916369207,False,False
-0.5721763247444642,0,0.2610710103011582,0.3784070253557006,1.3561285689092124,1.1479561495819623,0.4942515296272765,-0.9254007325196484,0.1464498780464311,0.893882496167189,1.4579993106788274,1.7720232606170236,False,False,True,True,-0.4869411727668323,False,False
-0.7993048658315527,0,1.1782012951933094,-1.0197399130157712,0.1765837713204426,-0.6673540997861319,0.8332470917499872,1.391946254177754,-0.4613115133260573,0.1219642253168732,0.872467823849125,0.8963441274549668,False,False,False,True,-0.4793756916369207,False,False
-0.1179192425702874,0,0.2610710103011582,0.3784070253557006,1.3561285689092124,-0.6673540997861319,0.7811171075302281,-0.9254007325196484,1.058091965105164,1.8587803347300835,0.5797020804342738,2.6477023937790807,False,False,True,False,0.509294734350057,False,False
-1.480690489092818,0,0.2610710103011582,0.3784070253557006,-1.0029610262683273,1.1479561495819623,-0.7830837484510972,1.391946254177754,-0.9171325568554236,-0.4569744778208635,-0.5913608932251309,-0.5631210944817947,False,False,False,False,-0.4869411727668323,False,False
0.5634663806909778,0,1.1782012951933094,-1.0197399130157712,0.1765837713204426,-0.6673540997861319,0.1594745789443152,-0.9254007325196484,-0.3093711654829352,-0.2639949101082846,-0.0058294063954284,-0.5631210944817947,False,False,True,True,-0.4793756916369207,False,False
1.244852003952243,0,-0.6560592745909929,0.3784070253557006,0.1765837713204426,0.2403010248979152,-0.7613880324752437,-0.9254007325196484,-0.7651922090123016,-1.2288927486711791,-1.1768923800548332,-1.1469071832564992,True,True,True,False,0.509294734350057,False,False
0.677030651234522,0,-1.573189559483144,0.3784070253557006,2.535673366497982,1.1479561495819623,3.16071528893738,-0.9254007325196484,0.9061516172620416,-1.0359131809586002,-1.1768923800548332,-1.1469071832564992,False,False,True,False,0.509294734350057,False,False
-0.7993048658315527,0,1.1782012951933094,0.3784070253557006,0.1765837713204426,0.2403010248979152,-0.2572639654252037,0.2332727608290527,-0.9171325568554236,-0.4569744778208635,-0.2985951498102796,-0.5631210944817947,False,False,False,False,-0.4869411727668323,False,False
0.677030651234522,0,0.2610710103011582,0.3784070253557006,-1.0029610262683273,0.2403010248979152,-0.8457602612702294,0.2332727608290527,-0.9171325568554236,-0.6499540455334424,-0.5913608932251309,-1.1469071832564992,False,False,False,True,0.509294734350057,False,False
-0.45861205420092,0,0.2610710103011582,0.3784070253557006,-1.0029610262683273,-0.6673540997861319,-0.9439936419386772,0.2332727608290527,-0.3093711654829352,0.3149437930294522,-1.1768923800548332,0.8963441274549668,False,False,False,False,0.509294734350057,False,False
1.3584162744957873,0,-1.573189559483144,0.3784070253557006,1.3561285689092124,0.2403010248979152,2.1096783816627003,0.2332727608290527,0.7542112694189196,-1.2288927486711791,-1.1768923800548332,-1.1469071832564992,False,False,False,False,-1.4831770798837216,False,False
0.1092092985168009,0,0.2610710103011582,1.7765539637271726,0.1765837713204426,-1.575009224470179,0.141997474408211,1.391946254177754,0.4503305737326754,0.1219642253168732,0.872467823849125,0.8963441274549668,False,False,False,True,1.497965160337035,False,False
-0.6857405952880085,0,1.1782012951933094,0.3784070253557006,0.1765837713204426,0.2403010248979152,-0.2310483086210474,0.2332727608290527,-0.9171325568554236,-0.8429336132460213,-0.5913608932251309,-0.5631210944817947,False,False,False,True,1.5055306414669463,False,False
-1.1399976774621854,0,0.2610710103011582,0.3784070253557006,0.1765837713204426,0.2403010248979152,-0.0623038510310759,0.2332727608290527,-0.3093711654829352,0.3149437930294522,0.872467823849125,0.8963441274549668,False,False,False,False,0.509294734350057,False,False
0.677030651234522,0,-1.573189559483144,-1.0197399130157712,0.1765837713204426,1.1479561495819623,0.3851702909709021,-0.9254007325196484,0.6022709215757975,-1.0359131809586002,-1.1768923800548332,-1.1469071832564992,False,False,True,False,-0.4793756916369207,False,False
-1.7078190301799063,1,-1.573189559483144,-1.0197399130157712,-1.0029610262683273,-0.6673540997861319,-1.0030542020951672,-0.9254007325196484,-1.069072904698546,-0.6499540455334424,-0.5913608932251309,-0.5631210944817947,True,True,True,True,-0.4793756916369207,False,False
-0.0043549720267432,0,1.1782012951933094,0.3784070253557006,0.1765837713204426,1.1479561495819623,0.3466001292360515,-0.9254007325196484,-0.4613115133260573,-1.0359131809586002,-1.1768923800548332,-1.1469071832564992,False,False,True,False,0.509294734350057,False,False
-0.0043549720267432,0,-1.573189559483144,-1.0197399130157712,1.3561285689092124,1.1479561495819623,1.264449446770075,0.2332727608290527,0.9061516172620416,1.2798416315923469,1.4579993106788274,2.3558093493917283,True,False,False,False,-0.4793756916369207,False,False
2.380494709387685,0,1.1782012951933094,0.3784070253557006,0.1765837713204426,0.2403010248979152,0.3773357268685106,-0.9254007325196484,0.7542112694189196,-0.6499540455334424,-0.5913608932251309,-0.5631210944817947,False,False,False,False,0.509294734350057,False,False
0.4499021101474336,0,1.1782012951933094,1.7765539637271726,-1.0029610262683273,0.2403010248979152,-0.99130235594158,0.2332727608290527,-0.0054904697966909,0.1219642253168732,0.872467823849125,0.8963441274549668,False,False,False,True,1.497965160337035,False,False
-1.7078190301799063,0,-1.573189559483144,0.3784070253557006,-1.0029610262683273,1.1479561495819623,-0.8716745886858321,-0.9254007325196484,-1.069072904698546,-0.6499540455334424,-0.5913608932251309,-0.5631210944817947,False,True,True,False,-0.4869411727668323,False,False
-0.3450477836573759,1,1.1782012951933094,0.3784070253557006,-1.0029610262683273,0.2403010248979152,-0.7990542060444337,-0.9254007325196484,-1.37295360038479,-1.0359131809586002,-1.1768923800548332,-1.1469071832564992,False,True,True,True,0.509294734350057,False,False
0.1092092985168009,0,0.2610710103011582,0.3784070253557006,-1.0029610262683273,-1.575009224470179,-0.6179552435237678,0.2332727608290527,1.058091965105164,-0.2639949101082846,-0.0058294063954284,-0.2712280500944423,False,False,False,False,0.509294734350057,False,False
1.1312877334086988,0,0.2610710103011582,0.3784070253557006,0.1765837713204426,0.2403010248979152,-0.0737543677961097,-0.9254007325196484,-0.4613115133260573,-1.0359131809586002,-1.1768923800548332,-1.1469071832564992,False,False,False,False,1.5055306414669463,False,False
0.5634663806909778,1,-1.573189559483144,0.3784070253557006,0.1765837713204426,-0.6673540997861319,1.160792137107664,-0.9254007325196484,-0.3093711654829352,0.3149437930294522,0.872467823849125,0.8963441274549668,True,False,True,False,0.509294734350057,False,False
1.5855448155828755,0,1.1782012951933094,-1.0197399130157712,1.3561285689092124,1.1479561495819623,1.504608969447231,-0.9254007325196484,1.5139130086345305,-0.4569744778208635,-0.2985951498102796,-0.2712280500944423,False,False,True,False,-0.4793756916369207,False,False
0.4499021101474336,1,0.2610710103011582,-1.0197399130157712,0.1765837713204426,0.2403010248979152,0.2643372061609403,1.391946254177754,-0.3093711654829352,-0.0710153423957056,-0.0058294063954284,-1.1469071832564992,False,False,False,True,-0.4793756916369207,False,False
-0.5721763247444642,0,0.2610710103011582,-1.0197399130157712,-1.0029610262683273,-0.6673540997861319,-0.8575121074238167,-0.9254007325196484,-1.069072904698546,-0.8429336132460213,-0.5913608932251309,-0.5631210944817947,False,False,True,True,-0.4793756916369207,False,False
-1.7078190301799063,1,0.2610710103011582,1.7765539637271726,-1.0029610262683273,-0.6673540997861319,-0.839733673499159,-0.9254007325196484,-1.37295360038479,-1.0359131809586002,-1.1768923800548332,-1.1469071832564992,False,True,True,False,1.497965160337035,False,False
-0.7993048658315527,0,1.1782012951933094,0.3784070253557006,-1.0029610262683273,1.1479561495819623,-0.994918308604222,-0.9254007325196484,-0.6132518611691794,-0.6499540455334424,-0.5913608932251309,-0.5631210944817947,False,False,True,False,0.509294734350057,False,False
-0.1179192425702874,0,0.2610710103011582,-1.0197399130157712,0.1765837713204426,-0.6673540997861319,0.3125499083295036,-0.9254007325196484,-0.0054904697966909,-1.0359131809586002,-0.884126636639982,-1.1469071832564992,False,False,True,False,-0.4793756916369207,False,False
-1.0264334069186412,0,1.1782012951933094,0.3784070253557006,-1.0029610262683273,-0.6673540997861319,-0.5082713460902863,0.2332727608290527,-0.7651922090123016,-0.2639949101082846,-0.5913608932251309,0.0206649942929099,False,False,False,False,0.509294734350057,False,False
-0.9128691363750968,0,-0.6560592745909929,0.3784070253557006,0.1765837713204426,1.1479561495819623,-0.0752610147388773,-0.9254007325196484,-0.4613115133260573,0.1219642253168732,0.2869363370194226,0.8963441274549668,False,False,True,False,0.509294734350057,False,False
1.4719805450393315,0,-0.6560592745909929,-1.0197399130157712,1.3561285689092124,0.2403010248979152,1.645932452678832,-0.9254007325196484,2.4255550956932628,-0.2639949101082846,-0.5913608932251309,-1.1469071832564992,False,False,True,False,-0.4793756916369207,False,False
1.69910908612642,0,0.2610710103011582,0.3784070253557006,0.1765837713204426,1.1479561495819623,-0.1707824309103433,0.2332727608290527,1.210032312948286,0.1219642253168732,0.872467823849125,0.8963441274549668,False,False,False,False,-0.4869411727668323,False,False
-0.0043549720267432,0,1.1782012951933094,0.3784070253557006,-1.0029610262683273,0.2403010248979152,-0.8918636577189181,0.2332727608290527,-0.6132518611691794,-0.8429336132460213,-0.5913608932251309,-0.5631210944817947,False,False,False,False,0.509294734350057,False,False
-0.2314835131138316,1,-1.573189559483144,1.7765539637271726,0.1765837713204426,1.1479561495819623,-0.0598932159226477,-0.9254007325196484,-0.1574308176398131,-0.2639949101082846,-0.5913608932251309,0.0206649942929099,False,False,True,True,0.5017292532201456,False,False
-1.3671262185492736,0,1.1782012951933094,0.3784070253557006,0.1765837713204426,0.2403010248979152,-0.3744810975725232,0.2332727608290527,-0.7651922090123016,-0.2639949101082846,-0.5913608932251309,-0.2712280500944423,False,False,False,True,1.5055306414669463,False,False
-0.6857405952880085,0,0.2610710103011582,0.3784070253557006,-1.0029610262683273,-0.6673540997861319,-0.912052726752004,0.2332727608290527,-1.37295360038479,-1.0359131809586002,-1.1768923800548332,-1.1469071832564992,False,True,False,False,0.509294734350057,False,False
-1.1399976774621854,1,0.2610710103011582,0.3784070253557006,-1.0029610262683273,-1.575009224470179,-0.7234205295175,-0.9254007325196484,-0.4613115133260573,-0.0710153423957056,-0.0058294063954284,0.0206649942929099,True,False,True,False,0.509294734350057,False,False
-1.594254759636362,0,-1.573189559483144,0.3784070253557006,-1.0029610262683273,-0.6673540997861319,-0.9819611448964208,0.2332727608290527,-1.221013252541668,-0.8429336132460213,-0.884126636639982,-0.5631210944817947,False,False,False,False,0.509294734350057,False,False
-0.0043549720267432,0,-0.6560592745909929,-1.0197399130157712,1.3561285689092124,0.2403010248979152,0.6307537426420213,1.391946254177754,-0.0054904697966909,0.70090292845461,1.4579993106788274,-1.1469071832564992,False,False,False,False,-0.4793756916369207,False,False
-0.6857405952880085,1,0.2610710103011582,0.3784070253557006,-1.0029610262683273,1.1479561495819623,-0.9696066399657264,-0.9254007325196484,-1.069072904698546,-1.0359131809586002,-1.1768923800548332,-1.1469071832564992,True,False,True,True,0.509294734350057,False,False
0.1092092985168009,0,1.1782012951933094,0.3784070253557006,-1.0029610262683273,-1.575009224470179,-0.7439109279391395,0.2332727608290527,1.210032312948286,2.244739470155241,0.872467823849125,3.81527457132849,False,False,False,False,-0.4869411727668323,False,False
0.4499021101474336,0,1.1782012951933094,0.3784070253557006,0.1765837713204426,-0.6673540997861319,0.0639531627728491,1.391946254177754,-0.3093711654829352,-0.2639949101082846,-0.0058294063954284,-0.2712280500944423,False,False,False,False,0.509294734350057,False,False
0.677030651234522,0,-0.6560592745909929,0.3784070253557006,-1.0029610262683273,-1.575009224470179,-0.8819197878966519,0.2332727608290527,-0.3093711654829352,-0.2639949101082846,-0.5913608932251309,-0.5631210944817947,False,False,False,False,0.509294734350057,False,False
0.1092092985168009,0,0.2610710103011582,0.3784070253557006,0.1765837713204426,-0.6673540997861319,-0.393464849051395,-0.9254007325196484,1.210032312948286,-1.0359131809586002,-1.1768923800548332,-0.8550141388691469,False,False,True,True,-0.4869411727668323,False,False
0.7905949217780662,0,-1.573189559483144,-1.0197399130157712,2.535673366497982,-0.6673540997861319,2.66171382149275,0.2332727608290527,2.2736147478501407,3.5955964441432937,1.7507650540936786,1.4801302162296714,False,False,False,False,-0.4793756916369207,False,False
0.4499021101474336,0,-0.6560592745909929,-1.0197399130157712,0.1765837713204426,0.2403010248979152,-0.6191605610779819,0.2332727608290527,1.5139130086345305,-1.0359131809586002,-1.1768923800548332,-1.1469071832564992,False,False,False,False,-0.4793756916369207,False,False
-0.2314835131138316,0,0.2610710103011582,0.3784070253557006,0.1765837713204426,0.2403010248979152,0.3119472495523966,0.2332727608290527,-0.6132518611691794,-0.6499540455334424,-0.5913608932251309,-0.5631210944817947,False,False,False,False,0.509294734350057,False,False
-0.5721763247444642,0,-0.6560592745909929,0.3784070253557006,0.1765837713204426,-1.575009224470179,-0.3606199456990613,0.2332727608290527,0.4503305737326754,1.2798416315923469,1.7507650540936786,2.3558093493917283,False,False,False,False,-1.4831770798837216,False,False
0.7905949217780662,0,1.1782012951933094,0.3784070253557006,-1.0029610262683273,1.1479561495819623,-0.9777425334566714,0.2332727608290527,-0.3093711654829352,-0.6499540455334424,-0.5913608932251309,-0.5631210944817947,True,False,False,False,0.509294734350057,False,False
0.7905949217780662,0,0.2610710103011582,0.3784070253557006,0.1765837713204426,0.2403010248979152,-0.2955327977715009,-0.9254007325196484,-0.3093711654829352,-0.2639949101082846,-0.5913608932251309,-0.5631210944817947,False,False,False,True,0.509294734350057,False,False
-1.2535619480057296,0,-0.6560592745909929,-1.0197399130157712,0.1765837713204426,1.1479561495819623,-0.3060793263708741,-0.9254007325196484,-0.7651922090123016,-0.2639949101082846,-0.0058294063954284,-0.2712280500944423,False,False,True,True,-0.4793756916369207,False,False
0.1092092985168009,0,-0.6560592745909929,0.3784070253557006,0.1765837713204426,0.2403010248979152,-0.3175298431359079,1.391946254177754,0.7542112694189196,1.2798416315923469,2.04353079750853,0.8963441274549668,False,False,False,True,0.509294734350057,False,False
-0.5721763247444642,0,1.1782012951933094,-1.0197399130157712,-1.0029610262683273,-1.575009224470179,-0.9897957089988122,0.2332727608290527,-0.9171325568554236,-0.4569744778208635,-0.5913608932251309,-0.5631210944817947,False,False,False,False,-0.4793756916369207,False,False
2.266930438844141,0,0.2610710103011582,1.7765539637271726,2.535673366497982,-1.575009224470179,2.323019588758593,2.550619747526455,3.944958574124484,0.1219642253168732,0.872467823849125,0.8963441274549668,True,False,False,False,0.5017292532201456,False,False
-0.6857405952880085,0,-0.6560592745909929,0.3784070253557006,0.1765837713204426,0.2403010248979152,0.3236990957059839,-0.9254007325196484,-0.6132518611691794,-0.2639949101082846,-0.0058294063954284,0.0206649942929099,False,False,True,False,0.509294734350057,False,False
0.5634663806909778,0,-0.6560592745909929,1.7765539637271726,1.3561285689092124,-1.575009224470179,0.8706119359306237,0.2332727608290527,-0.0054904697966909,0.70090292845461,0.872467823849125,0.8963441274549668,False,False,False,False,1.497965160337035,False,False
-0.9128691363750968,0,0.2610710103011582,0.3784070253557006,0.1765837713204426,-1.575009224470179,-0.2846849397835741,0.2332727608290527,-0.0054904697966909,0.70090292845461,-1.1768923800548332,1.188237171842319,False,False,False,False,0.509294734350057,False,False
-1.2535619480057296,1,-1.573189559483144,0.3784070253557006,-1.0029610262683273,-1.575009224470179,-0.4434855275512794,0.2332727608290527,-0.6132518611691794,-0.8429336132460213,-0.5913608932251309,-0.5631210944817947,False,False,False,False,0.509294734350057,False,False
1.812673356669964,0,1.1782012951933094,-1.0197399130157712,1.3561285689092124,0.2403010248979152,0.7431496045724846,-0.9254007325196484,2.7294357913795078,-0.2639949101082846,-0.0058294063954284,0.0206649942929099,False,False,False,True,-0.4793756916369207,False,False
1.0177234628651546,0,-1.573189559483144,0.3784070253557006,-1.0029610262683273,1.1479561495819623,-0.8584160955894773,1.391946254177754,-0.3093711654829352,-0.8429336132460213,-0.5913608932251309,-0.5631210944817947,False,False,False,False,-0.4869411727668323,False,False
1.812673356669964,0,1.1782012951933094,0.3784070253557006,2.535673366497982,1.1479561495819623,3.330363734693012,-0.9254007325196484,3.185256834908873,-0.2639949101082846,-0.5913608932251309,0.0206649942929099,False,False,False,False,-1.4831770798837216,False,False
0.677030651234522,0,-1.573189559483144,0.3784070253557006,0.1765837713204426,0.2403010248979152,-0.2852875985606811,0.2332727608290527,1.361972660791408,-0.2639949101082846,-0.0058294063954284,-0.5631210944817947,True,False,False,False,0.509294734350057,False,False
-0.6857405952880085,0,0.2610710103011582,-2.417886851387243,0.1765837713204426,1.1479561495819623,0.1772530128689729,-0.9254007325196484,0.1464498780464311,-0.2639949101082846,-0.0058294063954284,-0.5631210944817947,False,False,True,False,-1.4680461176238986,False,False
1.1312877334086988,0,0.2610710103011582,0.3784070253557006,0.1765837713204426,0.2403010248979152,-0.2087499338680869,0.2332727608290527,1.361972660791408,0.70090292845461,0.872467823849125,1.188237171842319,False,False,False,False,-0.4869411727668323,False,False
0.677030651234522,0,1.1782012951933094,-1.0197399130157712,0.1765837713204426,1.1479561495819623,-0.2952314683829473,2.550619747526455,-0.4613115133260573,-0.0710153423957056,0.2869363370194226,0.0206649942929099,True,False,False,False,0.5168602154799685,False,False
-1.3671262185492736,1,-1.573189559483144,0.3784070253557006,-1.0029610262683273,-0.6673540997861319,-0.693287590662148,-0.9254007325196484,-0.6132518611691794,-0.2639949101082846,-0.2985951498102796,0.0206649942929099,False,True,True,True,0.509294734350057,False,False
-0.2314835131138316,1,1.1782012951933094,-2.417886851387243,-1.0029610262683273,0.2403010248979152,-0.949718900321194,0.2332727608290527,-1.069072904698546,-0.8429336132460213,-0.5913608932251309,-1.1469071832564992,True,True,False,False,-2.464282024740788,False,False
0.2227735690603451,0,1.1782012951933094,0.3784070253557006,-1.0029610262683273,1.1479561495819623,-1.145281673492429,0.2332727608290527,-1.37295360038479,-1.0359131809586002,-1.1768923800548332,-1.1469071832564992,True,False,False,True,0.509294734350057,False,False
-1.1399976774621854,0,-1.573189559483144,0.3784070253557006,-1.0029610262683273,1.1479561495819623,-0.7885076774450605,1.391946254177754,-1.069072904698546,-0.6499540455334424,-0.5913608932251309,-0.5631210944817947,False,False,False,False,-1.4831770798837216,False,False
-0.6857405952880085,0,0.2610710103011582,0.3784070253557006,-1.0029610262683273,1.1479561495819623,-1.0262565650137885,0.2332727608290527,-0.1574308176398131,-0.2639949101082846,-0.2985951498102796,0.0206649942929099,False,False,False,False,-1.4831770798837216,False,False
-0.7993048658315527,0,-0.6560592745909929,-1.0197399130157712,1.3561285689092124,0.2403010248979152,1.938221959575747,-0.9254007325196484,-0.0054904697966909,0.70090292845461,-0.5913608932251309,0.8963441274549668,False,False,False,False,-0.4793756916369207,False,False
-0.7993048658315527,1,0.2610710103011582,-1.0197399130157712,-1.0029610262683273,-0.6673540997861319,-0.8909596695532574,-0.9254007325196484,-0.6132518611691794,-0.8429336132460213,-0.5913608932251309,-0.8550141388691469,False,False,False,False,0.5168602154799685,False,False
-1.9349475712669948,1,-1.573189559483144,-1.0197399130157712,-1.0029610262683273,1.1479561495819623,-0.8855357405592941,-0.9254007325196484,-1.37295360038479,-1.0359131809586002,-1.1768923800548332,-1.1469071832564992,False,False,True,False,0.5168602154799685,False,False
-0.6857405952880085,0,0.2610710103011582,0.3784070253557006,1.3561285689092124,-1.575009224470179,0.8766385237016942,-0.9254007325196484,-0.0054904697966909,0.5079233607420311,1.1652335672639762,1.188237171842319,False,False,False,False,0.509294734350057,False,False
2.380494709387685,0,-1.573189559483144,-1.0197399130157712,2.535673366497982,1.1479561495819623,2.596024014788082,0.2332727608290527,3.3371971827519955,-1.0359131809586002,-1.1768923800548332,-1.1469071832564992,False,False,False,False,-1.47561159875381,False,False
-0.6857405952880085,0,0.2610710103011582,0.3784070253557006,-1.0029610262683273,1.1479561495819623,-0.8855357405592941,-0.9254007325196484,0.2983902258895533,0.893882496167189,0.872467823849125,0.8963441274549668,False,False,True,False,-0.4869411727668323,False,False
2.721187521018318,0,0.2610710103011582,-1.0197399130157712,1.3561285689092124,-1.575009224470179,1.4353032100799212,-0.9254007325196484,1.8177937043207744,2.244739470155241,2.629062284338232,2.063916305004376,True,False,False,False,0.5168602154799685,False,False
1.244852003952243,0,-1.573189559483144,0.3784070253557006,0.1765837713204426,1.1479561495819623,-0.1304042928441716,2.550619747526455,1.5139130086345305,-0.2639949101082846,-1.1768923800548332,0.0206649942929099,False,False,False,False,0.509294734350057,False,False
-0.1179192425702874,0,1.1782012951933094,-2.417886851387243,-1.0029610262683273,0.2403010248979152,-0.3835209792291288,-0.9254007325196484,-0.6132518611691794,-0.2639949101082846,-0.0058294063954284,-0.2712280500944423,False,False,True,False,-1.4680461176238986,False,False
2.0398018977570525,0,0.2610710103011582,0.3784070253557006,0.1765837713204426,0.2403010248979152,-0.5191192040782131,-0.9254007325196484,1.361972660791408,-1.0359131809586002,-1.1768923800548332,-1.1469071832564992,False,False,True,False,0.509294734350057,False,False
-0.2314835131138316,0,1.1782012951933094,-1.0197399130157712,-1.0029610262683273,0.2403010248979152,-0.8240645452943759,0.2332727608290527,0.6022709215757975,0.1219642253168732,-0.2985951498102796,0.8963441274549668,False,False,False,False,-0.4793756916369207,False,False
1.1312877334086988,0,0.2610710103011582,-1.0197399130157712,1.3561285689092124,1.1479561495819623,1.0752145907584645,0.2332727608290527,0.7542112694189196,-0.6499540455334424,-0.5913608932251309,-0.5631210944817947,False,False,False,True,-0.4793756916369207,False,False
-0.5721763247444642,0,0.2610710103011582,0.3784070253557006,1.3561285689092124,-0.6673540997861319,1.5504110365073662,0.2332727608290527,0.4503305737326754,1.2798416315923469,1.1652335672639762,1.188237171842319,False,False,False,False,1.5055306414669463,False,False
-0.3450477836573759,1,-0.6560592745909929,0.3784070253557006,1.3561285689092124,0.2403010248979152,2.442948685402894,-0.9254007325196484,0.7542112694189196,0.1219642253168732,0.5797020804342738,0.8963441274549668,False,False,False,True,1.5055306414669463,False,False
-0.3450477836573759,1,-1.573189559483144,-2.417886851387243,-1.0029610262683273,1.1479561495819623,-0.6312137366201228,2.550619747526455,-0.3093711654829352,-0.4569744778208635,-0.2985951498102796,-0.2712280500944423,False,False,False,False,-1.4680461176238986,False,False
-0.6857405952880085,0,1.1782012951933094,0.3784070253557006,-1.0029610262683273,-0.6673540997861319,-0.759278726755369,-0.9254007325196484,-0.9171325568554236,-0.6499540455334424,-0.5913608932251309,-0.5631210944817947,False,True,True,False,0.509294734350057,False,False
-0.1179192425702874,0,1.1782012951933094,0.3784070253557006,1.3561285689092124,0.2403010248979152,0.6416016006299481,-0.9254007325196484,-0.0054904697966909,0.3149437930294522,0.872467823849125,-1.1469071832564992,False,False,False,True,0.509294734350057,False,False
-0.5721763247444642,1,-1.573189559483144,0.3784070253557006,1.3561285689092124,0.2403010248979152,1.3021156203392652,-0.9254007325196484,0.2983902258895533,-1.0359131809586002,-1.1768923800548332,-1.1469071832564992,True,False,False,False,0.509294734350057,False,False
-0.2314835131138316,1,-0.6560592745909929,0.3784070253557006,1.3561285689092124,-1.575009224470179,1.3400831232970087,2.550619747526455,0.1464498780464311,-0.6499540455334424,-0.5913608932251309,-0.5631210944817947,True,False,False,True,0.509294734350057,False,False
0.677030651234522,0,-0.6560592745909929,0.3784070253557006,-1.0029610262683273,0.2403010248979152,-1.0274618825680024,0.2332727608290527,-0.3093711654829352,-0.8429336132460213,-0.5913608932251309,-1.1469071832564992,True,False,False,False,0.509294734350057,False,False
-0.0043549720267432,0,-0.6560592745909929,0.3784070253557006,1.3561285689092124,1.1479561495819623,1.3491230049536145,-0.9254007325196484,-0.0054904697966909,0.70090292845461,-0.2985951498102796,0.8963441274549668,False,False,True,False,-0.4869411727668323,False,False
-1.594254759636362,1,0.2610710103011582,-1.0197399130157712,-1.0029610262683273,0.2403010248979152,-0.4847676537831117,-0.9254007325196484,-0.9171325568554236,-0.8429336132460213,-0.5913608932251309,-0.5631210944817947,True,False,True,False,-0.4793756916369207,False,False
1.3584162744957873,0,-0.6560592745909929,0.3784070253557006,0.1765837713204426,1.1479561495819623,-0.437458939780209,0.2332727608290527,0.6022709215757975,0.5079233607420311,0.872467823849125,0.8963441274549668,False,False,False,False,0.509294734350057,False,False
0.5634663806909778,0,1.1782012951933094,0.3784070253557006,0.1765837713204426,1.1479561495819623,0.2191377978779122,-0.9254007325196484,0.9061516172620416,1.4728211993049256,-0.2985951498102796,1.7720232606170236,False,False,True,False,0.509294734350057,False,False
-0.1179192425702874,0,-0.6560592745909929,0.3784070253557006,0.1765837713204426,0.2403010248979152,-0.2367735670035643,-0.9254007325196484,0.7542112694189196,0.893882496167189,1.4579993106788274,1.4801302162296714,False,False,False,False,0.509294734350057,False,False
0.4499021101474336,0,-0.6560592745909929,0.3784070253557006,2.535673366497982,0.2403010248979152,2.330552823472431,-0.9254007325196484,1.8177937043207744,2.630698605580399,0.5797020804342738,2.6477023937790807,False,False,True,False,0.509294734350057,False,False
0.3363378396038894,0,0.2610710103011582,0.3784070253557006,-1.0029610262683273,0.2403010248979152,-0.5266524387920511,0.2332727608290527,-0.3093711654829352,0.3149437930294522,-0.2985951498102796,0.8963441274549668,True,False,False,False,0.509294734350057,False,False
-0.5721763247444642,0,-0.6560592745909929,0.3784070253557006,0.1765837713204426,1.1479561495819623,0.3252057426487515,-0.9254007325196484,-0.0054904697966909,-0.0710153423957056,0.2869363370194226,0.3125580386802622,False,False,True,True,1.5055306414669463,False,False
0.677030651234522,0,1.1782012951933094,0.3784070253557006,1.3561285689092124,-1.575009224470179,0.5735011588168525,0.2332727608290527,-0.0054904697966909,0.70090292845461,1.4579993106788274,1.188237171842319,False,False,False,True,-0.4869411727668323,False,False
1.0177234628651546,0,1.1782012951933094,0.3784070253557006,0.1765837713204426,-0.6673540997861319,-0.2102565808108545,0.2332727608290527,-0.1574308176398131,0.3149437930294522,0.872467823849125,0.8963441274549668,False,False,False,False,1.5055306414669463,False,False
-1.1399976774621854,1,-0.6560592745909929,0.3784070253557006,-1.0029610262683273,0.2403010248979152,-0.832200438785321,0.2332727608290527,-0.3093711654829352,0.1219642253168732,0.872467823849125,-1.1469071832564992,True,False,False,True,-0.4869411727668323,False,False
-0.7993048658315527,0,1.1782012951933094,0.3784070253557006,0.1765837713204426,1.1479561495819623,-0.3738784387954162,1.391946254177754,-0.3093711654829352,-0.6499540455334424,-0.5913608932251309,-0.5631210944817947,False,False,False,False,1.5055306414669463,False,False
-0.3450477836573759,0,-1.573189559483144,1.7765539637271726,2.535673366497982,0.2403010248979152,3.218570531539656,0.2332727608290527,-0.0054904697966909,-0.0710153423957056,-0.884126636639982,0.3125580386802622,False,False,False,False,1.497965160337035,False,False
-0.5721763247444642,0,0.2610710103011582,-1.0197399130157712,1.3561285689092124,1.1479561495819623,1.824319450702516,0.2332727608290527,-0.0054904697966909,-0.2639949101082846,-0.0058294063954284,-0.8550141388691469,False,False,False,False,-1.47561159875381,False,False
-2.048511841810539,1,-0.6560592745909929,0.3784070253557006,-1.0029610262683273,-0.6673540997861319,-1.0922477011070093,-0.9254007325196484,-1.5248939482279122,-1.2288927486711791,-1.1768923800548332,-1.1469071832564992,True,True,True,True,0.509294734350057,False,False
0.4499021101474336,0,0.2610710103011582,-2.417886851387243,1.3561285689092124,-1.575009224470179,1.635988582856566,0.2332727608290527,1.5139130086345305,-1.0359131809586002,-1.1768923800548332,-0.8550141388691469,False,False,False,False,-1.4680461176238986,False,False
0.5634663806909778,0,-1.573189559483144,-1.0197399130157712,0.1765837713204426,0.2403010248979152,0.3942101726275077,-0.9254007325196484,-0.0054904697966909,0.3149437930294522,0.872467823849125,0.8963441274549668,False,False,True,True,-0.4793756916369207,False,False
-1.1399976774621854,0,-1.573189559483144,0.3784070253557006,0.1765837713204426,0.2403010248979152,-0.3606199456990613,1.391946254177754,-0.3093711654829352,-1.2288927486711791,-1.1768923800548332,-1.1469071832564992,False,False,False,False,0.509294734350057,False,False
-0.1179192425702874,0,-1.573189559483144,0.3784070253557006,0.1765837713204426,0.2403010248979152,-0.1939847938289644,-0.9254007325196484,-0.7651922090123016,-0.2639949101082846,-0.0058294063954284,-0.2712280500944423,False,False,True,False,0.509294734350057,False,False
-0.2314835131138316,0,1.1782012951933094,1.7765539637271726,0.1765837713204426,1.1479561495819623,-0.0499493461003816,-0.9254007325196484,-0.0054904697966909,0.70090292845461,0.872467823849125,0.8963441274549668,False,False,True,False,1.497965160337035,False,False
-1.1399976774621854,1,0.2610710103011582,-2.417886851387243,-1.0029610262683273,1.1479561495819623,-0.9530335235952828,-0.9254007325196484,-1.37295360038479,-1.0359131809586002,-1.1768923800548332,-1.1469071832564992,False,False,True,True,-3.460517931857677,False,False
0.1092092985168009,0,-0.6560592745909929,0.3784070253557006,1.3561285689092124,1.1479561495819623,0.5991141568439017,-0.9254007325196484,0.2983902258895533,-0.0710153423957056,0.2869363370194226,-0.5631210944817947,False,False,True,False,1.5055306414669463,False,False
1.1312877334086988,0,-1.573189559483144,0.3784070253557006,1.3561285689092124,0.2403010248979152,1.51395018049239,-0.9254007325196484,2.7294357913795078,-0.8429336132460213,-0.5913608932251309,-0.5631210944817947,True,False,False,False,-0.4869411727668323,False,False
0.1092092985168009,0,-1.573189559483144,0.3784070253557006,1.3561285689092124,-0.6673540997861319,1.0037995256712795,0.2332727608290527,-0.1574308176398131,0.5079233607420311,0.2869363370194226,0.8963441274549668,False,False,False,False,0.509294734350057,False,False
1.812673356669964,0,1.1782012951933094,0.3784070253557006,0.1765837713204426,-1.575009224470179,0.0223697071524633,1.391946254177754,1.210032312948286,0.70090292845461,1.4579993106788274,1.4801302162296714,False,False,False,True,0.509294734350057,False,False
-0.45861205420092,1,1.1782012951933094,1.7765539637271726,0.1765837713204426,0.2403010248979152,-0.2397868608890995,-0.9254007325196484,-0.6132518611691794,-0.4569744778208635,-0.5913608932251309,-0.5631210944817947,False,False,False,False,1.497965160337035,False,False
-1.3671262185492736,0,1.1782012951933094,0.3784070253557006,-1.0029610262683273,1.1479561495819623,-0.9349537602820714,1.391946254177754,-1.069072904698546,-0.8429336132460213,-0.5913608932251309,-0.8550141388691469,True,True,False,False,0.509294734350057,False,False
0.2227735690603451,0,0.2610710103011582,0.3784070253557006,0.1765837713204426,0.2403010248979152,1.3021156203392652,0.2332727608290527,1.210032312948286,-1.0359131809586002,-1.1768923800548332,-1.1469071832564992,False,False,False,False,0.509294734350057,False,False
0.1092092985168009,0,-0.6560592745909929,0.3784070253557006,0.1765837713204426,-0.6673540997861319,0.2845262751940262,0.2332727608290527,-0.3093711654829352,-0.0710153423957056,0.2869363370194226,-0.2712280500944423,False,False,False,False,-0.4869411727668323,False,False
-1.3671262185492736,0,-0.6560592745909929,1.7765539637271726,-1.0029610262683273,1.1479561495819623,-0.8370217090021773,1.391946254177754,-0.6132518611691794,-0.0710153423957056,0.2869363370194226,0.0206649942929099,False,False,False,True,1.497965160337035,False,False
-1.1399976774621854,0,-1.573189559483144,0.3784070253557006,0.1765837713204426,-0.6673540997861319,0.2317936321971601,1.391946254177754,-0.6132518611691794,-0.2639949101082846,-0.2985951498102796,0.0206649942929099,False,False,False,False,1.5055306414669463,False,False
-1.3671262185492736,0,1.1782012951933094,-1.0197399130157712,-1.0029610262683273,-0.6673540997861319,-1.0172166833571823,0.2332727608290527,-1.37295360038479,-1.0359131809586002,-1.1768923800548332,-1.1469071832564992,False,False,False,False,-0.4793756916369207,False,False
-1.2535619480057296,0,-0.6560592745909929,0.3784070253557006,-1.0029610262683273,0.2403010248979152,-1.0265578944023417,-0.9254007325196484,-0.4613115133260573,0.1219642253168732,-0.0058294063954284,0.6044510830676145,False,True,False,False,0.509294734350057,False,False
-1.3671262185492736,1,-1.573189559483144,0.3784070253557006,-1.0029610262683273,0.2403010248979152,-0.7885076774450605,0.2332727608290527,-0.6132518611691794,-0.0710153423957056,-0.2985951498102796,-0.5631210944817947,True,False,False,True,0.509294734350057,False,False
-0.6857405952880085,1,-0.6560592745909929,-1.0197399130157712,-1.0029610262683273,-1.575009224470179,-1.0455416458812137,0.2332727608290527,-1.37295360038479,-1.0359131809586002,-1.1768923800548332,-1.1469071832564992,True,True,False,False,0.5168602154799685,False,False
-0.2314835131138316,0,-0.6560592745909929,-1.0197399130157712,-1.0029610262683273,1.1479561495819623,-0.5667292474696694,0.2332727608290527,-0.6132518611691794,-0.0710153423957056,0.2869363370194226,-0.2712280500944423,False,False,False,True,-0.4793756916369207,False,False
-0.5721763247444642,1,-0.6560592745909929,0.3784070253557006,0.1765837713204426,-1.575009224470179,-0.3826169910634683,-0.9254007325196484,-0.1574308176398131,-0.6499540455334424,-0.884126636639982,-0.5631210944817947,False,False,False,False,-1.4831770798837216,False,False
-0.1179192425702874,0,-1.573189559483144,-1.0197399130157712,0.1765837713204426,1.1479561495819623,-0.5489508135450116,-0.9254007325196484,-0.1574308176398131,-0.6499540455334424,-0.5913608932251309,-0.5631210944817947,False,False,True,False,-0.4793756916369207,False,False
-0.5721763247444642,0,-1.573189559483144,1.7765539637271726,0.1765837713204426,1.1479561495819623,-0.0128858313082985,1.391946254177754,0.4503305737326754,0.1219642253168732,0.872467823849125,0.8963441274549668,False,False,False,False,2.494201067453924,False,False
-1.0264334069186412,0,-1.573189559483144,-1.0197399130157712,-1.0029610262683273,0.2403010248979152,-0.9991369200439714,1.391946254177754,-0.6132518611691794,-0.2639949101082846,-0.2985951498102796,-0.2712280500944423,False,False,False,False,-1.47561159875381,False,False
0.1092092985168009,0,1.1782012951933094,0.3784070253557006,0.1765837713204426,0.2403010248979152,1.2352204960803836,0.2332727608290527,1.058091965105164,-0.6499540455334424,-1.1768923800548332,-1.1469071832564992,False,False,False,True,-0.4869411727668323,False,False
-1.8213833007234503,0,1.1782012951933094,-1.0197399130157712,-1.0029610262683273,-0.6673540997861319,-0.8035741468727365,-0.9254007325196484,-1.37295360038479,-1.0359131809586002,-1.1768923800548332,-1.1469071832564992,False,False,True,False,0.5168602154799685,False,False
0.677030651234522,0,0.2610710103011582,0.3784070253557006,0.1765837713204426,1.1479561495819623,-0.4260084230151753,1.391946254177754,-0.0054904697966909,0.70090292845461,-0.5913608932251309,-0.5631210944817947,False,False,False,False,0.509294734350057,False,False
0.2227735690603451,0,0.2610710103011582,0.3784070253557006,-1.0029610262683273,-1.575009224470179,-0.8689626241888505,-0.9254007325196484,-0.3093711654829352,-1.2288927486711791,-1.1768923800548332,-1.1469071832564992,False,False,True,False,-0.4869411727668323,False,False
0.7905949217780662,0,1.1782012951933094,0.3784070253557006,0.1765837713204426,0.2403010248979152,0.0531053047849224,0.2332727608290527,-0.0054904697966909,0.3149437930294522,0.872467823849125,0.8963441274549668,True,False,False,True,0.509294734350057,False,False
1.3584162744957873,0,1.1782012951933094,-1.0197399130157712,2.535673366497982,-1.575009224470179,2.982930949690803,0.2332727608290527,1.6658533564776523,-0.6499540455334424,-0.5913608932251309,-0.5631210944817947,False,False,False,False,-2.471847505870699,False,False
0.9041591923216103,0,-1.573189559483144,-1.0197399130157712,0.1765837713204426,0.2403010248979152,0.1453120976822997,-0.9254007325196484,-0.0054904697966909,-0.8429336132460213,-0.5913608932251309,-0.5631210944817947,False,False,True,False,0.5168602154799685,False,False
-0.2314835131138316,0,0.2610710103011582,0.3784070253557006,-1.0029610262683273,0.2403010248979152,-0.8810157997309913,1.391946254177754,-0.3093711654829352,0.3149437930294522,-0.5913608932251309,0.6044510830676145,False,True,False,True,0.509294734350057,False,False
-1.0264334069186412,1,0.2610710103011582,0.3784070253557006,-1.0029610262683273,-1.575009224470179,-0.7418016222192648,0.2332727608290527,-0.7651922090123016,-0.4569744778208635,-0.2985951498102796,-0.5631210944817947,False,True,False,False,0.509294734350057,False,False
-1.7078190301799063,0,0.2610710103011582,0.3784070253557006,-1.0029610262683273,0.2403010248979152,-0.6194618904665354,-0.9254007325196484,-1.069072904698546,-0.6499540455334424,-0.5913608932251309,-0.5631210944817947,False,True,True,False,0.509294734350057,False,False
-1.594254759636362,0,-1.573189559483144,0.3784070253557006,-1.0029610262683273,0.2403010248979152,-0.8225578983516083,-0.9254007325196484,-1.069072904698546,-0.8429336132460213,-0.5913608932251309,-0.5631210944817947,False,False,False,False,0.509294734350057,False,False
-0.3450477836573759,0,0.2610710103011582,0.3784070253557006,0.1765837713204426,0.2403010248979152,0.4824996834736892,-0.9254007325196484,-0.6132518611691794,-0.2639949101082846,-1.1768923800548332,-0.5631210944817947,False,False,False,False,0.509294734350057,False,False
-0.45861205420092,0,-1.573189559483144,0.3784070253557006,0.1765837713204426,1.1479561495819623,0.2468601016248361,0.2332727608290527,-0.6132518611691794,-0.0710153423957056,-0.0058294063954284,0.3125580386802622,False,False,False,True,-0.4869411727668323,False,False
-0.6857405952880085,0,0.2610710103011582,0.3784070253557006,-1.0029610262683273,0.2403010248979152,-1.0304751764535376,0.2332727608290527,-1.37295360038479,-1.0359131809586002,-1.1768923800548332,-1.1469071832564992,True,False,False,False,0.509294734350057,False,False
1.9262376272135084,0,1.1782012951933094,0.3784070253557006,0.1765837713204426,-1.575009224470179,0.867297312656535,-0.9254007325196484,1.210032312948286,1.4728211993049256,0.872467823849125,1.7720232606170236,False,False,True,False,1.5055306414669463,False,False
-0.2314835131138316,0,-0.6560592745909929,0.3784070253557006,-1.0029610262683273,1.1479561495819623,-0.847266908212997,0.2332727608290527,-0.0054904697966909,0.70090292845461,1.4579993106788274,1.188237171842319,False,False,False,False,-0.4869411727668323,False,False
1.0177234628651546,1,-1.573189559483144,0.3784070253557006,0.1765837713204426,-1.575009224470179,-0.3666465334701317,1.391946254177754,-0.7651922090123016,-1.0359131809586002,-0.884126636639982,-1.1469071832564992,True,False,False,False,0.509294734350057,False,False
-1.1399976774621854,0,0.2610710103011582,0.3784070253557006,-1.0029610262683273,1.1479561495819623,-0.8569094486467097,0.2332727608290527,-1.069072904698546,-0.6499540455334424,-0.5913608932251309,-0.5631210944817947,False,False,False,True,0.509294734350057,False,False
0.1092092985168009,0,0.2610710103011582,0.3784070253557006,1.3561285689092124,0.2403010248979152,1.184597158803392,0.2332727608290527,-0.0054904697966909,0.70090292845461,0.872467823849125,1.188237171842319,False,False,False,False,0.509294734350057,False,False
-0.7993048658315527,0,-0.6560592745909929,0.3784070253557006,0.1765837713204426,0.2403010248979152,0.017548436935607,0.2332727608290527,-0.6132518611691794,-0.0710153423957056,-1.1768923800548332,-0.5631210944817947,False,False,False,False,-0.4869411727668323,False,False
-0.1179192425702874,0,-0.6560592745909929,-2.417886851387243,0.1765837713204426,1.1479561495819623,0.3444908235161768,-0.9254007325196484,1.058091965105164,2.051759902442662,2.04353079750853,1.188237171842319,False,False,True,False,-1.4680461176238986,False,False
-0.3450477836573759,0,0.2610710103011582,0.3784070253557006,0.1765837713204426,1.1479561495819623,0.6696252337654255,0.2332727608290527,0.7542112694189196,1.2798416315923469,2.04353079750853,0.8963441274549668,True,False,False,False,-1.4831770798837216,False,False
2.0398018977570525,0,0.2610710103011582,0.3784070253557006,1.3561285689092124,-0.6673540997861319,1.573613399425987,0.2332727608290527,0.9061516172620416,0.5079233607420311,0.872467823849125,-0.8550141388691469,False,False,False,False,1.5055306414669463,False,False
-0.0043549720267432,0,-0.6560592745909929,-1.0197399130157712,0.1765837713204426,-0.6673540997861319,1.0077168077224756,0.2332727608290527,0.4503305737326754,-0.6499540455334424,-0.5913608932251309,-0.5631210944817947,False,False,False,True,-0.4793756916369207,False,False
-1.0264334069186412,0,-1.573189559483144,-1.0197399130157712,-1.0029610262683273,1.1479561495819623,-1.0419256932185712,-0.9254007325196484,-0.7651922090123016,-0.4569744778208635,-0.5913608932251309,-0.8550141388691469,False,False,True,False,-0.4793756916369207,False,False
-1.8213833007234503,1,1.1782012951933094,0.3784070253557006,-1.0029610262683273,0.2403010248979152,-1.3541029397600186,-0.9254007325196484,-1.37295360038479,-1.0359131809586002,-1.1768923800548332,-0.8550141388691469,False,False,True,True,0.509294734350057,False,False
-0.3450477836573759,1,-1.573189559483144,0.3784070253557006,-1.0029610262683273,-1.575009224470179,-0.649293499933334,-0.9254007325196484,-0.0054904697966909,0.70090292845461,1.1652335672639762,0.8963441274549668,True,False,True,True,0.509294734350057,False,False
-0.1179192425702874,0,0.2610710103011582,-1.0197399130157712,-1.0029610262683273,0.2403010248979152,-1.272141346073461,1.391946254177754,-1.37295360038479,-1.0359131809586002,-1.1768923800548332,-1.1469071832564992,False,False,False,False,-0.4793756916369207,False,False
-1.480690489092818,0,-1.573189559483144,1.7765539637271726,-1.0029610262683273,-1.575009224470179,-0.8086967464781464,0.2332727608290527,-0.7651922090123016,-0.6499540455334424,-0.5913608932251309,-0.5631210944817947,False,False,False,False,2.494201067453924,False,False
-1.2535619480057296,0,1.1782012951933094,1.7765539637271726,0.1765837713204426,-0.6673540997861319,-0.1963954289373926,0.2332727608290527,-0.9171325568554236,-0.6499540455334424,-0.5913608932251309,-0.5631210944817947,False,False,False,False,1.497965160337035,False,False
0.2227735690603451,0,1.1782012951933094,-1.0197399130157712,0.1765837713204426,1.1479561495819623,-0.44438951571694,-0.9254007325196484,-0.3093711654829352,0.1219642253168732,0.872467823849125,0.3125580386802622,False,False,True,False,-0.4793756916369207,False,False
-0.7993048658315527,0,-0.6560592745909929,-2.417886851387243,-1.0029610262683273,1.1479561495819623,-0.8385283559449449,0.2332727608290527,-0.0054904697966909,0.70090292845461,0.872467823849125,1.188237171842319,True,False,False,False,-1.4680461176238986,False,False
1.3584162744957873,0,-0.6560592745909929,1.7765539637271726,0.1765837713204426,-0.6673540997861319,0.7886503422440662,-0.9254007325196484,0.2983902258895533,-0.8429336132460213,-0.5913608932251309,-0.5631210944817947,False,False,False,False,1.497965160337035,False,False
-1.0264334069186412,0,1.1782012951933094,1.7765539637271726,0.1765837713204426,1.1479561495819623,-0.2578666242023107,1.391946254177754,-0.6132518611691794,-0.0710153423957056,0.2869363370194226,0.0206649942929099,True,False,False,True,1.497965160337035,False,False
0.1092092985168009,0,1.1782012951933094,1.7765539637271726,-1.0029610262683273,1.1479561495819623,-0.2479227543800446,-0.9254007325196484,-0.9171325568554236,-1.0359131809586002,-1.1768923800548332,-1.1469071832564992,False,False,True,False,1.497965160337035,False,False
1.5855448155828755,0,1.1782012951933094,1.7765539637271726,-1.0029610262683273,0.2403010248979152,-0.6875623322796311,2.550619747526455,1.5139130086345305,2.630698605580399,1.1652335672639762,1.188237171842319,False,False,False,True,1.497965160337035,False,False
-0.2314835131138316,0,1.1782012951933094,-1.0197399130157712,1.3561285689092124,-0.6673540997861319,0.93961636590938,-0.9254007325196484,-0.1574308176398131,0.3149437930294522,0.872467823849125,0.8963441274549668,False,False,True,False,0.5168602154799685,False,False
-1.3671262185492736,1,-1.573189559483144,0.3784070253557006,0.1765837713204426,0.2403010248979152,-0.2789596814010572,-0.9254007325196484,-0.9171325568554236,-0.8429336132460213,-0.5913608932251309,-1.1469071832564992,False,False,True,False,0.509294734350057,False,False
0.3363378396038894,0,1.1782012951933094,-1.0197399130157712,0.1765837713204426,0.2403010248979152,-0.2861915867263417,-0.9254007325196484,1.5139130086345305,2.630698605580399,0.872467823849125,1.7720232606170236,False,False,True,False,-0.4793756916369207,False,False
-0.45861205420092,0,1.1782012951933094,0.3784070253557006,0.1765837713204426,1.1479561495819623,-0.0321709121757238,-0.9254007325196484,-0.0054904697966909,0.70090292845461,0.872467823849125,1.188237171842319,False,False,True,False,-0.4869411727668323,False,False
1.5855448155828755,1,-0.6560592745909929,0.3784070253557006,0.1765837713204426,0.2403010248979152,0.3896902317992049,0.2332727608290527,1.210032312948286,-0.4569744778208635,-0.2985951498102796,-0.2712280500944423,True,False,False,True,0.509294734350057,False,False
0.2227735690603451,0,-0.6560592745909929,1.7765539637271726,0.1765837713204426,1.1479561495819623,0.6394922949100734,-0.9254007325196484,-0.0054904697966909,0.5079233607420311,0.872467823849125,1.188237171842319,False,False,True,False,0.5017292532201456,False,False
-1.0264334069186412,0,0.2610710103011582,0.3784070253557006,1.3561285689092124,-1.575009224470179,0.5753091351481736,-0.9254007325196484,-0.1574308176398131,0.5079233607420311,0.872467823849125,0.8963441274549668,False,False,False,False,0.509294734350057,False,False
-0.45861205420092,0,0.2610710103011582,0.3784070253557006,1.3561285689092124,1.1479561495819623,1.704390354058215,-0.9254007325196484,-0.0054904697966909,0.1219642253168732,0.872467823849125,0.8963441274549668,False,False,True,False,0.509294734350057,False,False
1.244852003952243,0,1.1782012951933094,0.3784070253557006,0.1765837713204426,-1.575009224470179,-0.1635505255850588,-0.9254007325196484,1.5139130086345305,0.1219642253168732,0.872467823849125,0.8963441274549668,False,False,True,False,0.509294734350057,False,False
0.4499021101474336,0,1.1782012951933094,-1.0197399130157712,1.3561285689092124,-1.575009224470179,1.498281052287607,0.2332727608290527,1.5139130086345305,2.244739470155241,2.629062284338232,2.3558093493917283,True,False,False,True,-0.4793756916369207,False,False
1.9262376272135084,0,0.2610710103011582,1.7765539637271726,2.535673366497982,0.2403010248979152,2.805749269221333,-0.9254007325196484,3.3371971827519955,-0.2639949101082846,-0.884126636639982,-0.2712280500944423,False,False,False,False,1.497965160337035,False,False
2.721187521018318,0,-1.573189559483144,0.3784070253557006,0.1765837713204426,-1.575009224470179,-0.0294589476787422,-0.9254007325196484,-0.0054904697966909,-0.8429336132460213,-0.5913608932251309,-0.5631210944817947,False,False,True,False,0.509294734350057,False,False
-1.0264334069186412,0,1.1782012951933094,0.3784070253557006,1.3561285689092124,-1.575009224470179,0.9914450207405856,1.391946254177754,-0.1574308176398131,0.5079233607420311,0.872467823849125,0.8963441274549668,True,False,False,False,-0.4869411727668323,False,False
1.5855448155828755,0,1.1782012951933094,0.3784070253557006,-1.0029610262683273,-0.6673540997861319,-0.4904929121656287,0.2332727608290527,-0.9171325568554236,-0.8429336132460213,-0.5913608932251309,-0.5631210944817947,False,True,False,False,0.509294734350057,False,False
-0.9128691363750968,1,-1.573189559483144,-2.417886851387243,-1.0029610262683273,-0.6673540997861319,-0.9903983677759192,-0.9254007325196484,-0.0054904697966909,0.1219642253168732,0.872467823849125,0.8963441274549668,False,False,True,True,-1.4680461176238986,False,False
-0.0043549720267432,0,-1.573189559483144,1.7765539637271726,1.3561285689092124,-1.575009224470179,1.8713268353168653,0.2332727608290527,-0.0054904697966909,0.3149437930294522,0.872467823849125,0.3125580386802622,False,False,False,False,1.497965160337035,False,False
0.2227735690603451,0,0.2610710103011582,0.3784070253557006,1.3561285689092124,0.2403010248979152,0.7106060306087043,-0.9254007325196484,-0.0054904697966909,-1.0359131809586002,-1.1768923800548332,-1.1469071832564992,False,False,True,True,1.5055306414669463,False,False
0.9041591923216103,0,-1.573189559483144,-2.417886851387243,-1.0029610262683273,0.2403010248979152,-0.5408149200540666,-0.9254007325196484,-0.1574308176398131,-0.2639949101082846,-0.5913608932251309,0.0206649942929099,False,False,True,False,-1.4680461176238986,False,False
1.244852003952243,0,1.1782012951933094,0.3784070253557006,2.535673366497982,0.2403010248979152,2.491161387571457,1.391946254177754,2.7294357913795078,3.016657741005557,-0.5913608932251309,2.6477023937790807,True,False,False,True,-0.4869411727668323,False,False
-0.6857405952880085,0,0.2610710103011582,0.3784070253557006,0.1765837713204426,1.1479561495819623,-0.0598932159226477,0.2332727608290527,-0.0054904697966909,0.3149437930294522,0.872467823849125,0.8963441274549668,False,False,False,False,-0.4869411727668323,False,False
-0.7993048658315527,0,0.2610710103011582,0.3784070253557006,-1.0029610262683273,0.2403010248979152,-0.8620320482521195,-0.9254007325196484,-1.37295360038479,-1.0359131809586002,-1.1768923800548332,-1.1469071832564992,False,True,True,False,0.509294734350057,False,False
0.677030651234522,1,0.2610710103011582,1.7765539637271726,-1.0029610262683273,0.2403010248979152,-0.8267765097913576,-0.9254007325196484,-0.4613115133260573,-0.8429336132460213,-0.5913608932251309,-0.5631210944817947,True,False,False,True,1.497965160337035,False,False
0.7905949217780662,0,1.1782012951933094,-1.0197399130157712,0.1765837713204426,1.1479561495819623,0.392100866907633,0.2332727608290527,-0.4613115133260573,-0.8429336132460213,-0.5913608932251309,-0.5631210944817947,True,False,False,False,-0.4793756916369207,False,False
-0.2314835131138316,0,-0.6560592745909929,0.3784070253557006,0.1765837713204426,0.2403010248979152,0.1926208116852024,-0.9254007325196484,-0.0054904697966909,-0.2639949101082846,-0.884126636639982,-0.2712280500944423,False,False,True,False,0.509294734350057,False,False
-1.480690489092818,0,-0.6560592745909929,0.3784070253557006,-1.0029610262683273,-1.575009224470179,-0.9048208214267196,0.2332727608290527,-0.7651922090123016,-0.4569744778208635,-0.2985951498102796,-0.5631210944817947,False,False,False,False,1.5055306414669463,False,False
0.3363378396038894,0,0.2610710103011582,1.7765539637271726,0.1765837713204426,-0.6673540997861319,0.267049170657922,0.2332727608290527,0.2983902258895533,0.3149437930294522,-0.2985951498102796,0.6044510830676145,False,False,False,False,-0.4945066538967433,False,False
2.266930438844141,0,0.2610710103011582,0.3784070253557006,2.535673366497982,1.1479561495819623,1.687515908299218,-0.9254007325196484,3.0333164870657514,0.70090292845461,0.872467823849125,-0.8550141388691469,False,False,False,False,-0.4869411727668323,False,False
0.4499021101474336,0,1.1782012951933094,-1.0197399130157712,-1.0029610262683273,1.1479561495819623,-0.9524308648181756,-0.9254007325196484,-0.7651922090123016,-0.4569744778208635,-0.5913608932251309,-0.2712280500944423,False,False,True,True,-1.47561159875381,False,False
-1.0264334069186412,0,1.1782012951933094,-1.0197399130157712,0.1765837713204426,-1.575009224470179,0.3942101726275077,-0.9254007325196484,-0.1574308176398131,0.1219642253168732,0.5797020804342738,0.8963441274549668,False,False,True,False,-2.471847505870699,False,False
-0.7993048658315527,0,1.1782012951933094,0.3784070253557006,-1.0029610262683273,-0.6673540997861319,-0.965990687303084,1.391946254177754,-1.221013252541668,-0.8429336132460213,-0.5913608932251309,-0.5631210944817947,False,True,False,False,0.509294734350057,False,False
1.9262376272135084,0,1.1782012951933094,0.3784070253557006,0.1765837713204426,1.1479561495819623,-0.9198872908543956,-0.9254007325196484,1.361972660791408,-0.8429336132460213,-0.5913608932251309,-0.5631210944817947,False,False,True,False,0.509294734350057,False,False
-0.1179192425702874,0,1.1782012951933094,0.3784070253557006,0.1765837713204426,-1.575009224470179,-0.1234737169074406,0.2332727608290527,0.9061516172620416,-1.0359131809586002,-1.1768923800548332,-1.1469071832564992,False,False,False,False,1.5055306414669463,False,False
-0.45861205420092,0,-1.573189559483144,0.3784070253557006,0.1765837713204426,1.1479561495819623,-0.0583865689798801,1.391946254177754,-0.0054904697966909,0.70090292845461,1.1652335672639762,0.8963441274549668,True,False,False,False,0.509294734350057,False,False
0.2227735690603451,0,1.1782012951933094,0.3784070253557006,-1.0029610262683273,0.2403010248979152,-0.7369803520024085,0.2332727608290527,-0.6132518611691794,-1.0359131809586002,-1.1768923800548332,-0.8550141388691469,False,False,False,True,-1.4831770798837216,False,False
-0.2314835131138316,0,-0.6560592745909929,0.3784070253557006,0.1765837713204426,-1.575009224470179,-0.115036494027942,0.2332727608290527,-0.4613115133260573,-1.2288927486711791,-1.1768923800548332,-1.1469071832564992,False,False,False,False,0.509294734350057,False,False
-0.3450477836573759,1,1.1782012951933094,0.3784070253557006,-1.0029610262683273,1.1479561495819623,-0.8487735551557646,-0.9254007325196484,-0.0054904697966909,0.70090292845461,1.4579993106788274,1.188237171842319,False,False,True,True,-0.4869411727668323,False,False
-1.2535619480057296,0,0.2610710103011582,0.3784070253557006,0.1765837713204426,1.1479561495819623,0.2040713284502362,-0.9254007325196484,-0.6132518611691794,-0.0710153423957056,0.2869363370194226,0.0206649942929099,False,False,True,False,-0.4869411727668323,False,False
1.0177234628651546,0,-0.6560592745909929,-2.417886851387243,0.1765837713204426,0.2403010248979152,0.3402722120764275,-0.9254007325196484,-0.1574308176398131,0.3149437930294522,0.872467823849125,-0.8550141388691469,False,True,True,False,-1.4680461176238986,False,False
-1.480690489092818,0,-1.573189559483144,1.7765539637271726,-1.0029610262683273,0.2403010248979152,-0.6019847859304313,-0.9254007325196484,-1.221013252541668,-0.8429336132460213,-0.5913608932251309,-0.5631210944817947,False,False,True,False,1.497965160337035,False,False
1.244852003952243,1,-0.6560592745909929,1.7765539637271726,0.1765837713204426,0.2403010248979152,0.2694598057663502,-0.9254007325196484,-0.3093711654829352,-0.2639949101082846,-0.0058294063954284,-0.2712280500944423,True,False,True,True,1.497965160337035,False,False
-0.2314835131138316,0,1.1782012951933094,0.3784070253557006,0.1765837713204426,1.1479561495819623,0.2323962909742671,-0.9254007325196484,-0.6132518611691794,-0.0710153423957056,0.2869363370194226,0.0206649942929099,False,False,True,False,0.509294734350057,False,False
-0.0043549720267432,0,-1.573189559483144,-1.0197399130157712,1.3561285689092124,-1.575009224470179,0.6280417781450397,-0.9254007325196484,-0.0054904697966909,0.70090292845461,0.872467823849125,1.4801302162296714,False,False,True,False,-0.4793756916369207,False,False
1.812673356669964,0,1.1782012951933094,0.3784070253557006,-1.0029610262683273,1.1479561495819623,-0.3750837563496303,0.2332727608290527,-0.7651922090123016,-0.4569744778208635,-0.2985951498102796,-0.5631210944817947,False,False,False,False,0.509294734350057,False,False
-1.1399976774621854,0,-1.573189559483144,-2.417886851387243,-1.0029610262683273,1.1479561495819623,-0.3431428411629571,0.2332727608290527,-0.7651922090123016,-0.8429336132460213,-0.5913608932251309,-1.1469071832564992,True,False,False,False,-1.4680461176238986,False,False
-0.7993048658315527,0,-0.6560592745909929,0.3784070253557006,0.1765837713204426,0.2403010248979152,-0.3518813934310092,0.2332727608290527,0.1464498780464311,0.3149437930294522,0.872467823849125,-0.8550141388691469,False,False,False,False,-0.4869411727668323,False,False
-1.1399976774621854,1,1.1782012951933094,-1.0197399130157712,0.1765837713204426,-1.575009224470179,-0.0532639693744703,-0.9254007325196484,-0.6132518611691794,-0.4569744778208635,-0.2985951498102796,-0.5631210944817947,False,False,True,False,-1.47561159875381,False,False
-0.2314835131138316,0,-0.6560592745909929,1.7765539637271726,-1.0029610262683273,1.1479561495819623,-0.6697838983549734,-0.9254007325196484,-0.0054904697966909,-0.4569744778208635,-0.5913608932251309,-0.2712280500944423,False,False,True,False,1.497965160337035,False,False
2.0398018977570525,0,1.1782012951933094,0.3784070253557006,0.1765837713204426,-1.575009224470179,-0.0053525965944605,1.391946254177754,-0.1574308176398131,-0.2639949101082846,-0.2985951498102796,0.0206649942929099,False,False,False,True,0.509294734350057,False,False
-1.0264334069186412,0,0.2610710103011582,0.3784070253557006,0.1765837713204426,1.1479561495819623,-0.3497720877111345,0.2332727608290527,-0.7651922090123016,-0.4569744778208635,-0.5913608932251309,-0.8550141388691469,True,False,False,False,0.509294734350057,False,False
0.1092092985168009,0,1.1782012951933094,0.3784070253557006,-1.0029610262683273,-1.575009224470179,-0.8198459338546267,1.391946254177754,-0.6132518611691794,-0.2639949101082846,-0.2985951498102796,-0.2712280500944423,False,False,False,True,-0.4869411727668323,False,False
0.2227735690603451,0,-1.573189559483144,1.7765539637271726,0.1765837713204426,-1.575009224470179,0.1438054507395321,-0.9254007325196484,1.058091965105164,1.6658007670175043,0.872467823849125,2.3558093493917283,True,False,True,True,1.497965160337035,False,False
-0.2314835131138316,0,0.2610710103011582,-1.0197399130157712,-1.0029610262683273,-1.575009224470179,-0.3380202415575473,-0.9254007325196484,-0.6132518611691794,-0.0710153423957056,0.2869363370194226,-0.2712280500944423,False,False,True,False,-0.4793756916369207,False,False
-0.1179192425702874,0,-1.573189559483144,0.3784070253557006,-1.0029610262683273,1.1479561495819623,-0.883125105450866,0.2332727608290527,-1.069072904698546,-0.6499540455334424,-0.5913608932251309,-0.5631210944817947,False,True,False,False,-0.4869411727668323,False,False
-0.6857405952880085,0,1.1782012951933094,-2.417886851387243,-1.0029610262683273,0.2403010248979152,-0.5031487464848765,1.391946254177754,-0.4613115133260573,-0.8429336132460213,-0.5913608932251309,-0.5631210944817947,False,False,False,False,-1.4680461176238986,False,False
0.4499021101474336,0,0.2610710103011582,1.7765539637271726,0.1765837713204426,-0.6673540997861319,-0.3793023677893796,0.2332727608290527,-0.3093711654829352,0.3149437930294522,0.872467823849125,0.8963441274549668,True,False,False,False,1.497965160337035,False,False
-0.2314835131138316,0,0.2610710103011582,0.3784070253557006,0.1765837713204426,-1.575009224470179,0.3004967327873628,0.2332727608290527,-0.6132518611691794,-0.6499540455334424,-0.5913608932251309,-0.5631210944817947,False,False,False,False,0.509294734350057,False,False
-1.480690489092818,1,0.2610710103011582,1.7765539637271726,-1.0029610262683273,-1.575009224470179,-1.1757159417363343,1.391946254177754,-1.37295360038479,-1.2288927486711791,-1.1768923800548332,-1.1469071832564992,False,False,False,True,1.497965160337035,False,False
-1.3671262185492736,0,0.2610710103011582,-1.0197399130157712,-1.0029610262683273,-0.6673540997861319,-0.8463629200473365,2.550619747526455,-1.37295360038479,-1.0359131809586002,-1.1768923800548332,-1.1469071832564992,False,False,False,False,-0.4793756916369207,False,False
1.812673356669964,0,1.1782012951933094,0.3784070253557006,0.1765837713204426,0.2403010248979152,-0.7092580482554846,0.2332727608290527,-0.1574308176398131,-0.2639949101082846,-0.5913608932251309,0.0206649942929099,False,False,False,False,0.509294734350057,False,False
-0.7993048658315527,1,-0.6560592745909929,-1.0197399130157712,-1.0029610262683273,-1.575009224470179,-0.9593614407549068,0.2332727608290527,-1.37295360038479,-1.0359131809586002,-1.1768923800548332,-1.1469071832564992,False,False,False,True,-0.4793756916369207,False,False
-0.3450477836573759,0,0.2610710103011582,0.3784070253557006,1.3561285689092124,0.2403010248979152,1.864697588768688,-0.9254007325196484,0.6022709215757975,1.2798416315923469,1.4579993106788274,0.8963441274549668,False,False,False,False,1.5055306414669463,False,False
-0.3450477836573759,1,-1.573189559483144,0.3784070253557006,0.1765837713204426,-1.575009224470179,-0.0538666281515773,-0.9254007325196484,-0.6132518611691794,-0.6499540455334424,-0.5913608932251309,-0.5631210944817947,False,False,True,False,0.509294734350057,False,False
-0.0043549720267432,0,0.2610710103011582,0.3784070253557006,0.1765837713204426,-0.6673540997861319,-0.0827942494527153,0.2332727608290527,-0.0054904697966909,0.5079233607420311,0.872467823849125,0.3125580386802622,False,False,False,False,0.509294734350057,False,False
-0.7993048658315527,0,0.2610710103011582,1.7765539637271726,-1.0029610262683273,0.2403010248979152,-0.8445549437160154,0.2332727608290527,-0.0054904697966909,0.70090292845461,0.872467823849125,0.8963441274549668,False,False,False,False,1.497965160337035,False,False
-0.1179192425702874,0,1.1782012951933094,1.7765539637271726,-1.0029610262683273,0.2403010248979152,-0.9030128450953984,-0.9254007325196484,-0.4613115133260573,-0.8429336132460213,-0.5913608932251309,-0.5631210944817947,False,False,True,False,1.497965160337035,False,False
0.677030651234522,0,1.1782012951933094,-1.0197399130157712,0.1765837713204426,1.1479561495819623,0.1685144606009208,0.2332727608290527,-0.3093711654829352,-0.4569744778208635,-0.2985951498102796,-0.5631210944817947,False,False,False,True,-0.4793756916369207,False,False
-0.9128691363750968,1,0.2610710103011582,0.3784070253557006,-1.0029610262683273,0.2403010248979152,-0.3377189121689937,-0.9254007325196484,-0.7651922090123016,-0.8429336132460213,-0.5913608932251309,-0.8550141388691469,False,False,True,False,-0.4869411727668323,False,False
-0.0043549720267432,0,0.2610710103011582,0.3784070253557006,-1.0029610262683273,-0.6673540997861319,-1.0123954131403263,0.2332727608290527,-0.3093711654829352,-0.2639949101082846,-0.5913608932251309,0.0206649942929099,False,False,False,False,0.509294734350057,False,False
-0.45861205420092,0,0.2610710103011582,-1.0197399130157712,0.1765837713204426,0.2403010248979152,0.1986473994562728,0.2332727608290527,0.6022709215757975,1.4728211993049256,2.629062284338232,1.188237171842319,False,False,False,False,-0.4793756916369207,False,False
0.4499021101474336,0,-1.573189559483144,-1.0197399130157712,0.1765837713204426,0.2403010248979152,-0.1231723875188871,-0.9254007325196484,-0.0054904697966909,-1.0359131809586002,-1.1768923800548332,-1.1469071832564992,True,False,True,False,-0.4793756916369207,False,False
-0.6857405952880085,0,0.2610710103011582,-1.0197399130157712,0.1765837713204426,1.1479561495819623,0.41409791227204,-0.9254007325196484,0.2983902258895533,-1.2288927486711791,-1.1768923800548332,-1.1469071832564992,False,False,True,True,-1.47561159875381,False,False
1.0177234628651546,0,-0.6560592745909929,-1.0197399130157712,-1.0029610262683273,0.2403010248979152,-0.9729212632398152,-0.9254007325196484,-1.37295360038479,-1.0359131809586002,-1.1768923800548332,-1.1469071832564992,False,False,True,False,-0.4793756916369207,False,False
0.677030651234522,0,-0.6560592745909929,0.3784070253557006,0.1765837713204426,-0.6673540997861319,-0.3220497839642107,0.2332727608290527,-0.0054904697966909,0.5079233607420311,1.1652335672639762,1.188237171842319,False,False,False,False,-0.4869411727668323,False,False
0.2227735690603451,0,-1.573189559483144,-1.0197399130157712,0.1765837713204426,-1.575009224470179,0.2366149024140164,0.2332727608290527,0.4503305737326754,-0.4569744778208635,-0.2985951498102796,-0.5631210944817947,True,False,False,False,-1.47561159875381,False,False
-0.2314835131138316,0,0.2610710103011582,-1.0197399130157712,-1.0029610262683273,1.1479561495819623,-0.8888503638333829,-0.9254007325196484,-0.6132518611691794,-0.2639949101082846,-0.5913608932251309,-0.2712280500944423,True,False,True,False,-0.4793756916369207,False,False
1.4719805450393315,1,0.2610710103011582,0.3784070253557006,1.3561285689092124,1.1479561495819623,0.6482308471781255,1.391946254177754,-0.1574308176398131,0.5079233607420311,1.1652335672639762,0.8963441274549668,False,False,False,False,1.5055306414669463,False,False
2.1533661683005967,1,0.2610710103011582,0.3784070253557006,0.1765837713204426,1.1479561495819623,-0.1032846478743547,-0.9254007325196484,0.2983902258895533,0.5079233607420311,0.872467823849125,-0.2712280500944423,False,False,True,False,-0.4869411727668323,False,False
-1.0264334069186412,0,0.2610710103011582,-1.0197399130157712,1.3561285689092124,1.1479561495819623,2.2012825157829705,0.2332727608290527,-0.1574308176398131,0.5079233607420311,1.1652335672639762,1.188237171842319,False,False,False,True,-0.4793756916369207,False,False
-0.1179192425702874,0,0.2610710103011582,0.3784070253557006,1.3561285689092124,0.2403010248979152,1.421743387595013,-0.9254007325196484,1.058091965105164,0.3149437930294522,0.2869363370194226,0.6044510830676145,False,False,True,False,1.5055306414669463,False,False
-0.9128691363750968,0,-0.6560592745909929,0.3784070253557006,0.1765837713204426,-0.6673540997861319,-0.218091144913246,-0.9254007325196484,-0.3093711654829352,0.3149437930294522,0.872467823849125,0.3125580386802622,False,False,False,True,0.509294734350057,False,False
-0.2314835131138316,0,0.2610710103011582,0.3784070253557006,-1.0029610262683273,1.1479561495819623,-0.5320763677860145,0.2332727608290527,-0.9171325568554236,-0.6499540455334424,-0.5913608932251309,-0.5631210944817947,False,False,False,False,-1.4831770798837216,False,False
-1.1399976774621854,1,0.2610710103011582,-1.0197399130157712,-1.0029610262683273,0.2403010248979152,-0.9451989594928912,0.2332727608290527,-0.3093711654829352,0.3149437930294522,0.872467823849125,0.8963441274549668,True,False,False,True,-0.4793756916369207,False,False
-1.0264334069186412,0,1.1782012951933094,0.3784070253557006,-1.0029610262683273,1.1479561495819623,-1.1440763559382148,2.550619747526455,-1.5248939482279122,-1.2288927486711791,-1.1768923800548332,-1.1469071832564992,False,False,False,False,-0.4869411727668323,False,False
1.69910908612642,0,-1.573189559483144,0.3784070253557006,2.535673366497982,0.2403010248979152,3.255634046331739,0.2332727608290527,2.8813761392226294,2.630698605580399,0.5797020804342738,3.81527457132849,False,False,False,False,-0.4869411727668323,False,False
0.9041591923216103,0,1.1782012951933094,0.3784070253557006,0.1765837713204426,-0.6673540997861319,0.1296429694775166,-0.9254007325196484,-0.0054904697966909,-0.2639949101082846,-0.5913608932251309,-0.2712280500944423,False,False,True,False,-0.4869411727668323,False,False
-1.2535619480057296,0,-1.573189559483144,1.7765539637271726,-1.0029610262683273,-1.575009224470179,-0.6263924664032664,-0.9254007325196484,-0.6132518611691794,-0.4569744778208635,-0.2985951498102796,-0.8550141388691469,False,False,True,False,0.5017292532201456,False,False
-0.3450477836573759,0,-1.573189559483144,1.7765539637271726,0.1765837713204426,-1.575009224470179,-0.4416775512199583,0.2332727608290527,-0.1574308176398131,0.5079233607420311,1.1652335672639762,1.188237171842319,False,False,False,False,1.497965160337035,False,False
-0.1179192425702874,0,0.2610710103011582,-1.0197399130157712,-1.0029610262683273,-1.575009224470179,-0.8870423875020618,-0.9254007325196484,-0.6132518611691794,-0.0710153423957056,0.2869363370194226,-0.8550141388691469,False,False,True,False,-1.47561159875381,False,False
-0.0043549720267432,0,-0.6560592745909929,0.3784070253557006,0.1765837713204426,1.1479561495819623,0.2103992456098601,0.2332727608290527,1.210032312948286,2.244739470155241,2.921828027753083,2.063916305004376,False,False,False,True,-0.4869411727668323,False,False
-0.45861205420092,0,-0.6560592745909929,0.3784070253557006,0.1765837713204426,1.1479561495819623,-0.3313909950093698,0.2332727608290527,-0.3093711654829352,-0.2639949101082846,-0.5913608932251309,-0.2712280500944423,False,False,False,False,-0.4869411727668323,False,False
-0.6857405952880085,0,-0.6560592745909929,-1.0197399130157712,-1.0029610262683273,1.1479561495819623,-0.52484446246073,0.2332727608290527,-0.0054904697966909,-0.2639949101082846,-0.0058294063954284,-0.2712280500944423,True,False,False,False,-1.47561159875381,False,False
1.9262376272135084,0,-1.573189559483144,-1.0197399130157712,1.3561285689092124,1.1479561495819623,1.636591241633673,0.2332727608290527,3.793018226281362,-0.2639949101082846,-0.5913608932251309,0.0206649942929099,False,False,False,True,-0.4793756916369207,False,False
1.0177234628651546,0,1.1782012951933094,0.3784070253557006,1.3561285689092124,-1.575009224470179,1.584461257413914,0.2332727608290527,1.210032312948286,-0.2639949101082846,-0.0058294063954284,-0.5631210944817947,False,False,False,True,0.509294734350057,False,False
-0.45861205420092,0,0.2610710103011582,1.7765539637271726,0.1765837713204426,0.2403010248979152,-0.0987647070460519,0.2332727608290527,-0.1574308176398131,-0.2639949101082846,-0.2985951498102796,-0.2712280500944423,False,False,False,False,0.5017292532201456,False,False
1.812673356669964,0,0.2610710103011582,-1.0197399130157712,2.535673366497982,1.1479561495819623,2.5080358333304544,-0.9254007325196484,3.185256834908873,0.5079233607420311,1.1652335672639762,-1.1469071832564992,True,False,False,False,-0.4793756916369207,False,False
0.1092092985168009,0,1.1782012951933094,-1.0197399130157712,0.1765837713204426,0.2403010248979152,0.2504760542874784,1.391946254177754,-0.1574308176398131,-1.0359131809586002,-1.1768923800548332,-1.1469071832564992,False,False,False,False,-0.4793756916369207,False,False
-0.9128691363750968,0,-0.6560592745909929,-1.0197399130157712,-1.0029610262683273,1.1479561495819623,-0.1707824309103433,0.2332727608290527,-0.6132518611691794,-0.2639949101082846,-0.884126636639982,0.0206649942929099,False,False,False,False,-0.4793756916369207,False,False
-1.594254759636362,0,1.1782012951933094,-1.0197399130157712,0.1765837713204426,1.1479561495819623,-0.2192964624674601,1.391946254177754,-0.9171325568554236,-0.8429336132460213,-0.5913608932251309,-0.5631210944817947,False,False,False,False,-2.471847505870699,False,False
0.9041591923216103,0,-1.573189559483144,1.7765539637271726,-1.0029610262683273,1.1479561495819623,-0.8089980758666999,0.2332727608290527,-0.0054904697966909,-0.6499540455334424,-0.5913608932251309,-0.5631210944817947,False,False,False,True,0.5017292532201456,False,False
0.677030651234522,0,-0.6560592745909929,0.3784070253557006,-1.0029610262683273,1.1479561495819623,-0.9003008805984166,-0.9254007325196484,-0.3093711654829352,-0.8429336132460213,-0.884126636639982,-0.5631210944817947,True,False,True,True,0.509294734350057,False,False
-0.0043549720267432,0,-1.573189559483144,-1.0197399130157712,-1.0029610262683273,-1.575009224470179,-0.9524308648181756,-0.9254007325196484,-0.6132518611691794,-0.2639949101082846,-0.0058294063954284,-0.2712280500944423,False,False,False,False,-0.4793756916369207,False,False
-1.2535619480057296,0,0.2610710103011582,0.3784070253557006,0.1765837713204426,-1.575009224470179,-0.3943688372170556,-0.9254007325196484,-0.7651922090123016,-0.2639949101082846,-0.2985951498102796,-0.2712280500944423,False,False,False,True,0.509294734350057,False,False
-0.1179192425702874,0,1.1782012951933094,-1.0197399130157712,1.3561285689092124,0.2403010248979152,1.5615602238838464,0.2332727608290527,1.058091965105164,2.051759902442662,2.921828027753083,3.231488482553785,False,False,False,True,-0.4793756916369207,False,False
-0.1179192425702874,1,1.1782012951933094,0.3784070253557006,-1.0029610262683273,-0.6673540997861319,-1.0488562691553025,0.2332727608290527,-0.0054904697966909,0.70090292845461,-0.5913608932251309,1.188237171842319,True,False,False,True,-0.4869411727668323,False,False
-0.45861205420092,0,1.1782012951933094,0.3784070253557006,-1.0029610262683273,1.1479561495819623,-0.9608680876976744,0.2332727608290527,-0.9171325568554236,-0.6499540455334424,-1.1768923800548332,-0.5631210944817947,False,False,False,False,0.509294734350057,False,False
-1.2535619480057296,0,0.2610710103011582,-1.0197399130157712,0.1765837713204426,-1.575009224470179,-0.3756864151267373,-0.9254007325196484,-0.7651922090123016,-0.2639949101082846,-0.5913608932251309,-0.2712280500944423,False,False,False,False,0.5168602154799685,False,False
1.4719805450393315,0,0.2610710103011582,0.3784070253557006,-1.0029610262683273,-1.575009224470179,-0.5793850817889172,0.2332727608290527,-0.4613115133260573,-0.4569744778208635,-0.5913608932251309,-0.5631210944817947,False,False,False,False,0.509294734350057,False,False
-1.3671262185492736,0,-1.573189559483144,-1.0197399130157712,-1.0029610262683273,1.1479561495819623,-0.7053407662042889,-0.9254007325196484,-0.6132518611691794,-0.2639949101082846,-0.5913608932251309,0.0206649942929099,False,False,False,False,-1.47561159875381,False,False
-0.45861205420092,0,-0.6560592745909929,0.3784070253557006,0.1765837713204426,-0.6673540997861319,0.3077286381126473,0.2332727608290527,-0.0054904697966909,0.70090292845461,1.1652335672639762,-0.2712280500944423,True,False,False,False,0.509294734350057,False,False
0.2227735690603451,0,-0.6560592745909929,-1.0197399130157712,-1.0029610262683273,-0.6673540997861319,-0.7845903953938648,0.2332727608290527,-1.069072904698546,-0.8429336132460213,-0.5913608932251309,-0.5631210944817947,False,True,False,False,-0.4793756916369207,False,False
0.677030651234522,0,0.2610710103011582,1.7765539637271726,0.1765837713204426,1.1479561495819623,-0.0818902612870547,0.2332727608290527,1.058091965105164,-0.2639949101082846,-0.2985951498102796,-0.2712280500944423,False,False,False,True,0.5017292532201456,False,False
-0.5721763247444642,0,1.1782012951933094,0.3784070253557006,-1.0029610262683273,1.1479561495819623,-0.9482122533784264,0.2332727608290527,-0.3093711654829352,-0.0710153423957056,-0.0058294063954284,-0.5631210944817947,False,False,False,True,0.509294734350057,False,False
-0.7993048658315527,1,-0.6560592745909929,-1.0197399130157712,-1.0029610262683273,0.2403010248979152,-0.8144220048606633,2.550619747526455,-0.7651922090123016,-0.6499540455334424,-0.5913608932251309,-0.5631210944817947,False,True,False,True,-0.4793756916369207,False,False
1.9262376272135084,0,-1.573189559483144,0.3784070253557006,2.535673366497982,1.1479561495819623,1.9083903501089483,0.2332727608290527,2.7294357913795078,-0.8429336132460213,-1.1768923800548332,-0.5631210944817947,False,False,False,False,0.509294734350057,False,False
-0.1179192425702874,0,1.1782012951933094,-1.0197399130157712,1.3561285689092124,-0.6673540997861319,1.6272500305885138,-0.9254007325196484,0.9061516172620416,1.2798416315923469,1.7507650540936786,1.188237171842319,False,False,False,False,-0.4793756916369207,False,False
0.1092092985168009,0,0.2610710103011582,0.3784070253557006,-1.0029610262683273,1.1479561495819623,-0.7622920206409042,0.2332727608290527,-0.0054904697966909,-0.2639949101082846,-0.0058294063954284,-1.1469071832564992,True,True,False,False,0.509294734350057,False,False
1.9262376272135084,0,1.1782012951933094,0.3784070253557006,2.535673366497982,1.1479561495819623,2.6433327287909854,-0.9254007325196484,3.4891375305951176,1.086862063879768,1.4579993106788274,1.188237171842319,False,False,True,False,0.509294734350057,False,False
0.7905949217780662,0,1.1782012951933094,0.3784070253557006,0.1765837713204426,1.1479561495819623,0.0178497663241605,0.2332727608290527,0.2983902258895533,-0.2639949101082846,-0.5913608932251309,-0.5631210944817947,True,False,False,False,-0.4869411727668323,False,False
1.244852003952243,0,0.2610710103011582,0.3784070253557006,0.1765837713204426,1.1479561495819623,-0.291012856943198,0.2332727608290527,-0.3093711654829352,0.1219642253168732,0.5797020804342738,0.8963441274549668,False,False,False,True,0.509294734350057,False,False
0.1092092985168009,0,-1.573189559483144,0.3784070253557006,1.3561285689092124,-0.6673540997861319,0.6446148945154833,-0.9254007325196484,-0.0054904697966909,0.70090292845461,-1.1768923800548332,1.4801302162296714,False,False,True,True,0.509294734350057,False,False
0.3363378396038894,0,1.1782012951933094,-1.0197399130157712,0.1765837713204426,1.1479561495819623,-0.0900261547779998,1.391946254177754,0.4503305737326754,-0.2639949101082846,-0.0058294063954284,0.0206649942929099,False,False,False,False,-0.4793756916369207,False,False
-0.3450477836573759,0,1.1782012951933094,0.3784070253557006,-1.0029610262683273,-0.6673540997861319,-0.9720172750741544,0.2332727608290527,-0.4613115133260573,-0.4569744778208635,-0.2985951498102796,-0.2712280500944423,False,False,False,True,1.5055306414669463,False,False
-0.45861205420092,1,-1.573189559483144,0.3784070253557006,-1.0029610262683273,1.1479561495819623,-0.8159286518034309,-0.9254007325196484,-1.37295360038479,-1.0359131809586002,-1.1768923800548332,-0.8550141388691469,False,False,True,True,-1.4831770798837216,False,False
-0.7993048658315527,0,-1.573189559483144,-1.0197399130157712,-1.0029610262683273,1.1479561495819623,-0.8951782809930068,2.550619747526455,-0.3093711654829352,-0.4569744778208635,-0.2985951498102796,-0.2712280500944423,False,False,False,False,-0.4793756916369207,False,False
0.9041591923216103,0,-0.6560592745909929,0.3784070253557006,-1.0029610262683273,-1.575009224470179,-0.8870423875020618,-0.9254007325196484,-0.3093711654829352,0.3149437930294522,0.872467823849125,-0.8550141388691469,False,False,False,True,0.509294734350057,False,False
-0.9128691363750968,0,-1.573189559483144,0.3784070253557006,0.1765837713204426,1.1479561495819623,-0.1792196537898419,-0.9254007325196484,-0.9171325568554236,-0.4569744778208635,-0.5913608932251309,-0.5631210944817947,False,False,True,False,0.509294734350057,False,False
2.4940589799312294,1,1.1782012951933094,-1.0197399130157712,-1.0029610262683273,1.1479561495819623,-0.940980348053142,0.2332727608290527,-1.069072904698546,-1.0359131809586002,-1.1768923800548332,-1.1469071832564992,True,False,False,True,-1.47561159875381,False,False
0.7905949217780662,0,-1.573189559483144,0.3784070253557006,0.1765837713204426,-0.6673540997861319,-0.2223097563529953,0.2332727608290527,-0.9171325568554236,-1.0359131809586002,-1.1768923800548332,-1.1469071832564992,False,False,False,False,1.5055306414669463,False,False
-1.8213833007234503,1,0.2610710103011582,-1.0197399130157712,-1.0029610262683273,0.2403010248979152,-1.0422270226071249,-0.9254007325196484,-1.221013252541668,-0.8429336132460213,-0.5913608932251309,-0.5631210944817947,False,True,True,False,-1.47561159875381,False,False
-1.7078190301799063,1,1.1782012951933094,0.3784070253557006,-1.0029610262683273,1.1479561495819623,-0.84666424943589,-0.9254007325196484,-1.37295360038479,-1.0359131809586002,-1.1768923800548332,-1.1469071832564992,False,False,True,False,-0.4869411727668323,False,False
-0.0043549720267432,0,0.2610710103011582,0.3784070253557006,0.1765837713204426,1.1479561495819623,0.3264110602029655,0.2332727608290527,1.058091965105164,1.8587803347300835,1.1652335672639762,2.063916305004376,False,False,False,True,-0.4869411727668323,False,False
1.244852003952243,0,1.1782012951933094,-1.0197399130157712,-1.0029610262683273,1.1479561495819623,-0.6655652869152241,-0.9254007325196484,-1.069072904698546,-0.6499540455334424,-0.5913608932251309,-0.5631210944817947,False,True,True,True,-1.47561159875381,False,False
-1.594254759636362,1,-0.6560592745909929,0.3784070253557006,0.1765837713204426,0.2403010248979152,-0.4012994131537866,0.2332727608290527,-0.9171325568554236,-0.6499540455334424,-0.5913608932251309,-0.5631210944817947,False,False,False,True,1.5055306414669463,False,False
0.5634663806909778,1,-0.6560592745909929,-2.417886851387243,-1.0029610262683273,1.1479561495819623,-0.8210512514088407,0.2332727608290527,-0.0054904697966909,0.1219642253168732,0.872467823849125,-1.1469071832564992,False,False,False,True,-2.464282024740788,False,False
-0.9128691363750968,0,0.2610710103011582,0.3784070253557006,-1.0029610262683273,0.2403010248979152,-0.9418843362188024,0.2332727608290527,-0.6132518611691794,-0.8429336132460213,-0.5913608932251309,-0.5631210944817947,False,False,False,False,0.509294734350057,False,False
0.3363378396038894,1,1.1782012951933094,0.3784070253557006,-1.0029610262683273,-1.575009224470179,-0.9337484427278574,-0.9254007325196484,-0.3093711654829352,-0.8429336132460213,-0.5913608932251309,-0.5631210944817947,False,False,False,True,-1.4831770798837216,False,False
-1.0264334069186412,0,-0.6560592745909929,0.3784070253557006,-1.0029610262683273,0.2403010248979152,-0.95966277014346,-0.9254007325196484,-1.37295360038479,-1.0359131809586002,-0.884126636639982,-1.1469071832564992,False,False,True,False,0.509294734350057,False,False
-0.2314835131138316,0,-0.6560592745909929,0.3784070253557006,-1.0029610262683273,-0.6673540997861319,-1.0530748805950516,1.391946254177754,-1.37295360038479,-1.0359131809586002,-1.1768923800548332,-1.1469071832564992,False,False,False,False,0.509294734350057,False,False
0.677030651234522,0,0.2610710103011582,-1.0197399130157712,0.1765837713204426,0.2403010248979152,0.2233564093176615,-0.9254007325196484,-0.0054904697966909,-0.2639949101082846,-0.0058294063954284,-0.2712280500944423,False,False,True,False,-0.4793756916369207,False,False
-0.3450477836573759,0,0.2610710103011582,-1.0197399130157712,-1.0029610262683273,-1.575009224470179,-0.8147233342492168,-0.9254007325196484,-0.6132518611691794,-0.6499540455334424,-0.5913608932251309,-0.5631210944817947,False,False,True,True,-0.4793756916369207,False,False
2.4940589799312294,0,0.2610710103011582,-1.0197399130157712,1.3561285689092124,-0.6673540997861319,1.5214834152062282,0.2332727608290527,2.1216744000070187,-0.0710153423957056,-1.1768923800548332,0.0206649942929099,False,False,False,True,-0.4793756916369207,False,False
-0.5721763247444642,0,-0.6560592745909929,-1.0197399130157712,-1.0029610262683273,0.2403010248979152,-0.9563481468693714,-0.9254007325196484,0.4503305737326754,0.1219642253168732,0.872467823849125,-0.5631210944817947,False,True,False,False,0.5168602154799685,False,False
-0.1179192425702874,0,1.1782012951933094,0.3784070253557006,0.1765837713204426,1.1479561495819623,-0.4486081271566893,0.2332727608290527,-0.0054904697966909,0.70090292845461,0.5797020804342738,0.8963441274549668,False,False,False,True,-1.4831770798837216,False,False
1.4719805450393315,0,-1.573189559483144,0.3784070253557006,1.3561285689092124,-0.6673540997861319,0.5725971706511919,0.2332727608290527,2.8813761392226294,3.788576011855872,1.4579993106788274,0.8963441274549668,False,False,False,False,-0.4869411727668323,False,False
1.3584162744957873,0,1.1782012951933094,0.3784070253557006,-1.0029610262683273,0.2403010248979152,-0.977441204068118,1.391946254177754,0.4503305737326754,-1.2288927486711791,-1.1768923800548332,-1.1469071832564992,False,False,False,False,-0.4869411727668323,False,False
-0.5721763247444642,0,1.1782012951933094,0.3784070253557006,0.1765837713204426,0.2403010248979152,0.4306710286424837,0.2332727608290527,-0.1574308176398131,0.5079233607420311,1.1652335672639762,-1.1469071832564992,False,False,False,False,-0.4869411727668323,False,False
-0.0043549720267432,0,-0.6560592745909929,0.3784070253557006,-1.0029610262683273,1.1479561495819623,-0.2485254131571516,-0.9254007325196484,-0.3093711654829352,-0.0710153423957056,-0.5913608932251309,-0.8550141388691469,False,False,True,False,0.509294734350057,False,False
0.2227735690603451,0,1.1782012951933094,0.3784070253557006,1.3561285689092124,-1.575009224470179,2.434511462523396,0.2332727608290527,0.7542112694189196,1.6658007670175043,2.336296540923381,2.063916305004376,False,False,False,False,0.509294734350057,False,False
-0.45861205420092,0,0.2610710103011582,-1.0197399130157712,-1.0029610262683273,-0.6673540997861319,-0.9554441587037108,-0.9254007325196484,-0.7651922090123016,-0.6499540455334424,-1.1768923800548332,-0.5631210944817947,False,False,False,False,-0.4793756916369207,False,False
-1.2535619480057296,1,0.2610710103011582,-1.0197399130157712,-1.0029610262683273,-0.6673540997861319,-0.9310364782308758,2.550619747526455,-1.37295360038479,-1.0359131809586002,-1.1768923800548332,-1.1469071832564992,False,True,False,True,-0.4793756916369207,False,False
0.4499021101474336,0,-1.573189559483144,-1.0197399130157712,1.3561285689092124,-0.6673540997861319,1.2662574231013963,0.2332727608290527,0.1464498780464311,-1.0359131809586002,-1.1768923800548332,-1.1469071832564992,False,False,False,False,-1.47561159875381,False,False
-1.1399976774621854,0,0.2610710103011582,-1.0197399130157712,0.1765837713204426,-1.575009224470179,-0.3642358983617035,-0.9254007325196484,-0.4613115133260573,0.1219642253168732,0.872467823849125,0.8963441274549668,True,False,True,False,-0.4793756916369207,False,False
0.5634663806909778,0,1.1782012951933094,0.3784070253557006,-1.0029610262683273,-1.575009224470179,-0.2355682494493502,-0.9254007325196484,1.5139130086345305,2.244739470155241,2.629062284338232,3.81527457132849,False,False,True,True,0.509294734350057,False,False
-0.0043549720267432,0,0.2610710103011582,0.3784070253557006,-1.0029610262683273,0.2403010248979152,-0.8990955630442026,-0.9254007325196484,0.9061516172620416,0.893882496167189,1.1652335672639762,1.4801302162296714,False,False,True,False,0.509294734350057,False,False
-1.9349475712669948,1,1.1782012951933094,-1.0197399130157712,-1.0029610262683273,-0.6673540997861319,-1.0190246596885038,-0.9254007325196484,-1.37295360038479,-1.0359131809586002,-1.1768923800548332,-1.1469071832564992,False,True,True,True,0.5168602154799685,False,False
-1.8213833007234503,1,-1.573189559483144,0.3784070253557006,-1.0029610262683273,-1.575009224470179,-0.7622920206409042,-0.9254007325196484,-1.37295360038479,-1.0359131809586002,-1.1768923800548332,-1.1469071832564992,False,False,True,False,0.509294734350057,False,False
-0.5721763247444642,0,1.1782012951933094,0.3784070253557006,0.1765837713204426,1.1479561495819623,0.106139277170342,1.391946254177754,-0.0054904697966909,0.5079233607420311,0.872467823849125,0.3125580386802622,False,False,False,True,-1.4831770798837216,False,False
0.4499021101474336,0,1.1782012951933094,0.3784070253557006,-1.0029610262683273,-0.6673540997861319,-0.5682358944124369,0.2332727608290527,-1.069072904698546,-1.0359131809586002,-0.884126636639982,-1.1469071832564992,True,False,False,True,0.509294734350057,False,False
-0.45861205420092,0,0.2610710103011582,0.3784070253557006,0.1765837713204426,-1.575009224470179,0.3682958452119049,0.2332727608290527,-0.3093711654829352,0.3149437930294522,0.872467823849125,-0.2712280500944423,False,False,False,False,1.5055306414669463,False,False
-0.0043549720267432,1,0.2610710103011582,-1.0197399130157712,1.3561285689092124,1.1479561495819623,1.453081644004579,0.2332727608290527,0.9061516172620416,1.8587803347300835,0.872467823849125,0.8963441274549668,False,False,False,True,-0.4793756916369207,False,False
-0.3450477836573759,0,-0.6560592745909929,-1.0197399130157712,0.1765837713204426,1.1479561495819623,0.4357936282478935,-0.9254007325196484,-0.6132518611691794,-0.2639949101082846,-1.1768923800548332,0.0206649942929099,False,False,True,False,-0.4793756916369207,False,False
0.1092092985168009,1,-1.573189559483144,-1.0197399130157712,1.3561285689092124,0.2403010248979152,1.5386591903537787,-0.9254007325196484,1.058091965105164,1.4728211993049256,-0.884126636639982,0.8963441274549668,False,False,False,False,-2.471847505870699,False,False
1.0177234628651546,0,0.2610710103011582,0.3784070253557006,0.1765837713204426,-0.6673540997861319,-0.3181325019130149,-0.9254007325196484,-0.1574308176398131,0.5079233607420311,0.872467823849125,1.188237171842319,False,False,False,False,-0.4869411727668323,False,False
-0.7993048658315527,0,0.2610710103011582,0.3784070253557006,-1.0029610262683273,1.1479561495819623,-1.008176801700577,0.2332727608290527,-1.069072904698546,-0.6499540455334424,-0.884126636639982,-0.5631210944817947,True,True,False,False,0.509294734350057,False,False
-0.1179192425702874,0,0.2610710103011582,0.3784070253557006,0.1765837713204426,0.2403010248979152,-0.2717277760757727,-0.9254007325196484,-0.7651922090123016,-0.2639949101082846,-0.5913608932251309,-1.1469071832564992,False,False,False,False,0.509294734350057,False,False
2.4940589799312294,1,1.1782012951933094,0.3784070253557006,-1.0029610262683273,0.2403010248979152,-0.9111487385863434,-0.9254007325196484,-0.4613115133260573,-1.0359131809586002,-1.1768923800548332,-1.1469071832564992,False,False,True,False,0.509294734350057,False,False
1.9262376272135084,0,0.2610710103011582,0.3784070253557006,2.535673366497982,0.2403010248979152,2.8171997859863667,0.2332727608290527,1.8177937043207744,2.051759902442662,2.629062284338232,-0.5631210944817947,False,False,False,False,1.5055306414669463,False,False
-0.6857405952880085,0,0.2610710103011582,0.3784070253557006,1.3561285689092124,0.2403010248979152,0.5307123856422525,0.2332727608290527,-0.0054904697966909,0.3149437930294522,-0.0058294063954284,0.8963441274549668,False,False,False,False,1.5055306414669463,False,False
0.2227735690603451,0,0.2610710103011582,0.3784070253557006,0.1765837713204426,1.1479561495819623,0.0491880227337266,-0.9254007325196484,-0.6132518611691794,-0.2639949101082846,-0.2985951498102796,-0.2712280500944423,False,False,True,True,0.509294734350057,False,False
-0.1179192425702874,0,1.1782012951933094,0.3784070253557006,1.3561285689092124,1.1479561495819623,0.6991555138436705,0.2332727608290527,0.2983902258895533,0.70090292845461,1.4579993106788274,1.188237171842319,False,False,False,False,0.509294734350057,False,False
0.3363378396038894,0,-1.573189559483144,1.7765539637271726,1.3561285689092124,0.2403010248979152,0.7163312889912212,-0.9254007325196484,-0.1574308176398131,0.3149437930294522,0.872467823849125,0.8963441274549668,False,False,True,False,1.497965160337035,False,False
0.4499021101474336,1,-0.6560592745909929,1.7765539637271726,2.535673366497982,-0.6673540997861319,2.317595659764629,-0.9254007325196484,1.8177937043207744,-1.0359131809586002,-1.1768923800548332,-1.1469071832564992,False,False,True,True,0.5017292532201456,False,False
1.244852003952243,0,0.2610710103011582,1.7765539637271726,0.1765837713204426,0.2403010248979152,-0.1313082810098321,-0.9254007325196484,1.5139130086345305,2.43771903786782,1.7507650540936786,0.8963441274549668,True,False,False,True,2.494201067453924,False,False
-0.0043549720267432,0,-1.573189559483144,0.3784070253557006,0.1765837713204426,1.1479561495819623,-0.1276923283471899,1.391946254177754,0.2983902258895533,0.1219642253168732,0.872467823849125,0.8963441274549668,False,False,False,False,0.509294734350057,False,False
-0.5721763247444642,1,0.2610710103011582,-1.0197399130157712,-1.0029610262683273,-1.575009224470179,-0.9587587819777996,-0.9254007325196484,-0.9171325568554236,-0.6499540455334424,-0.5913608932251309,-0.5631210944817947,False,False,True,True,-0.4793756916369207,False,False
-0.7993048658315527,1,1.1782012951933094,-1.0197399130157712,-1.0029610262683273,-1.575009224470179,-0.9337484427278574,-0.9254007325196484,-1.069072904698546,-1.2288927486711791,-1.1768923800548332,-1.1469071832564992,False,False,True,True,-0.4793756916369207,False,False
-0.3450477836573759,0,-0.6560592745909929,0.3784070253557006,-1.0029610262683273,1.1479561495819623,-0.6179552435237678,-0.9254007325196484,-0.7651922090123016,-0.6499540455334424,-0.5913608932251309,-0.5631210944817947,False,False,True,False,0.509294734350057,False,False
1.0177234628651546,0,1.1782012951933094,0.3784070253557006,-1.0029610262683273,1.1479561495819623,-0.9741265807940293,1.391946254177754,-0.3093711654829352,-0.2639949101082846,-0.2985951498102796,-0.5631210944817947,False,False,False,False,0.509294734350057,False,False
-0.3450477836573759,0,0.2610710103011582,1.7765539637271726,0.1765837713204426,-0.6673540997861319,-0.0044486084287999,0.2332727608290527,-0.6132518611691794,-0.0710153423957056,0.2869363370194226,-0.5631210944817947,True,False,False,True,1.497965160337035,False,False
-1.0264334069186412,0,0.2610710103011582,0.3784070253557006,-1.0029610262683273,-0.6673540997861319,-0.8111073815865746,0.2332727608290527,-0.9171325568554236,-0.8429336132460213,-0.5913608932251309,-0.5631210944817947,False,False,False,False,0.509294734350057,False,False
1.0177234628651546,0,1.1782012951933094,0.3784070253557006,0.1765837713204426,-1.575009224470179,-0.5634146241955806,0.2332727608290527,-0.1574308176398131,0.5079233607420311,1.1652335672639762,1.188237171842319,False,False,False,True,0.509294734350057,False,False
1.244852003952243,0,1.1782012951933094,0.3784070253557006,0.1765837713204426,1.1479561495819623,-0.4037100482622147,-0.9254007325196484,-0.1574308176398131,0.5079233607420311,-1.1768923800548332,0.8963441274549668,False,False,True,True,0.509294734350057,False,False
-0.6857405952880085,1,-1.573189559483144,0.3784070253557006,-1.0029610262683273,0.2403010248979152,-1.015710036414415,-0.9254007325196484,-0.4613115133260573,-0.2639949101082846,-0.5913608932251309,-0.8550141388691469,False,False,False,True,0.509294734350057,False,False
1.5855448155828755,0,1.1782012951933094,0.3784070253557006,2.535673366497982,0.2403010248979152,2.552331253447822,0.2332727608290527,1.8177937043207744,1.086862063879768,2.04353079750853,0.3125580386802622,False,False,False,True,0.509294734350057,False,False
0.2227735690603451,0,0.2610710103011582,0.3784070253557006,-1.0029610262683273,0.2403010248979152,-0.8493762139328717,0.2332727608290527,-1.069072904698546,-0.8429336132460213,-0.884126636639982,-0.5631210944817947,True,False,False,False,-0.4869411727668323,False,False
1.1312877334086988,0,1.1782012951933094,0.3784070253557006,1.3561285689092124,0.2403010248979152,1.6097729260524096,0.2332727608290527,0.4503305737326754,0.3149437930294522,0.872467823849125,0.8963441274549668,False,False,False,False,0.509294734350057,False,False
-1.3671262185492736,0,1.1782012951933094,-1.0197399130157712,0.1765837713204426,0.2403010248979152,-0.3392255591117613,1.391946254177754,-0.7651922090123016,-0.4569744778208635,-0.5913608932251309,-0.5631210944817947,False,False,False,False,-0.4793756916369207,False,False
-0.1179192425702874,1,0.2610710103011582,-1.0197399130157712,-1.0029610262683273,-0.6673540997861319,-0.5302683914546934,0.2332727608290527,-0.7651922090123016,-0.4569744778208635,-0.5913608932251309,-0.5631210944817947,False,False,False,True,-2.471847505870699,False,False
-0.5721763247444642,0,0.2610710103011582,0.3784070253557006,0.1765837713204426,-1.575009224470179,-0.4082299890905175,0.2332727608290527,-0.9171325568554236,-0.4569744778208635,-0.2985951498102796,-0.2712280500944423,True,False,False,False,0.509294734350057,False,False
-2.048511841810539,0,-0.6560592745909929,0.3784070253557006,-1.0029610262683273,1.1479561495819623,-1.3414471054407708,-0.9254007325196484,-1.5248939482279122,-1.2288927486711791,-1.1768923800548332,-1.1469071832564992,False,False,True,False,0.509294734350057,False,False
2.0398018977570525,0,0.2610710103011582,0.3784070253557006,1.3561285689092124,0.2403010248979152,1.5778320108657364,0.2332727608290527,1.8177937043207744,0.70090292845461,0.872467823849125,1.188237171842319,False,False,False,False,0.509294734350057,False,False
-0.1179192425702874,0,0.2610710103011582,0.3784070253557006,1.3561285689092124,0.2403010248979152,1.4720653954834508,0.2332727608290527,0.9061516172620416,1.8587803347300835,1.7507650540936786,-0.8550141388691469,False,False,False,True,-0.4869411727668323,False,False
-0.6857405952880085,0,-0.6560592745909929,1.7765539637271726,1.3561285689092124,-1.575009224470179,1.78183200691647,2.550619747526455,-0.1574308176398131,0.3149437930294522,0.872467823849125,0.8963441274549668,False,False,False,True,0.5017292532201456,False,False
-1.8213833007234503,1,1.1782012951933094,-1.0197399130157712,-1.0029610262683273,-1.575009224470179,-0.8746878825713674,-0.9254007325196484,-1.37295360038479,-1.0359131809586002,-1.1768923800548332,-1.1469071832564992,False,False,True,True,-0.4793756916369207,False,False
-0.6857405952880085,1,-0.6560592745909929,0.3784070253557006,-1.0029610262683273,-0.6673540997861319,-0.928324513733894,-0.9254007325196484,-0.9171325568554236,-0.6499540455334424,-0.5913608932251309,-0.5631210944817947,True,False,True,False,0.509294734350057,False,False
-1.1399976774621854,0,1.1782012951933094,1.7765539637271726,0.1765837713204426,1.1479561495819623,-0.0092698786456563,-0.9254007325196484,-0.3093711654829352,0.3149437930294522,0.872467823849125,-0.2712280500944423,False,False,False,False,1.497965160337035,False,False
-1.594254759636362,0,-0.6560592745909929,-2.417886851387243,-1.0029610262683273,-1.575009224470179,-0.919585961465842,0.2332727608290527,-0.9171325568554236,-0.4569744778208635,-0.2985951498102796,-0.8550141388691469,False,False,False,False,-2.464282024740788,False,False
1.3584162744957873,0,-1.573189559483144,-1.0197399130157712,0.1765837713204426,0.2403010248979152,-0.3805076853435936,-0.9254007325196484,1.361972660791408,-0.8429336132460213,-0.5913608932251309,-0.5631210944817947,False,False,True,False,-0.4793756916369207,False,False
1.3584162744957873,0,0.2610710103011582,-1.0197399130157712,1.3561285689092124,0.2403010248979152,1.6561776518896518,-0.9254007325196484,2.577495443536385,1.6658007670175043,2.04353079750853,1.188237171842319,False,False,True,False,-0.4793756916369207,False,False
0.5634663806909778,0,1.1782012951933094,0.3784070253557006,0.1765837713204426,0.2403010248979152,-0.1505933618772574,-0.9254007325196484,-0.3093711654829352,-0.8429336132460213,-0.5913608932251309,-0.8550141388691469,False,False,True,False,0.509294734350057,False,False
0.3363378396038894,0,1.1782012951933094,-1.0197399130157712,2.535673366497982,1.1479561495819623,2.181394776138438,0.2332727608290527,1.6658533564776523,2.823678173292978,0.5797020804342738,1.188237171842319,False,False,False,False,-0.4793756916369207,False,False
-1.0264334069186412,0,-1.573189559483144,0.3784070253557006,0.1765837713204426,1.1479561495819623,-0.3844249673947894,0.2332727608290527,-0.9171325568554236,-0.6499540455334424,-0.5913608932251309,-0.5631210944817947,False,False,False,False,0.509294734350057,False,False
-0.1179192425702874,0,-0.6560592745909929,0.3784070253557006,-1.0029610262683273,1.1479561495819623,-0.4778370778463808,0.2332727608290527,-1.069072904698546,-0.6499540455334424,-0.5913608932251309,-0.5631210944817947,False,False,False,False,-0.4869411727668323,False,False
1.5855448155828755,0,-1.573189559483144,0.3784070253557006,-1.0029610262683273,1.1479561495819623,-0.940980348053142,-0.9254007325196484,-0.3093711654829352,-1.0359131809586002,-1.1768923800548332,-1.1469071832564992,False,False,False,False,0.509294734350057,False,False
2.6076232504747736,0,0.2610710103011582,-1.0197399130157712,2.535673366497982,1.1479561495819623,2.4779028944751023,-0.9254007325196484,3.0333164870657514,-0.2639949101082846,-0.2985951498102796,-0.2712280500944423,False,False,True,True,-0.4793756916369207,False,False
0.1092092985168009,1,-1.573189559483144,-2.417886851387243,0.1765837713204426,-0.6673540997861319,-0.2186938036903531,-0.9254007325196484,0.7542112694189196,-1.0359131809586002,-1.1768923800548332,-1.1469071832564992,False,False,False,False,-3.460517931857677,False,False
2.1533661683005967,0,0.2610710103011582,0.3784070253557006,0.1765837713204426,-0.6673540997861319,0.2658438531037079,1.391946254177754,1.058091965105164,0.3149437930294522,0.872467823849125,0.8963441274549668,True,False,False,True,0.509294734350057,False,False
0.2227735690603451,0,-0.6560592745909929,0.3784070253557006,0.1765837713204426,1.1479561495819623,0.4092766420551837,-0.9254007325196484,1.361972660791408,-1.0359131809586002,-1.1768923800548332,-1.1469071832564992,False,False,True,True,0.509294734350057,False,False
-1.1399976774621854,1,-0.6560592745909929,-2.417886851387243,0.1765837713204426,-1.575009224470179,-0.1608385610880771,-0.9254007325196484,-0.4613115133260573,-0.8429336132460213,-0.5913608932251309,-0.5631210944817947,False,False,True,False,-1.4680461176238986,False,False
0.9041591923216103,0,1.1782012951933094,1.7765539637271726,2.535673366497982,1.1479561495819623,2.355563162722373,0.2332727608290527,1.9697340521638969,1.086862063879768,2.04353079750853,2.063916305004376,False,False,False,True,1.497965160337035,False,False
1.5855448155828755,0,1.1782012951933094,0.3784070253557006,0.1765837713204426,0.2403010248979152,0.2543933363386741,0.2332727608290527,1.361972660791408,2.244739470155241,0.872467823849125,2.6477023937790807,False,False,False,False,0.509294734350057,False,False
-0.0043549720267432,1,0.2610710103011582,1.7765539637271726,-1.0029610262683273,-1.575009224470179,-0.8315977800082139,-0.9254007325196484,1.210032312948286,2.051759902442662,2.629062284338232,2.9395954381664327,False,False,True,False,1.497965160337035,False,False
0.3363378396038894,0,1.1782012951933094,0.3784070253557006,1.3561285689092124,-1.575009224470179,1.620319454651783,-0.9254007325196484,1.6658533564776523,2.823678173292978,0.5797020804342738,1.188237171842319,True,False,True,True,0.509294734350057,False,False
-0.3450477836573759,0,-0.6560592745909929,-1.0197399130157712,-1.0029610262683273,1.1479561495819623,-0.9524308648181756,-0.9254007325196484,-1.069072904698546,-0.8429336132460213,-0.5913608932251309,-0.5631210944817947,False,True,True,False,-1.47561159875381,False,False
-0.45861205420092,0,1.1782012951933094,0.3784070253557006,-1.0029610262683273,0.2403010248979152,-0.4452935038826006,-0.9254007325196484,-0.0054904697966909,0.3149437930294522,0.872467823849125,0.8963441274549668,False,False,True,False,0.509294734350057,False,False
-0.2314835131138316,0,-0.6560592745909929,1.7765539637271726,0.1765837713204426,1.1479561495819623,1.272284010872467,0.2332727608290527,0.9061516172620416,1.6658007670175043,-0.884126636639982,1.4801302162296714,False,False,False,False,0.5017292532201456,False,False
2.6076232504747736,0,-0.6560592745909929,0.3784070253557006,1.3561285689092124,1.1479561495819623,1.928880748530588,0.2332727608290527,0.6022709215757975,-0.0710153423957056,-0.0058294063954284,0.0206649942929099,False,False,False,True,-1.4831770798837216,False,False
1.0177234628651546,0,-0.6560592745909929,0.3784070253557006,-1.0029610262683273,-0.6673540997861319,-1.0021502139295069,-0.9254007325196484,-0.6132518611691794,-0.0710153423957056,-0.2985951498102796,0.0206649942929099,False,False,True,False,0.509294734350057,False,False
1.9262376272135084,0,0.2610710103011582,-1.0197399130157712,1.3561285689092124,-0.6673540997861319,0.6093593560547214,0.2332727608290527,3.0333164870657514,1.6658007670175043,0.872467823849125,2.3558093493917283,True,False,False,False,-0.4793756916369207,False,False
-0.0043549720267432,1,-1.573189559483144,0.3784070253557006,0.1765837713204426,0.2403010248979152,-0.2015180285428024,0.2332727608290527,-0.1574308176398131,-1.0359131809586002,-1.1768923800548332,-1.1469071832564992,False,False,False,False,-0.4869411727668323,False,False
-1.1399976774621854,1,-1.573189559483144,0.3784070253557006,-1.0029610262683273,-1.575009224470179,-1.042829681384232,0.2332727608290527,-0.6132518611691794,-0.6499540455334424,-0.5913608932251309,-0.5631210944817947,True,False,False,True,0.509294734350057,False,False
-0.2314835131138316,0,0.2610710103011582,0.3784070253557006,-1.0029610262683273,0.2403010248979152,-0.9891930502217052,0.2332727608290527,-1.37295360038479,-1.0359131809586002,-0.884126636639982,-1.1469071832564992,False,True,False,True,0.509294734350057,False,False
-0.9128691363750968,0,1.1782012951933094,0.3784070253557006,-1.0029610262683273,-0.6673540997861319,-1.3411457760522172,-0.9254007325196484,-1.37295360038479,-1.0359131809586002,-1.1768923800548332,-1.1469071832564992,False,True,False,False,0.509294734350057,False,False
0.2227735690603451,0,0.2610710103011582,0.3784070253557006,-1.0029610262683273,0.2403010248979152,-0.8080940877010393,0.2332727608290527,-0.3093711654829352,-0.8429336132460213,-0.5913608932251309,-0.5631210944817947,True,False,False,False,0.509294734350057,False,False
0.1092092985168009,0,1.1782012951933094,0.3784070253557006,0.1765837713204426,-0.6673540997861319,-0.4205844940212119,-0.9254007325196484,-0.3093711654829352,-0.4569744778208635,-0.2985951498102796,-0.8550141388691469,False,False,True,False,-0.4869411727668323,False,False
0.4499021101474336,0,0.2610710103011582,0.3784070253557006,0.1765837713204426,-1.575009224470179,0.8718172534848379,0.2332727608290527,-0.3093711654829352,0.1219642253168732,0.872467823849125,0.3125580386802622,False,False,False,False,-0.4869411727668323,False,False
-1.1399976774621854,0,-1.573189559483144,-1.0197399130157712,-1.0029610262683273,0.2403010248979152,-1.053376209983605,1.391946254177754,-0.7651922090123016,-0.2639949101082846,-0.2985951498102796,-0.2712280500944423,True,False,False,False,-0.4793756916369207,False,False
2.0398018977570525,0,0.2610710103011582,-1.0197399130157712,1.3561285689092124,0.2403010248979152,1.5618615532723998,0.2332727608290527,0.4503305737326754,0.5079233607420311,-0.0058294063954284,-1.1469071832564992,False,False,False,False,-0.4793756916369207,False,False
2.266930438844141,0,-1.573189559483144,0.3784070253557006,-1.0029610262683273,0.2403010248979152,-0.7716332316860633,0.2332727608290527,1.210032312948286,-0.2639949101082846,-0.0058294063954284,-0.2712280500944423,True,False,False,False,0.509294734350057,False,False
-0.0043549720267432,0,1.1782012951933094,-1.0197399130157712,1.3561285689092124,1.1479561495819623,1.0110314309965642,-0.9254007325196484,0.7542112694189196,1.4728211993049256,1.1652335672639762,1.188237171842319,False,False,True,False,-1.47561159875381,False,False
0.7905949217780662,0,0.2610710103011582,-1.0197399130157712,1.3561285689092124,1.1479561495819623,1.5956104447903945,0.2332727608290527,1.210032312948286,-1.0359131809586002,-1.1768923800548332,-1.1469071832564992,False,False,False,False,-0.4793756916369207,False,False
-1.8213833007234503,1,1.1782012951933094,0.3784070253557006,-1.0029610262683273,1.1479561495819623,-0.9581561232006924,-0.9254007325196484,-1.221013252541668,-0.8429336132460213,-0.5913608932251309,-0.5631210944817947,True,True,True,True,0.509294734350057,False,False
-1.7078190301799063,1,0.2610710103011582,-1.0197399130157712,-1.0029610262683273,-1.575009224470179,-1.2314618786187357,-0.9254007325196484,-1.37295360038479,-1.0359131809586002,-1.1768923800548332,-1.1469071832564992,False,False,True,False,-1.47561159875381,False,False
1.1312877334086988,0,1.1782012951933094,-1.0197399130157712,0.1765837713204426,-1.575009224470179,-0.2675091646360234,2.550619747526455,1.361972660791408,1.8587803347300835,2.629062284338232,0.8963441274549668,False,False,False,True,-0.4793756916369207,False,False
1.69910908612642,1,-1.573189559483144,0.3784070253557006,-1.0029610262683273,0.2403010248979152,-0.9165726675803068,2.550619747526455,1.210032312948286,0.70090292845461,-1.1768923800548332,0.8963441274549668,False,False,False,True,1.5055306414669463,False,False
-0.9128691363750968,1,-0.6560592745909929,-1.0197399130157712,1.3561285689092124,-1.575009224470179,0.9700506341532856,-0.9254007325196484,-0.0054904697966909,0.70090292845461,0.872467823849125,1.4801302162296714,False,False,True,False,-1.47561159875381,False,False
-1.1399976774621854,0,-1.573189559483144,-1.0197399130157712,-1.0029610262683273,-1.575009224470179,-0.466386561081347,1.391946254177754,-0.6132518611691794,-0.2639949101082846,-0.2985951498102796,-0.2712280500944423,False,False,False,False,-0.4793756916369207,False,False
-0.6857405952880085,0,0.2610710103011582,0.3784070253557006,0.1765837713204426,-1.575009224470179,1.3421924290168834,0.2332727608290527,-0.4613115133260573,-0.0710153423957056,-0.5913608932251309,-0.5631210944817947,False,False,False,False,-0.4869411727668323,False,False
0.5634663806909778,0,-0.6560592745909929,1.7765539637271726,-1.0029610262683273,0.2403010248979152,-0.6408562770538354,-0.9254007325196484,-0.0054904697966909,0.70090292845461,0.5797020804342738,1.188237171842319,False,False,False,False,1.497965160337035,False,False
0.2227735690603451,0,0.2610710103011582,-1.0197399130157712,1.3561285689092124,0.2403010248979152,1.0004849023971911,0.2332727608290527,1.5139130086345305,2.43771903786782,1.4579993106788274,1.4801302162296714,False,False,False,False,-1.47561159875381,False,False
0.4499021101474336,0,-1.573189559483144,0.3784070253557006,1.3561285689092124,1.1479561495819623,1.4521776558389183,0.2332727608290527,0.6022709215757975,0.893882496167189,1.7507650540936786,-0.8550141388691469,False,False,False,False,0.509294734350057,False,False
-1.0264334069186412,0,-1.573189559483144,-2.417886851387243,-1.0029610262683273,0.2403010248979152,-0.2657011883047023,2.550619747526455,-1.069072904698546,-0.6499540455334424,-0.5913608932251309,-0.5631210944817947,False,False,False,False,-1.4680461176238986,False,False
2.1533661683005967,0,1.1782012951933094,0.3784070253557006,1.3561285689092124,-0.6673540997861319,1.649247075952921,0.2332727608290527,1.9697340521638969,-0.6499540455334424,-0.5913608932251309,-0.5631210944817947,True,False,False,False,0.509294734350057,False,False
-0.9128691363750968,0,0.2610710103011582,0.3784070253557006,0.1765837713204426,0.2403010248979152,-0.5552787307046356,-0.9254007325196484,-0.0054904697966909,0.3149437930294522,0.872467823849125,0.8963441274549668,False,False,True,False,1.5055306414669463,False,False
0.9041591923216103,1,-0.6560592745909929,-1.0197399130157712,1.3561285689092124,-1.575009224470179,1.5003903580074818,0.2332727608290527,2.1216744000070187,2.630698605580399,0.5797020804342738,0.6044510830676145,False,False,False,False,-0.4793756916369207,False,False
-0.3450477836573759,0,1.1782012951933094,-1.0197399130157712,1.3561285689092124,1.1479561495819623,0.487019624301992,0.2332727608290527,-0.1574308176398131,-0.6499540455334424,-0.5913608932251309,-0.5631210944817947,False,False,False,False,-0.4793756916369207,False,False
-0.1179192425702874,1,1.1782012951933094,0.3784070253557006,1.3561285689092124,-1.575009224470179,1.2291939083093133,-0.9254007325196484,-0.1574308176398131,0.3149437930294522,0.872467823849125,0.8963441274549668,False,False,True,True,0.509294734350057,False,False
-0.3450477836573759,1,-1.573189559483144,-1.0197399130157712,0.1765837713204426,0.2403010248979152,-0.2997514092112501,-0.9254007325196484,0.6022709215757975,1.2798416315923469,0.872467823849125,1.188237171842319,True,False,True,False,-0.4793756916369207,False,False
-0.9128691363750968,0,-1.573189559483144,0.3784070253557006,-1.0029610262683273,0.2403010248979152,-0.993110332272901,0.2332727608290527,-0.9171325568554236,-0.4569744778208635,-0.5913608932251309,-0.5631210944817947,False,False,False,False,-0.4869411727668323,False,False
-0.2314835131138316,0,-1.573189559483144,0.3784070253557006,0.1765837713204426,1.1479561495819623,0.6789664448105847,-0.9254007325196484,-0.4613115133260573,-0.0710153423957056,-0.5913608932251309,0.0206649942929099,True,False,True,False,-0.4869411727668323,False,False
0.1092092985168009,0,1.1782012951933094,-1.0197399130157712,0.1765837713204426,1.1479561495819623,0.3589546341667458,2.550619747526455,-0.3093711654829352,-1.0359131809586002,-1.1768923800548332,-1.1469071832564992,False,False,False,True,-0.4793756916369207,False,False
-1.2535619480057296,1,1.1782012951933094,0.3784070253557006,-1.0029610262683273,1.1479561495819623,-0.5459375196594765,0.2332727608290527,-0.4613115133260573,0.1219642253168732,0.872467823849125,0.6044510830676145,False,False,False,True,1.5055306414669463,False,False
-1.1399976774621854,1,-1.573189559483144,0.3784070253557006,-1.0029610262683273,0.2403010248979152,-0.9418843362188024,0.2332727608290527,-1.37295360038479,-1.0359131809586002,-0.884126636639982,-1.1469071832564992,False,False,False,False,-0.4869411727668323,False,False
-0.3450477836573759,1,-1.573189559483144,-1.0197399130157712,-1.0029610262683273,-0.6673540997861319,-0.9611694170862278,-0.9254007325196484,-0.7651922090123016,-0.8429336132460213,-0.5913608932251309,-0.5631210944817947,False,False,True,True,-0.4793756916369207,False,False
-0.9128691363750968,1,-1.573189559483144,-1.0197399130157712,-1.0029610262683273,-0.6673540997861319,-0.8758932001255815,1.391946254177754,-1.37295360038479,-1.0359131809586002,-1.1768923800548332,-1.1469071832564992,True,False,False,False,-0.4793756916369207,False,False
1.5855448155828755,1,1.1782012951933094,0.3784070253557006,0.1765837713204426,0.2403010248979152,-0.2334589437294756,-0.9254007325196484,-0.7651922090123016,-1.2288927486711791,-1.1768923800548332,-1.1469071832564992,True,False,True,True,0.509294734350057,False,False
-0.3450477836573759,0,1.1782012951933094,0.3784070253557006,0.1765837713204426,-0.6673540997861319,-0.3618252632532754,0.2332727608290527,-0.9171325568554236,-0.6499540455334424,-0.5913608932251309,-0.5631210944817947,True,False,False,False,0.509294734350057,False,False
-0.2314835131138316,0,0.2610710103011582,-1.0197399130157712,-1.0029610262683273,1.1479561495819623,-0.760484044309583,2.550619747526455,-0.6132518611691794,-1.2288927486711791,-1.1768923800548332,-1.1469071832564992,False,False,False,False,-0.4793756916369207,False,False
1.0177234628651546,0,-0.6560592745909929,-1.0197399130157712,0.1765837713204426,0.2403010248979152,0.0271909773693196,0.2332727608290527,0.7542112694189196,1.6658007670175043,1.7507650540936786,2.3558093493917283,False,False,False,False,-0.4793756916369207,False,False
1.812673356669964,0,-0.6560592745909929,0.3784070253557006,1.3561285689092124,-0.6673540997861319,1.4892411706310014,-0.9254007325196484,1.210032312948286,0.3149437930294522,0.5797020804342738,-1.1469071832564992,False,False,True,False,0.509294734350057,False,False
0.2227735690603451,0,0.2610710103011582,-1.0197399130157712,1.3561285689092124,0.2403010248979152,0.9754745631472488,1.391946254177754,-0.1574308176398131,0.3149437930294522,0.872467823849125,0.8963441274549668,False,False,False,True,-0.4793756916369207,False,False
-0.7993048658315527,0,0.2610710103011582,0.3784070253557006,-1.0029610262683273,1.1479561495819623,-0.9006022099869702,0.2332727608290527,0.1464498780464311,0.1219642253168732,0.2869363370194226,0.8963441274549668,False,False,False,False,0.509294734350057,False,False
-0.9128691363750968,0,1.1782012951933094,0.3784070253557006,1.3561285689092124,-0.6673540997861319,0.648532176566679,2.550619747526455,-0.0054904697966909,0.5079233607420311,0.872467823849125,0.8963441274549668,False,False,False,False,-0.4869411727668323,False,False
0.2227735690603451,0,1.1782012951933094,0.3784070253557006,1.3561285689092124,-0.6673540997861319,0.5569280424464088,-0.9254007325196484,-0.0054904697966909,-1.0359131809586002,-1.1768923800548332,-1.1469071832564992,False,False,True,False,0.509294734350057,False,False
0.7905949217780662,0,0.2610710103011582,0.3784070253557006,1.3561285689092124,-1.575009224470179,1.6022396913385717,0.2332727608290527,1.210032312948286,0.3149437930294522,0.872467823849125,-0.8550141388691469,True,False,False,False,0.509294734350057,False,False
0.3363378396038894,1,-1.573189559483144,0.3784070253557006,2.535673366497982,1.1479561495819623,2.008733036497271,2.550619747526455,1.6658533564776523,2.244739470155241,0.872467823849125,0.3125580386802622,True,False,False,False,0.509294734350057,False,False
-1.7078190301799063,0,1.1782012951933094,-1.0197399130157712,-1.0029610262683273,-0.6673540997861319,-1.0343924585047333,-0.9254007325196484,-1.221013252541668,-0.8429336132460213,-0.5913608932251309,-0.5631210944817947,False,False,True,True,0.5168602154799685,False,False
0.3363378396038894,0,0.2610710103011582,0.3784070253557006,0.1765837713204426,-0.6673540997861319,0.3854716203594556,-0.9254007325196484,-0.1574308176398131,-0.2639949101082846,-0.0058294063954284,-0.2712280500944423,False,False,True,False,-0.4869411727668323,False,False
-0.0043549720267432,0,-1.573189559483144,0.3784070253557006,0.1765837713204426,1.1479561495819623,0.6858970207473156,-0.9254007325196484,1.210032312948286,0.893882496167189,1.4579993106788274,1.4801302162296714,False,False,True,False,0.509294734350057,False,False
-0.5721763247444642,0,0.2610710103011582,1.7765539637271726,-1.0029610262683273,1.1479561495819623,-0.8171339693576449,0.2332727608290527,-1.069072904698546,-0.8429336132460213,-0.5913608932251309,-0.5631210944817947,True,True,False,False,1.497965160337035,False,False
-0.9128691363750968,0,-1.573189559483144,-1.0197399130157712,-1.0029610262683273,-0.6673540997861319,-0.6935889200507015,-0.9254007325196484,-0.6132518611691794,-0.2639949101082846,-0.2985951498102796,0.0206649942929099,False,False,False,False,-2.471847505870699,False,False
-0.1179192425702874,0,1.1782012951933094,0.3784070253557006,0.1765837713204426,1.1479561495819623,-0.1611398904766307,0.2332727608290527,-0.7651922090123016,-0.2639949101082846,-0.5913608932251309,-0.5631210944817947,True,False,False,False,0.509294734350057,False,False
1.4719805450393315,0,1.1782012951933094,-1.0197399130157712,2.535673366497982,-0.6673540997861319,2.295297285011669,0.2332727608290527,1.8177937043207744,0.5079233607420311,1.1652335672639762,-0.2712280500944423,False,False,False,False,-0.4793756916369207,False,False
-0.2314835131138316,0,1.1782012951933094,0.3784070253557006,0.1765837713204426,0.2403010248979152,-0.4428828687741724,-0.9254007325196484,-0.7651922090123016,-0.6499540455334424,-0.5913608932251309,-0.5631210944817947,True,False,True,False,-0.4869411727668323,False,False
-0.7993048658315527,0,1.1782012951933094,0.3784070253557006,-1.0029610262683273,-0.6673540997861319,-0.6664692750808847,1.391946254177754,-0.3093711654829352,0.1219642253168732,0.2869363370194226,-0.8550141388691469,True,False,False,False,-0.4869411727668323,False,False
0.677030651234522,0,-0.6560592745909929,-2.417886851387243,0.1765837713204426,1.1479561495819623,-0.370865144909881,-0.9254007325196484,0.9061516172620416,-1.0359131809586002,-1.1768923800548332,-1.1469071832564992,False,False,True,False,-1.4680461176238986,False,False
-0.7993048658315527,0,-0.6560592745909929,-1.0197399130157712,0.1765837713204426,1.1479561495819623,-0.1346229042839208,0.2332727608290527,-0.0054904697966909,0.70090292845461,0.872467823849125,-0.5631210944817947,False,False,False,True,-1.47561159875381,False,False
0.2227735690603451,0,0.2610710103011582,1.7765539637271726,-1.0029610262683273,0.2403010248979152,-0.8011635117643083,0.2332727608290527,-0.4613115133260573,0.1219642253168732,0.5797020804342738,-1.1469071832564992,False,False,False,False,2.494201067453924,False,False
-0.9128691363750968,0,0.2610710103011582,-1.0197399130157712,-1.0029610262683273,0.2403010248979152,-0.8436509555503547,0.2332727608290527,-1.069072904698546,-0.6499540455334424,-0.884126636639982,-0.5631210944817947,True,False,False,True,-0.4793756916369207,False,False
-2.048511841810539,1,0.2610710103011582,0.3784070253557006,-1.0029610262683273,0.2403010248979152,-1.0844131370046175,-0.9254007325196484,-1.5248939482279122,-1.2288927486711791,-1.1768923800548332,-1.1469071832564992,False,False,True,False,0.509294734350057,False,False
-0.3450477836573759,1,-1.573189559483144,0.3784070253557006,0.1765837713204426,-1.575009224470179,0.8199885986536323,-0.9254007325196484,-0.6132518611691794,-0.2639949101082846,-0.5913608932251309,-0.2712280500944423,False,False,True,True,0.509294734350057,False,False
0.5634663806909778,0,-0.6560592745909929,0.3784070253557006,-1.0029610262683273,1.1479561495819623,-0.2220084269644418,0.2332727608290527,-0.6132518611691794,-1.0359131809586002,-1.1768923800548332,-1.1469071832564992,False,False,False,True,0.509294734350057,False,False
-0.5721763247444642,1,0.2610710103011582,0.3784070253557006,-1.0029610262683273,0.2403010248979152,-0.8716745886858321,0.2332727608290527,-1.221013252541668,-0.8429336132460213,-0.5913608932251309,-0.5631210944817947,True,False,False,False,-0.4869411727668323,False,False
0.1092092985168009,0,0.2610710103011582,-1.0197399130157712,0.1765837713204426,1.1479561495819623,0.0687744329897055,1.391946254177754,-0.1574308176398131,-0.0710153423957056,-0.5913608932251309,-0.2712280500944423,False,False,False,False,-0.4793756916369207,False,False
-1.0264334069186412,0,1.1782012951933094,-1.0197399130157712,-1.0029610262683273,0.2403010248979152,-0.8930689752731321,0.2332727608290527,-0.9171325568554236,-0.4569744778208635,-0.5913608932251309,-0.5631210944817947,False,False,False,False,-0.4793756916369207,False,False
-0.2314835131138316,0,-0.6560592745909929,0.3784070253557006,0.1765837713204426,0.2403010248979152,0.0636518333842956,-0.9254007325196484,-0.6132518611691794,-0.0710153423957056,0.2869363370194226,-0.2712280500944423,False,False,False,False,-0.4869411727668323,False,False
-0.1179192425702874,0,0.2610710103011582,0.3784070253557006,-1.0029610262683273,0.2403010248979152,-0.3554973460936514,-0.9254007325196484,-0.6132518611691794,-0.2639949101082846,-0.0058294063954284,0.0206649942929099,False,False,True,False,-1.4831770798837216,False,False
-0.7993048658315527,1,1.1782012951933094,-1.0197399130157712,1.3561285689092124,-1.575009224470179,0.552408101618106,0.2332727608290527,0.1464498780464311,0.893882496167189,1.1652335672639762,1.7720232606170236,False,False,False,False,-2.471847505870699,False,False
0.4499021101474336,0,-0.6560592745909929,0.3784070253557006,1.3561285689092124,0.2403010248979152,2.4095011232734533,-0.9254007325196484,1.5139130086345305,2.244739470155241,0.872467823849125,2.6477023937790807,True,False,True,False,-0.4869411727668323,False,False
0.677030651234522,1,0.2610710103011582,0.3784070253557006,2.535673366497982,-1.575009224470179,2.487545434908815,-0.9254007325196484,1.8177937043207744,2.823678173292978,1.4579993106788274,2.9395954381664327,True,False,True,True,-0.4869411727668323,False,False
0.677030651234522,0,-0.6560592745909929,0.3784070253557006,0.1765837713204426,-1.575009224470179,-0.1047912948171223,-0.9254007325196484,-0.1574308176398131,-0.0710153423957056,-0.0058294063954284,0.3125580386802622,False,False,True,False,1.5055306414669463,False,False
-0.1179192425702874,0,1.1782012951933094,-1.0197399130157712,-1.0029610262683273,0.2403010248979152,-0.9777425334566714,0.2332727608290527,-0.0054904697966909,0.3149437930294522,-1.1768923800548332,0.8963441274549668,False,False,False,False,-0.4793756916369207,False,False
-1.3671262185492736,0,1.1782012951933094,0.3784070253557006,-1.0029610262683273,-0.6673540997861319,-0.5742624821835074,-0.9254007325196484,-0.6132518611691794,-0.4569744778208635,-0.2985951498102796,-0.5631210944817947,False,False,True,False,0.509294734350057,False,False
-0.9128691363750968,1,0.2610710103011582,0.3784070253557006,-1.0029610262683273,1.1479561495819623,-0.9003008805984166,-0.9254007325196484,-1.37295360038479,-1.0359131809586002,-0.884126636639982,-1.1469071832564992,False,False,False,True,-0.4869411727668323,False,False
-1.1399976774621854,0,-1.573189559483144,1.7765539637271726,-1.0029610262683273,1.1479561495819623,-0.3262683954039599,0.2332727608290527,-0.3093711654829352,0.3149437930294522,0.872467823849125,0.8963441274549668,False,False,False,False,1.497965160337035,False,False
-0.6857405952880085,0,0.2610710103011582,-1.0197399130157712,0.1765837713204426,0.2403010248979152,0.3240004250945374,0.2332727608290527,-0.0054904697966909,0.70090292845461,-0.2985951498102796,0.0206649942929099,False,False,False,False,-0.4793756916369207,False,False
0.4499021101474336,0,0.2610710103011582,-1.0197399130157712,0.1765837713204426,1.1479561495819623,-0.3256657366268529,0.2332727608290527,0.9061516172620416,-1.0359131809586002,-0.884126636639982,-1.1469071832564992,True,False,False,True,-2.471847505870699,False,False
-0.1179192425702874,0,0.2610710103011582,-1.0197399130157712,1.3561285689092124,-0.6673540997861319,1.437713845188349,0.2332727608290527,0.7542112694189196,0.1219642253168732,0.872467823849125,0.0206649942929099,False,False,False,False,0.5168602154799685,False,False
-0.2314835131138316,0,1.1782012951933094,-1.0197399130157712,0.1765837713204426,-1.575009224470179,-0.0481413697690604,-0.9254007325196484,0.6022709215757975,1.2798416315923469,1.4579993106788274,1.4801302162296714,True,False,True,False,-0.4793756916369207,False,False
-0.1179192425702874,0,1.1782012951933094,-1.0197399130157712,-1.0029610262683273,1.1479561495819623,-0.942185665607356,0.2332727608290527,-1.221013252541668,-0.8429336132460213,-0.5913608932251309,-0.5631210944817947,True,False,False,False,0.5168602154799685,False,False
0.7905949217780662,1,-1.573189559483144,-2.417886851387243,0.1765837713204426,0.2403010248979152,-0.0472373816033999,-0.9254007325196484,-0.4613115133260573,-0.4569744778208635,-0.2985951498102796,-0.2712280500944423,False,False,True,False,-2.464282024740788,False,False
-0.45861205420092,0,0.2610710103011582,0.3784070253557006,-1.0029610262683273,-1.575009224470179,-0.8062861113697182,2.550619747526455,-1.37295360038479,-1.0359131809586002,-1.1768923800548332,-1.1469071832564992,False,True,False,False,0.509294734350057,False,False
-0.7993048658315527,0,-0.6560592745909929,0.3784070253557006,-1.0029610262683273,1.1479561495819623,-0.7146819772494479,0.2332727608290527,-0.0054904697966909,0.70090292845461,1.1652335672639762,1.188237171842319,False,False,False,False,0.509294734350057,False,False
-1.9349475712669948,0,0.2610710103011582,0.3784070253557006,-1.0029610262683273,-1.575009224470179,-0.8891516932219363,-0.9254007325196484,-1.37295360038479,-1.0359131809586002,-0.884126636639982,-1.1469071832564992,False,False,True,False,0.509294734350057,False,False
1.0177234628651546,0,-1.573189559483144,0.3784070253557006,-1.0029610262683273,0.2403010248979152,-0.3090926202564092,0.2332727608290527,-0.4613115133260573,-0.6499540455334424,-0.5913608932251309,-0.5631210944817947,False,False,False,True,-0.4869411727668323,False,False
0.1092092985168009,0,1.1782012951933094,-1.0197399130157712,0.1765837713204426,1.1479561495819623,0.2926621686849713,0.2332727608290527,0.6022709215757975,1.4728211993049256,1.1652335672639762,2.063916305004376,False,False,False,False,-1.47561159875381,False,False
-1.8213833007234503,0,-1.573189559483144,-1.0197399130157712,-1.0029610262683273,0.2403010248979152,-0.744212257327693,-0.9254007325196484,-1.221013252541668,-0.8429336132460213,-0.5913608932251309,-0.5631210944817947,False,False,True,False,-1.47561159875381,False,False
0.9041591923216103,1,0.2610710103011582,0.3784070253557006,-1.0029610262683273,0.2403010248979152,-0.7734412080173845,-0.9254007325196484,-0.6132518611691794,-0.0710153423957056,-0.0058294063954284,-0.5631210944817947,False,False,True,True,0.509294734350057,False,False
-0.7993048658315527,0,-0.6560592745909929,-2.417886851387243,-1.0029610262683273,1.1479561495819623,-1.0048621784264882,0.2332727608290527,-0.6132518611691794,-0.2639949101082846,-0.0058294063954284,-0.2712280500944423,False,False,False,True,-2.464282024740788,False,False
-1.594254759636362,1,0.2610710103011582,-1.0197399130157712,-1.0029610262683273,1.1479561495819623,-0.7984515472673267,0.2332727608290527,-1.37295360038479,-1.2288927486711791,-1.1768923800548332,-1.1469071832564992,True,False,False,True,-0.4793756916369207,False,False
0.9041591923216103,0,1.1782012951933094,-2.417886851387243,-1.0029610262683273,0.2403010248979152,-0.9680999930229588,-0.9254007325196484,-0.6132518611691794,-1.2288927486711791,-1.1768923800548332,-1.1469071832564992,False,False,True,False,-1.4680461176238986,False,False
-0.3450477836573759,0,-0.6560592745909929,0.3784070253557006,-1.0029610262683273,0.2403010248979152,-0.5733584940178468,0.2332727608290527,-0.7651922090123016,-0.2639949101082846,-0.0058294063954284,0.0206649942929099,False,False,False,False,0.509294734350057,False,False
0.5634663806909778,1,-1.573189559483144,-1.0197399130157712,-1.0029610262683273,-1.575009224470179,-1.023243271128253,0.2332727608290527,-0.7651922090123016,-1.0359131809586002,-1.1768923800548332,-1.1469071832564992,False,False,False,False,-2.471847505870699,False,False
-0.6857405952880085,0,0.2610710103011582,0.3784070253557006,0.1765837713204426,-1.575009224470179,-0.4181738589127837,2.550619747526455,-0.3093711654829352,-0.4569744778208635,-0.2985951498102796,-0.2712280500944423,False,False,False,False,0.509294734350057,False,False
0.4499021101474336,0,-0.6560592745909929,0.3784070253557006,0.1765837713204426,-0.6673540997861319,-0.3542920285394373,2.550619747526455,-0.7651922090123016,-1.2288927486711791,-1.1768923800548332,-1.1469071832564992,True,False,False,False,0.509294734350057,False,False
-0.9128691363750968,0,1.1782012951933094,-1.0197399130157712,-1.0029610262683273,-1.575009224470179,-0.6950955669934691,2.550619747526455,-0.6132518611691794,-0.0710153423957056,0.2869363370194226,-0.2712280500944423,False,False,False,False,-0.4793756916369207,False,False
-0.1179192425702874,0,0.2610710103011582,0.3784070253557006,0.1765837713204426,-1.575009224470179,1.0435750049603445,2.550619747526455,0.7542112694189196,0.1219642253168732,0.872467823849125,0.8963441274549668,False,False,False,True,0.509294734350057,False,False
-1.3671262185492736,1,1.1782012951933094,0.3784070253557006,-1.0029610262683273,-0.6673540997861319,-0.9922063441072404,0.2332727608290527,-1.37295360038479,-1.0359131809586002,-1.1768923800548332,-1.1469071832564992,False,False,False,False,-1.4831770798837216,False,False
-0.3450477836573759,0,-0.6560592745909929,0.3784070253557006,0.1765837713204426,0.2403010248979152,-0.290410198166091,0.2332727608290527,-0.0054904697966909,0.70090292845461,0.872467823849125,-0.8550141388691469,True,False,False,False,-0.4869411727668323,False,False
-0.0043549720267432,0,0.2610710103011582,-2.417886851387243,-1.0029610262683273,0.2403010248979152,-0.832200438785321,0.2332727608290527,-0.4613115133260573,0.1219642253168732,0.872467823849125,0.8963441274549668,False,False,False,False,-1.4680461176238986,False,False
-0.6857405952880085,0,0.2610710103011582,0.3784070253557006,0.1765837713204426,0.2403010248979152,-0.6062033973701806,2.550619747526455,-0.0054904697966909,0.70090292845461,0.872467823849125,1.4801302162296714,False,False,False,False,-0.4869411727668323,False,False
0.9041591923216103,0,1.1782012951933094,0.3784070253557006,0.1765837713204426,1.1479561495819623,-0.2898075393889839,-0.9254007325196484,1.5139130086345305,2.630698605580399,2.04353079750853,3.81527457132849,False,False,True,False,0.509294734350057,False,False
-1.8213833007234503,0,0.2610710103011582,1.7765539637271726,-1.0029610262683273,1.1479561495819623,-0.8511841902641928,-0.9254007325196484,-1.221013252541668,-0.8429336132460213,-0.884126636639982,-0.5631210944817947,False,True,True,False,1.497965160337035,False,False
1.1312877334086988,0,1.1782012951933094,0.3784070253557006,0.1765837713204426,1.1479561495819623,0.5653652653259074,0.2332727608290527,0.2983902258895533,-0.0710153423957056,-0.2985951498102796,0.0206649942929099,False,False,False,False,-0.4869411727668323,False,False
0.677030651234522,0,1.1782012951933094,1.7765539637271726,0.1765837713204426,-1.575009224470179,0.2317936321971601,0.2332727608290527,-0.0054904697966909,-0.4569744778208635,-0.2985951498102796,-0.2712280500944423,False,False,False,False,2.494201067453924,False,False
2.721187521018318,0,-0.6560592745909929,1.7765539637271726,0.1765837713204426,1.1479561495819623,-0.0852048845611435,0.2332727608290527,0.2983902258895533,0.893882496167189,0.872467823849125,1.4801302162296714,False,False,False,True,1.497965160337035,False,False
-0.45861205420092,0,0.2610710103011582,-1.0197399130157712,-1.0029610262683273,-0.6673540997861319,-0.8315977800082139,0.2332727608290527,-1.221013252541668,-0.8429336132460213,-0.5913608932251309,-0.5631210944817947,True,False,False,False,-0.4793756916369207,False,False
-0.45861205420092,0,1.1782012951933094,0.3784070253557006,0.1765837713204426,0.2403010248979152,-0.152100008820025,-0.9254007325196484,-0.0054904697966909,0.3149437930294522,0.872467823849125,0.8963441274549668,True,False,True,True,0.509294734350057,False,False
-0.0043549720267432,0,0.2610710103011582,-2.417886851387243,1.3561285689092124,-1.575009224470179,1.431084598640172,0.2332727608290527,1.058091965105164,0.1219642253168732,0.872467823849125,0.8963441274549668,False,False,False,True,-1.4680461176238986,False,False
-0.3450477836573759,0,-1.573189559483144,0.3784070253557006,-1.0029610262683273,1.1479561495819623,-0.8201472632431802,0.2332727608290527,0.7542112694189196,1.4728211993049256,1.7507650540936786,1.7720232606170236,False,False,False,False,0.509294734350057,False,False
0.4499021101474336,0,-0.6560592745909929,-1.0197399130157712,0.1765837713204426,-0.6673540997861319,0.4065646775582021,0.2332727608290527,-0.4613115133260573,-0.2639949101082846,-0.884126636639982,-0.2712280500944423,False,False,False,False,0.5168602154799685,False,False
-1.2535619480057296,0,0.2610710103011582,0.3784070253557006,0.1765837713204426,1.1479561495819623,-0.166563819470594,-0.9254007325196484,-0.7651922090123016,-0.4569744778208635,-0.2985951498102796,-0.8550141388691469,False,False,True,False,0.509294734350057,False,False
-0.6857405952880085,0,1.1782012951933094,0.3784070253557006,-1.0029610262683273,-0.6673540997861319,-0.5796864111774708,0.2332727608290527,0.2983902258895533,0.893882496167189,1.4579993106788274,0.8963441274549668,False,False,False,True,0.509294734350057,False,False
0.677030651234522,0,-1.573189559483144,0.3784070253557006,1.3561285689092124,-1.575009224470179,2.316691671598969,-0.9254007325196484,1.5139130086345305,-1.0359131809586002,-1.1768923800548332,-1.1469071832564992,True,False,False,True,0.509294734350057,False,False
-0.1179192425702874,0,0.2610710103011582,-1.0197399130157712,1.3561285689092124,1.1479561495819623,1.468750772209362,0.2332727608290527,0.9061516172620416,1.2798416315923469,-0.5913608932251309,2.3558093493917283,False,False,False,True,-1.47561159875381,False,False
-1.0264334069186412,0,-1.573189559483144,0.3784070253557006,-1.0029610262683273,-1.575009224470179,-0.9846731093934024,1.391946254177754,-0.1574308176398131,0.5079233607420311,0.872467823849125,1.188237171842319,False,False,False,True,-0.4869411727668323,False,False
2.0398018977570525,0,1.1782012951933094,0.3784070253557006,1.3561285689092124,0.2403010248979152,1.506416945778552,0.2332727608290527,3.4891375305951176,-0.2639949101082846,-0.0058294063954284,0.0206649942929099,True,False,False,False,-1.4831770798837216,False,False
0.9041591923216103,0,-1.573189559483144,1.7765539637271726,-1.0029610262683273,1.1479561495819623,-1.052170892429391,0.2332727608290527,-0.0054904697966909,0.70090292845461,0.2869363370194226,0.8963441274549668,False,False,False,False,1.497965160337035,False,False
-1.9349475712669948,1,-1.573189559483144,-1.0197399130157712,-1.0029610262683273,-0.6673540997861319,-1.0979729594895262,-0.9254007325196484,-1.37295360038479,-1.0359131809586002,-0.884126636639982,-1.1469071832564992,False,False,True,True,0.5168602154799685,False,False
-0.7993048658315527,0,-1.573189559483144,0.3784070253557006,-1.0029610262683273,1.1479561495819623,-0.5251457918492836,2.550619747526455,-1.069072904698546,-0.6499540455334424,-0.5913608932251309,-0.5631210944817947,False,False,False,False,0.509294734350057,False,False
-0.5721763247444642,0,0.2610710103011582,0.3784070253557006,0.1765837713204426,-1.575009224470179,0.4008394191756851,-0.9254007325196484,-0.6132518611691794,-0.0710153423957056,0.2869363370194226,-0.8550141388691469,False,False,False,True,-0.4869411727668323,False,False
-0.5721763247444642,0,0.2610710103011582,-1.0197399130157712,0.1765837713204426,-1.575009224470179,0.3945115020160612,-0.9254007325196484,-0.0054904697966909,0.70090292845461,1.4579993106788274,1.188237171842319,False,False,True,False,-0.4793756916369207,False,False
2.6076232504747736,0,0.2610710103011582,-1.0197399130157712,0.1765837713204426,1.1479561495819623,-0.099970024600266,-0.9254007325196484,0.4503305737326754,-0.0710153423957056,-0.884126636639982,0.3125580386802622,False,False,True,False,-0.4793756916369207,False,False
-0.0043549720267432,0,0.2610710103011582,0.3784070253557006,-1.0029610262683273,-0.6673540997861319,-0.5456361902709229,-0.9254007325196484,0.2983902258895533,0.893882496167189,1.7507650540936786,0.8963441274549668,True,False,False,False,-0.4869411727668323,False,False
1.3584162744957873,0,1.1782012951933094,1.7765539637271726,-1.0029610262683273,-0.6673540997861319,-0.8870423875020618,-0.9254007325196484,-0.4613115133260573,-1.0359131809586002,-1.1768923800548332,-1.1469071832564992,False,False,True,False,0.5017292532201456,False,False
-1.0264334069186412,0,-1.573189559483144,0.3784070253557006,-1.0029610262683273,0.2403010248979152,-0.8996982218213095,2.550619747526455,-0.7651922090123016,-0.2639949101082846,-0.2985951498102796,-0.2712280500944423,False,False,False,False,0.509294734350057,False,False
-0.7993048658315527,0,0.2610710103011582,0.3784070253557006,0.1765837713204426,1.1479561495819623,0.3375602475794458,1.391946254177754,-0.6132518611691794,-0.0710153423957056,-1.1768923800548332,-1.1469071832564992,False,False,False,True,0.509294734350057,False,False
-0.7993048658315527,0,1.1782012951933094,-1.0197399130157712,2.535673366497982,1.1479561495819623,3.200490768226445,1.391946254177754,-0.1574308176398131,0.1219642253168732,0.872467823849125,0.8963441274549668,False,False,False,False,-1.47561159875381,False,False
-0.2314835131138316,0,0.2610710103011582,1.7765539637271726,-1.0029610262683273,0.2403010248979152,-0.8792078233996702,-0.9254007325196484,-1.221013252541668,-1.0359131809586002,-1.1768923800548332,-1.1469071832564992,False,False,False,False,0.5017292532201456,False,False
-0.3450477836573759,0,1.1782012951933094,1.7765539637271726,1.3561285689092124,0.2403010248979152,0.8669959832679814,1.391946254177754,-0.0054904697966909,0.5079233607420311,1.1652335672639762,1.188237171842319,False,False,False,True,1.497965160337035,False,False
-1.9349475712669948,0,-0.6560592745909929,1.7765539637271726,-1.0029610262683273,1.1479561495819623,-0.7559641034812803,-0.9254007325196484,-1.37295360038479,-1.0359131809586002,-1.1768923800548332,-0.8550141388691469,False,False,True,True,1.497965160337035,False,False
-1.480690489092818,0,1.1782012951933094,0.3784070253557006,-1.0029610262683273,0.2403010248979152,-1.2896184506095651,0.2332727608290527,-1.37295360038479,-1.0359131809586002,-1.1768923800548332,-0.8550141388691469,False,False,False,False,0.509294734350057,False,False
-1.2535619480057296,1,0.2610710103011582,-2.417886851387243,-1.0029610262683273,1.1479561495819623,-1.321258036407685,-0.9254007325196484,-1.37295360038479,-1.0359131809586002,-1.1768923800548332,-1.1469071832564992,True,True,True,True,-1.4680461176238986,False,False
-1.1399976774621854,0,0.2610710103011582,0.3784070253557006,-1.0029610262683273,1.1479561495819623,-0.7918223007191493,-0.9254007325196484,-0.3093711654829352,0.3149437930294522,0.2869363370194226,-0.5631210944817947,False,False,True,True,-0.4869411727668323,False,False
2.1533661683005967,0,1.1782012951933094,-1.0197399130157712,2.535673366497982,-0.6673540997861319,2.433004815580628,0.2332727608290527,3.64107787843824,5.139432985843925,1.4579993106788274,-1.1469071832564992,False,False,False,True,-0.4793756916369207,False,False
-1.7078190301799063,1,-1.573189559483144,-1.0197399130157712,-1.0029610262683273,0.2403010248979152,-0.8671546478575294,-0.9254007325196484,-1.221013252541668,-0.8429336132460213,-0.5913608932251309,-0.5631210944817947,True,False,True,False,-2.471847505870699,False,False
-0.2314835131138316,0,0.2610710103011582,0.3784070253557006,0.1765837713204426,-1.575009224470179,-0.2907115275546445,-0.9254007325196484,-0.9171325568554236,-0.6499540455334424,-0.5913608932251309,-0.5631210944817947,False,False,True,True,0.509294734350057,False,False
2.6076232504747736,0,1.1782012951933094,0.3784070253557006,1.3561285689092124,1.1479561495819623,1.5094302396640873,-0.9254007325196484,2.2736147478501407,0.5079233607420311,0.872467823849125,0.0206649942929099,False,False,True,False,-0.4869411727668323,False,False
-0.2314835131138316,0,0.2610710103011582,0.3784070253557006,0.1765837713204426,-0.6673540997861319,-0.3190364900786754,1.391946254177754,0.7542112694189196,0.893882496167189,1.1652335672639762,1.7720232606170236,True,False,False,False,1.5055306414669463,False,False
-0.9128691363750968,0,1.1782012951933094,0.3784070253557006,-1.0029610262683273,0.2403010248979152,-1.0090807898662375,-0.9254007325196484,-0.7651922090123016,-0.4569744778208635,-0.5913608932251309,-0.5631210944817947,True,False,True,True,-0.4869411727668323,False,False
-0.2314835131138316,0,0.2610710103011582,-1.0197399130157712,0.1765837713204426,-0.6673540997861319,-0.3051753382052135,1.391946254177754,0.6022709215757975,0.70090292845461,1.4579993106788274,1.188237171842319,True,False,False,False,0.5168602154799685,False,False
-0.1179192425702874,0,0.2610710103011582,0.3784070253557006,-1.0029610262683273,0.2403010248979152,-0.6016834565418777,-0.9254007325196484,-0.9171325568554236,-0.6499540455334424,-0.5913608932251309,-0.5631210944817947,False,False,False,True,0.509294734350057,False,False
0.677030651234522,0,-0.6560592745909929,1.7765539637271726,0.1765837713204426,-0.6673540997861319,-0.94339098316157,-0.9254007325196484,1.210032312948286,-1.0359131809586002,-1.1768923800548332,-1.1469071832564992,False,False,False,True,1.497965160337035,False,False
0.7905949217780662,0,1.1782012951933094,-1.0197399130157712,1.3561285689092124,1.1479561495819623,1.424756681480548,-0.9254007325196484,1.9697340521638969,2.823678173292978,0.872467823849125,3.81527457132849,False,False,True,False,0.5168602154799685,False,False
-0.0043549720267432,0,0.2610710103011582,0.3784070253557006,0.1765837713204426,-0.6673540997861319,-0.0279523007359745,-0.9254007325196484,1.210032312948286,1.8587803347300835,2.921828027753083,2.3558093493917283,False,False,True,True,0.509294734350057,False,False
0.9041591923216103,1,-1.573189559483144,0.3784070253557006,1.3561285689092124,1.1479561495819623,0.7458615690694662,0.2332727608290527,-0.0054904697966909,0.70090292845461,0.872467823849125,0.3125580386802622,False,False,False,False,0.509294734350057,False,False
-0.9128691363750968,0,1.1782012951933094,-1.0197399130157712,-1.0029610262683273,1.1479561495819623,-0.4929035472740568,0.2332727608290527,-1.221013252541668,-0.8429336132460213,-0.5913608932251309,-0.5631210944817947,True,False,False,True,-0.4793756916369207,False,False
1.69910908612642,0,-0.6560592745909929,-1.0197399130157712,-1.0029610262683273,0.2403010248979152,-0.8029714880956295,-0.9254007325196484,-0.3093711654829352,0.1219642253168732,-1.1768923800548332,0.8963441274549668,True,False,True,False,-1.47561159875381,False,False
-0.6857405952880085,0,0.2610710103011582,0.3784070253557006,0.1765837713204426,0.2403010248979152,-0.2434028135517418,-0.9254007325196484,-0.0054904697966909,0.3149437930294522,-0.0058294063954284,0.8963441274549668,False,False,True,True,0.509294734350057,False,False
-0.7993048658315527,1,-0.6560592745909929,0.3784070253557006,-1.0029610262683273,0.2403010248979152,-0.6520054644303157,1.391946254177754,-0.0054904697966909,0.1219642253168732,0.872467823849125,0.8963441274549668,False,False,False,True,0.509294734350057,False,False
-0.9128691363750968,0,1.1782012951933094,0.3784070253557006,-1.0029610262683273,-1.575009224470179,-1.031379164619198,-0.9254007325196484,-0.7651922090123016,-0.6499540455334424,-0.5913608932251309,-0.5631210944817947,False,False,True,False,-0.4869411727668323,False,False
-1.2535619480057296,0,1.1782012951933094,0.3784070253557006,-1.0029610262683273,-0.6673540997861319,-1.0265578944023417,-0.9254007325196484,-1.221013252541668,-0.8429336132460213,-0.5913608932251309,-0.8550141388691469,False,False,True,False,-0.4869411727668323,False,False
-0.45861205420092,0,0.2610710103011582,1.7765539637271726,0.1765837713204426,1.1479561495819623,0.2128098807182883,1.391946254177754,-0.0054904697966909,0.70090292845461,0.872467823849125,1.188237171842319,False,False,False,False,2.494201067453924,False,False
2.4940589799312294,0,-1.573189559483144,0.3784070253557006,-1.0029610262683273,0.2403010248979152,-0.94339098316157,1.391946254177754,-1.221013252541668,-0.8429336132460213,-0.5913608932251309,-0.5631210944817947,False,False,False,False,0.509294734350057,False,False
-0.45861205420092,1,1.1782012951933094,0.3784070253557006,0.1765837713204426,0.2403010248979152,-0.1867528885036799,0.2332727608290527,-0.0054904697966909,0.70090292845461,-0.0058294063954284,-0.8550141388691469,False,False,False,False,0.509294734350057,False,False
0.3363378396038894,1,0.2610710103011582,0.3784070253557006,-1.0029610262683273,-1.575009224470179,-0.4817543598975766,-0.9254007325196484,-0.6132518611691794,-0.2639949101082846,-0.5913608932251309,-0.2712280500944423,False,False,True,False,0.509294734350057,False,False
-0.6857405952880085,0,-1.573189559483144,-1.0197399130157712,0.1765837713204426,1.1479561495819623,-0.2638932119733812,0.2332727608290527,-0.0054904697966909,0.5079233607420311,-0.5913608932251309,0.8963441274549668,False,False,False,False,-0.4793756916369207,False,False
-0.0043549720267432,0,1.1782012951933094,0.3784070253557006,1.3561285689092124,0.2403010248979152,0.479486389588154,-0.9254007325196484,-0.0054904697966909,0.1219642253168732,0.872467823849125,0.8963441274549668,False,False,False,False,0.509294734350057,False,False
1.1312877334086988,0,1.1782012951933094,0.3784070253557006,-1.0029610262683273,-1.575009224470179,-0.6266937957918199,-0.9254007325196484,-0.0054904697966909,0.1219642253168732,0.5797020804342738,0.8963441274549668,False,False,True,False,1.5055306414669463,False,False
-0.9128691363750968,0,0.2610710103011582,-2.417886851387243,0.1765837713204426,1.1479561495819623,0.3529280463956754,2.550619747526455,-0.0054904697966909,0.5079233607420311,1.1652335672639762,0.3125580386802622,False,False,False,False,-1.4680461176238986,False,False
0.4499021101474336,1,1.1782012951933094,-1.0197399130157712,1.3561285689092124,-0.6673540997861319,1.0821451666951951,-0.9254007325196484,-0.1574308176398131,-0.2639949101082846,-0.0058294063954284,-1.1469071832564992,False,False,True,True,-0.4793756916369207,False,False
1.812673356669964,1,-0.6560592745909929,0.3784070253557006,1.3561285689092124,-0.6673540997861319,0.8868837229125138,-0.9254007325196484,-0.0054904697966909,0.3149437930294522,0.872467823849125,0.8963441274549668,False,False,True,True,-0.4869411727668323,False,False
-0.6857405952880085,0,-0.6560592745909929,0.3784070253557006,1.3561285689092124,-1.575009224470179,1.93249670119323,1.391946254177754,-0.1574308176398131,0.5079233607420311,-0.884126636639982,1.188237171842319,False,False,False,True,0.509294734350057,False,False
0.3363378396038894,0,-1.573189559483144,0.3784070253557006,0.1765837713204426,0.2403010248979152,-0.2919168451088586,-0.9254007325196484,-0.1574308176398131,0.3149437930294522,0.872467823849125,0.8963441274549668,False,False,True,False,0.509294734350057,False,False
-0.5721763247444642,0,1.1782012951933094,0.3784070253557006,1.3561285689092124,0.2403010248979152,1.310552843218764,0.2332727608290527,-0.0054904697966909,0.70090292845461,1.1652335672639762,0.6044510830676145,False,False,False,True,-0.4869411727668323,False,False
0.5634663806909778,0,0.2610710103011582,-2.417886851387243,0.1765837713204426,-0.6673540997861319,0.1953327761821841,-0.9254007325196484,1.361972660791408,2.43771903786782,-0.5913608932251309,1.4801302162296714,False,False,True,False,-1.4680461176238986,False,False
-0.5721763247444642,1,1.1782012951933094,0.3784070253557006,-1.0029610262683273,-0.6673540997861319,-0.9644840403603164,-0.9254007325196484,-1.069072904698546,-0.6499540455334424,-0.5913608932251309,-0.5631210944817947,True,True,True,True,1.5055306414669463,False,False
0.9041591923216103,1,-1.573189559483144,0.3784070253557006,-1.0029610262683273,-1.575009224470179,-0.9464042770471052,-0.9254007325196484,-0.0054904697966909,-0.6499540455334424,-0.5913608932251309,-0.5631210944817947,False,False,False,False,1.5055306414669463,False,False
0.4499021101474336,0,0.2610710103011582,0.3784070253557006,-1.0029610262683273,0.2403010248979152,-0.590232939776844,0.2332727608290527,-0.6132518611691794,-0.4569744778208635,-0.5913608932251309,-1.1469071832564992,False,False,False,False,0.509294734350057,False,False
-0.2314835131138316,0,1.1782012951933094,0.3784070253557006,1.3561285689092124,1.1479561495819623,0.903155509894404,0.2332727608290527,-0.0054904697966909,0.5079233607420311,0.872467823849125,0.6044510830676145,False,False,False,False,-0.4869411727668323,False,False
0.4499021101474336,0,0.2610710103011582,0.3784070253557006,0.1765837713204426,1.1479561495819623,-0.2536480127625615,-0.9254007325196484,-0.1574308176398131,0.5079233607420311,1.1652335672639762,1.188237171842319,False,False,True,False,0.509294734350057,False,False
0.5634663806909778,0,0.2610710103011582,0.3784070253557006,0.1765837713204426,-1.575009224470179,-0.421789811575426,0.2332727608290527,-0.0054904697966909,0.5079233607420311,-0.2985951498102796,0.8963441274549668,True,False,False,False,0.509294734350057,False,False
-0.1179192425702874,0,0.2610710103011582,0.3784070253557006,0.1765837713204426,0.2403010248979152,-0.3777957208466119,-0.9254007325196484,-0.1574308176398131,0.5079233607420311,0.5797020804342738,-0.8550141388691469,True,False,True,True,0.509294734350057,False,False
1.69910908612642,0,0.2610710103011582,0.3784070253557006,2.535673366497982,-0.6673540997861319,2.568301711041159,0.2332727608290527,3.4891375305951176,5.139432985843925,1.4579993106788274,1.7720232606170236,False,False,False,True,0.509294734350057,False,False
0.2227735690603451,0,-0.6560592745909929,0.3784070253557006,0.1765837713204426,-1.575009224470179,0.4189191824888964,0.2332727608290527,0.1464498780464311,0.1219642253168732,0.872467823849125,0.8963441274549668,False,False,False,False,0.509294734350057,False,False
-0.2314835131138316,0,0.2610710103011582,0.3784070253557006,0.1765837713204426,-1.575009224470179,0.1874982120797926,-0.9254007325196484,-0.0054904697966909,0.70090292845461,1.1652335672639762,0.6044510830676145,False,False,True,False,1.5055306414669463,False,False
-1.2535619480057296,0,1.1782012951933094,0.3784070253557006,-1.0029610262683273,1.1479561495819623,-0.5525667662076539,2.550619747526455,-0.4613115133260573,-0.6499540455334424,-0.5913608932251309,-0.5631210944817947,False,False,False,False,-0.4869411727668323,False,False
2.4940589799312294,1,0.2610710103011582,-1.0197399130157712,1.3561285689092124,-1.575009224470179,1.357560227833113,-0.9254007325196484,3.185256834908873,0.70090292845461,1.4579993106788274,1.4801302162296714,False,False,False,True,-1.47561159875381,False,False
0.4499021101474336,0,-0.6560592745909929,0.3784070253557006,-1.0029610262683273,-0.6673540997861319,-0.9388710423332672,0.2332727608290527,-0.4613115133260573,-0.4569744778208635,-0.5913608932251309,-0.2712280500944423,False,False,False,False,0.509294734350057,False,False
-0.0043549720267432,0,-1.573189559483144,1.7765539637271726,0.1765837713204426,-1.575009224470179,-0.260277259310739,0.2332727608290527,1.058091965105164,1.6658007670175043,0.872467823849125,2.6477023937790807,True,False,False,False,0.5017292532201456,False,False
1.3584162744957873,0,1.1782012951933094,0.3784070253557006,1.3561285689092124,1.1479561495819623,0.7217552179851846,-0.9254007325196484,0.1464498780464311,0.70090292845461,1.4579993106788274,1.188237171842319,False,False,True,False,0.509294734350057,False,False
-1.0264334069186412,0,0.2610710103011582,1.7765539637271726,-1.0029610262683273,1.1479561495819623,-0.8945756222158997,0.2332727608290527,-0.7651922090123016,-1.0359131809586002,-1.1768923800548332,-1.1469071832564992,False,True,False,False,1.497965160337035,False,False
1.69910908612642,0,1.1782012951933094,-1.0197399130157712,2.535673366497982,-0.6673540997861319,2.3019265315598463,-0.9254007325196484,2.8813761392226294,-0.2639949101082846,-0.5913608932251309,-0.2712280500944423,False,False,True,False,-1.47561159875381,False,False
-2.048511841810539,0,1.1782012951933094,0.3784070253557006,-1.0029610262683273,1.1479561495819623,-1.1727026478507991,-0.9254007325196484,-1.5248939482279122,-1.2288927486711791,-1.1768923800548332,-1.1469071832564992,False,False,True,False,1.5055306414669463,False,False
-0.1179192425702874,0,1.1782012951933094,-1.0197399130157712,0.1765837713204426,1.1479561495819623,-0.04211478199799,0.2332727608290527,-0.0054904697966909,0.5079233607420311,0.872467823849125,-1.1469071832564992,False,False,False,False,-0.4793756916369207,False,False
-1.0264334069186412,0,1.1782012951933094,-2.417886851387243,0.1765837713204426,1.1479561495819623,-0.130102963455618,-0.9254007325196484,-0.3093711654829352,-0.0710153423957056,-0.5913608932251309,-1.1469071832564992,True,False,True,False,-1.4680461176238986,False,False
2.1533661683005967,1,-1.573189559483144,1.7765539637271726,2.535673366497982,0.2403010248979152,2.468561683429943,-0.9254007325196484,2.1216744000070187,2.43771903786782,0.872467823849125,1.188237171842319,False,False,True,True,0.5017292532201456,False,False
2.266930438844141,0,1.1782012951933094,0.3784070253557006,2.535673366497982,-0.6673540997861319,2.3802721725837617,0.2332727608290527,3.4891375305951176,2.43771903786782,3.5073595145827854,1.4801302162296714,False,False,False,True,0.509294734350057,False,False
-0.2314835131138316,0,-1.573189559483144,-1.0197399130157712,-1.0029610262683273,0.2403010248979152,-1.0467469634354276,2.550619747526455,-0.7651922090123016,-0.2639949101082846,-0.0058294063954284,-1.1469071832564992,False,False,False,False,-0.4793756916369207,False,False
0.4499021101474336,0,-0.6560592745909929,1.7765539637271726,0.1765837713204426,0.2403010248979152,0.2634332179952798,2.550619747526455,0.7542112694189196,1.086862063879768,2.04353079750853,1.188237171842319,False,False,False,False,1.497965160337035,False,False
-0.2314835131138316,0,-0.6560592745909929,0.3784070253557006,0.1765837713204426,0.2403010248979152,-0.0222270423534577,1.391946254177754,-0.0054904697966909,0.3149437930294522,0.872467823849125,0.8963441274549668,False,False,False,False,0.509294734350057,False,False
-0.5721763247444642,1,0.2610710103011582,-1.0197399130157712,-1.0029610262683273,1.1479561495819623,-0.818941945688966,-0.9254007325196484,-1.069072904698546,-1.0359131809586002,-1.1768923800548332,-1.1469071832564992,True,True,True,False,0.5168602154799685,False,False
-0.1179192425702874,1,1.1782012951933094,0.3784070253557006,0.1765837713204426,0.2403010248979152,-0.2678104940245769,0.2332727608290527,-0.7651922090123016,-0.4569744778208635,-0.5913608932251309,-0.5631210944817947,True,False,False,True,-0.4869411727668323,False,False
0.2227735690603451,0,1.1782012951933094,1.7765539637271726,-1.0029610262683273,0.2403010248979152,-0.8716745886858321,2.550619747526455,-0.9171325568554236,-0.4569744778208635,-0.5913608932251309,-0.2712280500944423,True,False,False,False,1.497965160337035,False,False
-0.2314835131138316,0,0.2610710103011582,0.3784070253557006,0.1765837713204426,1.1479561495819623,0.3568453284468711,-0.9254007325196484,0.6022709215757975,1.4728211993049256,2.04353079750853,2.063916305004376,False,False,True,False,1.5055306414669463,False,False
-0.9128691363750968,0,0.2610710103011582,-1.0197399130157712,0.1765837713204426,-1.575009224470179,-0.2346642612836897,0.2332727608290527,-0.7651922090123016,-0.2639949101082846,-0.2985951498102796,0.0206649942929099,False,False,False,False,-0.4793756916369207,False,False
-0.5721763247444642,1,1.1782012951933094,0.3784070253557006,0.1765837713204426,0.2403010248979152,0.2037699990616827,1.391946254177754,-0.0054904697966909,0.70090292845461,-0.5913608932251309,0.8963441274549668,False,False,False,True,-0.4869411727668323,False,False
0.3363378396038894,0,-1.573189559483144,-1.0197399130157712,0.1765837713204426,1.1479561495819623,0.185991565137025,1.391946254177754,-0.3093711654829352,-0.2639949101082846,-0.0058294063954284,0.0206649942929099,False,False,False,True,0.5168602154799685,False,False
1.69910908612642,0,-0.6560592745909929,0.3784070253557006,1.3561285689092124,-0.6673540997861319,1.534741908302583,-0.9254007325196484,0.6022709215757975,-0.4569744778208635,-0.5913608932251309,-0.5631210944817947,True,False,False,False,0.509294734350057,False,False
0.5634663806909778,0,1.1782012951933094,0.3784070253557006,0.1765837713204426,1.1479561495819623,-0.0107765255884239,1.391946254177754,0.2983902258895533,-0.0710153423957056,-0.5913608932251309,-0.2712280500944423,True,False,False,True,-0.4869411727668323,False,False
0.1092092985168009,0,0.2610710103011582,0.3784070253557006,-1.0029610262683273,0.2403010248979152,-0.7553614447041732,-0.9254007325196484,-0.3093711654829352,-0.0710153423957056,-0.0058294063954284,-0.2712280500944423,False,False,False,True,0.509294734350057,False,False
-0.3450477836573759,0,-0.6560592745909929,0.3784070253557006,0.1765837713204426,1.1479561495819623,1.3545469339475775,-0.9254007325196484,-0.3093711654829352,-0.2639949101082846,-0.0058294063954284,-0.5631210944817947,True,False,False,False,1.5055306414669463,False,False
-0.45861205420092,0,0.2610710103011582,0.3784070253557006,0.1765837713204426,-0.6673540997861319,-0.429323046289264,2.550619747526455,-0.9171325568554236,-0.6499540455334424,-0.5913608932251309,-0.5631210944817947,False,False,False,True,-0.4869411727668323,False,False
0.3363378396038894,0,0.2610710103011582,0.3784070253557006,1.3561285689092124,0.2403010248979152,1.6323726301939236,0.2332727608290527,0.4503305737326754,-0.0710153423957056,-0.0058294063954284,0.3125580386802622,False,False,False,False,0.509294734350057,False,False
-1.2535619480057296,0,-1.573189559483144,1.7765539637271726,0.1765837713204426,0.2403010248979152,0.2197404566550193,-0.9254007325196484,-0.6132518611691794,-0.6499540455334424,-0.5913608932251309,-0.5631210944817947,False,False,False,False,0.5017292532201456,False,False
1.812673356669964,0,1.1782012951933094,1.7765539637271726,2.535673366497982,0.2403010248979152,2.3335661173579663,0.2332727608290527,2.1216744000070187,-0.2639949101082846,-0.2985951498102796,-0.5631210944817947,True,False,False,True,0.5017292532201456,False,False
0.7905949217780662,0,-1.573189559483144,-1.0197399130157712,0.1765837713204426,0.2403010248979152,-0.4284190581236034,-0.9254007325196484,1.5139130086345305,2.630698605580399,0.872467823849125,1.188237171842319,False,False,True,True,-2.471847505870699,False,False
-1.0264334069186412,0,1.1782012951933094,-1.0197399130157712,0.1765837713204426,1.1479561495819623,0.0802249497547392,-0.9254007325196484,-0.6132518611691794,-0.0710153423957056,-0.5913608932251309,0.0206649942929099,False,False,False,True,-0.4793756916369207,False,False
-1.0264334069186412,1,1.1782012951933094,0.3784070253557006,-1.0029610262683273,0.2403010248979152,-0.9367617366133926,-0.9254007325196484,-0.3093711654829352,0.3149437930294522,-0.5913608932251309,0.8963441274549668,False,False,True,True,0.509294734350057,False,False
-1.1399976774621854,0,-1.573189559483144,-1.0197399130157712,-1.0029610262683273,1.1479561495819623,-0.4817543598975766,-0.9254007325196484,-0.7651922090123016,-0.4569744778208635,-0.2985951498102796,-0.8550141388691469,False,False,True,False,-0.4793756916369207,False,False
1.812673356669964,0,0.2610710103011582,0.3784070253557006,-1.0029610262683273,-1.575009224470179,-0.7692225965776351,-0.9254007325196484,0.2983902258895533,-0.2639949101082846,-0.0058294063954284,0.0206649942929099,False,False,False,False,-1.4831770798837216,False,False
0.1092092985168009,0,-1.573189559483144,0.3784070253557006,-1.0029610262683273,0.2403010248979152,-0.5646199417497947,-0.9254007325196484,-0.3093711654829352,-0.6499540455334424,-0.5913608932251309,-0.5631210944817947,False,False,True,False,0.509294734350057,False,False
-0.1179192425702874,0,0.2610710103011582,0.3784070253557006,1.3561285689092124,1.1479561495819623,1.1629014428275386,-0.9254007325196484,-0.0054904697966909,-0.8429336132460213,-0.5913608932251309,-0.5631210944817947,True,False,True,False,0.509294734350057,False,False
-1.2535619480057296,0,-1.573189559483144,0.3784070253557006,-1.0029610262683273,1.1479561495819623,-0.685151697171203,0.2332727608290527,-0.4613115133260573,-0.6499540455334424,-0.5913608932251309,-0.5631210944817947,False,False,False,False,-0.4869411727668323,False,False
-1.1399976774621854,0,0.2610710103011582,1.7765539637271726,-1.0029610262683273,-1.575009224470179,-0.5799877405660243,-0.9254007325196484,-0.3093711654829352,0.1219642253168732,0.872467823849125,0.8963441274549668,False,False,True,False,1.497965160337035,False,False
-0.7993048658315527,0,-0.6560592745909929,-1.0197399130157712,1.3561285689092124,-1.575009224470179,0.7488748629550014,-0.9254007325196484,-0.0054904697966909,0.70090292845461,1.4579993106788274,1.4801302162296714,False,False,True,False,-1.47561159875381,False,False
1.4719805450393315,1,-1.573189559483144,-1.0197399130157712,0.1765837713204426,-1.575009224470179,-0.3672491922472387,-0.9254007325196484,1.5139130086345305,-0.4569744778208635,-0.2985951498102796,-0.2712280500944423,True,False,True,False,-0.4793756916369207,False,False
-0.7993048658315527,1,0.2610710103011582,0.3784070253557006,1.3561285689092124,1.1479561495819623,0.61779657893422,-0.9254007325196484,-0.1574308176398131,0.3149437930294522,0.872467823849125,0.8963441274549668,True,False,True,True,0.509294734350057,False,False
2.1533661683005967,0,-0.6560592745909929,1.7765539637271726,2.535673366497982,1.1479561495819623,2.781040259359944,1.391946254177754,3.185256834908873,0.1219642253168732,0.872467823849125,-1.1469071832564992,False,False,False,False,2.494201067453924,False,False
-0.0043549720267432,0,-1.573189559483144,0.3784070253557006,0.1765837713204426,-0.6673540997861319,1.137589774189043,-0.9254007325196484,0.7542112694189196,-0.2639949101082846,-0.0058294063954284,-0.8550141388691469,False,False,True,True,0.509294734350057,False,False
-0.5721763247444642,1,-0.6560592745909929,-2.417886851387243,-1.0029610262683273,0.2403010248979152,-1.2486376537662864,-0.9254007325196484,-1.37295360038479,-1.0359131809586002,-1.1768923800548332,-1.1469071832564992,True,True,True,False,-1.4680461176238986,False,False
-0.6857405952880085,0,1.1782012951933094,0.3784070253557006,0.1765837713204426,-1.575009224470179,-0.218091144913246,1.391946254177754,-0.3093711654829352,-0.6499540455334424,-0.5913608932251309,-0.5631210944817947,False,False,False,False,0.509294734350057,False,False
-0.5721763247444642,0,-1.573189559483144,0.3784070253557006,2.535673366497982,-0.6673540997861319,3.2902869260153937,-0.9254007325196484,-0.1574308176398131,-0.6499540455334424,-0.5913608932251309,-1.1469071832564992,False,False,True,False,1.5055306414669463,False,False
-0.2314835131138316,0,1.1782012951933094,0.3784070253557006,-1.0029610262683273,-1.575009224470179,-0.7553614447041732,1.391946254177754,-0.0054904697966909,-0.4569744778208635,-0.2985951498102796,-0.2712280500944423,True,False,False,False,0.509294734350057,False,False
-0.5721763247444642,1,-1.573189559483144,-1.0197399130157712,-1.0029610262683273,-0.6673540997861319,-1.278167933844531,-0.9254007325196484,-1.37295360038479,-1.0359131809586002,-1.1768923800548332,-1.1469071832564992,False,False,True,False,0.5168602154799685,False,False
-1.0264334069186412,0,-0.6560592745909929,0.3784070253557006,-1.0029610262683273,-1.575009224470179,-1.0256539062366812,-0.9254007325196484,-0.6132518611691794,-0.2639949101082846,-1.1768923800548332,0.0206649942929099,False,False,False,False,1.5055306414669463,False,False
-0.0043549720267432,0,-1.573189559483144,-1.0197399130157712,0.1765837713204426,1.1479561495819623,0.0925794546854336,-0.9254007325196484,-0.0054904697966909,0.70090292845461,-0.0058294063954284,1.188237171842319,False,False,True,False,-1.47561159875381,False,False
-0.0043549720267432,0,0.2610710103011582,-1.0197399130157712,0.1765837713204426,-1.575009224470179,0.0434627643512097,1.391946254177754,0.1464498780464311,-0.6499540455334424,-0.5913608932251309,-0.5631210944817947,False,False,False,False,-1.47561159875381,False,False
1.244852003952243,0,-1.573189559483144,0.3784070253557006,-1.0029610262683273,1.1479561495819623,-0.6275977839574806,0.2332727608290527,1.058091965105164,-0.0710153423957056,0.2869363370194226,-0.5631210944817947,False,False,False,False,-0.4869411727668323,False,False
-1.2535619480057296,1,-1.573189559483144,-1.0197399130157712,-1.0029610262683273,-1.575009224470179,-0.3322949831750303,-0.9254007325196484,-0.6132518611691794,-0.6499540455334424,-0.5913608932251309,-0.5631210944817947,False,True,False,False,-0.4793756916369207,False,False
0.1092092985168009,0,0.2610710103011582,1.7765539637271726,-1.0029610262683273,0.2403010248979152,-0.6034914328731988,-0.9254007325196484,-0.4613115133260573,-0.0710153423957056,0.2869363370194226,-0.2712280500944423,False,False,True,False,-0.4945066538967433,False,False
2.266930438844141,0,-1.573189559483144,0.3784070253557006,-1.0029610262683273,-1.575009224470179,-1.0355977760589474,0.2332727608290527,-0.7651922090123016,-0.6499540455334424,-0.5913608932251309,-1.1469071832564992,False,False,False,False,1.5055306414669463,False,False
-1.3671262185492736,0,1.1782012951933094,0.3784070253557006,0.1765837713204426,0.2403010248979152,-0.4040113776507683,1.391946254177754,-0.7651922090123016,-0.2639949101082846,-0.0058294063954284,-0.2712280500944423,False,False,False,True,0.509294734350057,False,False
-0.45861205420092,0,1.1782012951933094,0.3784070253557006,0.1765837713204426,1.1479561495819623,1.1152913994360825,0.2332727608290527,-0.4613115133260573,-0.4569744778208635,-0.2985951498102796,-0.2712280500944423,False,False,False,False,-0.4869411727668323,False,False
-0.2314835131138316,0,1.1782012951933094,-1.0197399130157712,-1.0029610262683273,-0.6673540997861319,-0.6655652869152241,0.2332727608290527,-0.4613115133260573,-0.2639949101082846,-0.0058294063954284,-0.5631210944817947,False,False,False,False,-1.47561159875381,False,False
0.5634663806909778,0,-0.6560592745909929,1.7765539637271726,-1.0029610262683273,0.2403010248979152,-1.0172166833571823,-0.9254007325196484,-0.4613115133260573,-0.4569744778208635,-0.5913608932251309,-0.2712280500944423,False,False,False,True,0.5017292532201456,False,False
0.4499021101474336,0,0.2610710103011582,0.3784070253557006,0.1765837713204426,0.2403010248979152,-0.4603599733102766,1.391946254177754,0.1464498780464311,0.3149437930294522,0.872467823849125,0.8963441274549668,False,False,False,False,1.5055306414669463,False,False
-0.5721763247444642,0,-1.573189559483144,0.3784070253557006,1.3561285689092124,1.1479561495819623,1.594103797847627,0.2332727608290527,0.4503305737326754,1.2798416315923469,0.872467823849125,1.4801302162296714,False,False,False,False,0.509294734350057,False,False
1.1312877334086988,1,-1.573189559483144,0.3784070253557006,1.3561285689092124,1.1479561495819623,1.3840772140258228,0.2332727608290527,2.7294357913795078,0.1219642253168732,0.872467823849125,-0.2712280500944423,False,False,False,False,1.5055306414669463,False,False
0.3363378396038894,1,-1.573189559483144,-1.0197399130157712,-1.0029610262683273,-1.575009224470179,-0.5594973421443848,-0.9254007325196484,0.1464498780464311,-1.0359131809586002,-1.1768923800548332,-1.1469071832564992,False,False,True,True,0.5168602154799685,False,False
-0.5721763247444642,1,0.2610710103011582,1.7765539637271726,1.3561285689092124,-0.6673540997861319,0.5855543343589933,-0.9254007325196484,-0.0054904697966909,0.70090292845461,1.1652335672639762,0.8963441274549668,True,False,True,False,1.497965160337035,False,False
1.0177234628651546,0,-0.6560592745909929,-2.417886851387243,1.3561285689092124,-1.575009224470179,1.6115809023837309,0.2332727608290527,2.1216744000070187,0.1219642253168732,0.872467823849125,0.8963441274549668,False,False,False,True,-1.4680461176238986,False,False
-0.5721763247444642,0,1.1782012951933094,1.7765539637271726,-1.0029610262683273,-0.6673540997861319,-1.022640612351146,-0.9254007325196484,-0.3093711654829352,-0.6499540455334424,-0.5913608932251309,-0.5631210944817947,False,False,True,False,1.497965160337035,False,False
-0.5721763247444642,1,-0.6560592745909929,0.3784070253557006,-1.0029610262683273,1.1479561495819623,-0.5365963086143173,0.2332727608290527,-0.4613115133260573,-0.8429336132460213,-0.5913608932251309,-0.5631210944817947,True,False,False,True,-1.4831770798837216,False,False
1.0177234628651546,0,-0.6560592745909929,0.3784070253557006,1.3561285689092124,1.1479561495819623,1.168325371821502,1.391946254177754,-0.0054904697966909,-0.6499540455334424,-0.884126636639982,-0.5631210944817947,False,False,False,True,1.5055306414669463,False,False
1.3584162744957873,0,0.2610710103011582,0.3784070253557006,0.1765837713204426,-1.575009224470179,-0.005051267205907,2.550619747526455,0.7542112694189196,-0.8429336132460213,-0.5913608932251309,-0.5631210944817947,False,False,False,False,0.509294734350057,False,False
-0.2314835131138316,1,-1.573189559483144,0.3784070253557006,-1.0029610262683273,0.2403010248979152,-0.8318991093967675,-0.9254007325196484,-1.221013252541668,-0.8429336132460213,-0.5913608932251309,-0.5631210944817947,False,False,False,False,0.509294734350057,False,False
0.4499021101474336,0,1.1782012951933094,-1.0197399130157712,1.3561285689092124,-0.6673540997861319,2.487244105520261,0.2332727608290527,0.9061516172620416,0.5079233607420311,1.1652335672639762,1.188237171842319,False,False,False,False,-0.4793756916369207,False,False
-0.9128691363750968,0,1.1782012951933094,0.3784070253557006,0.1765837713204426,-1.575009224470179,0.8920063225179237,-0.9254007325196484,-0.6132518611691794,-0.2639949101082846,-0.0058294063954284,-0.2712280500944423,False,False,True,False,0.509294734350057,False,False
0.9041591923216103,0,0.2610710103011582,-1.0197399130157712,-1.0029610262683273,0.2403010248979152,-0.7053407662042889,-0.9254007325196484,-0.4613115133260573,-0.2639949101082846,-0.5913608932251309,-0.2712280500944423,False,False,True,False,-0.4793756916369207,False,False
1.4719805450393315,0,-1.573189559483144,0.3784070253557006,0.1765837713204426,0.2403010248979152,0.3459974704589444,0.2332727608290527,1.5139130086345305,-0.6499540455334424,-0.5913608932251309,-0.5631210944817947,False,False,False,False,-0.4869411727668323,False,False
0.4499021101474336,0,0.2610710103011582,0.3784070253557006,-1.0029610262683273,0.2403010248979152,-0.9515268766525152,0.2332727608290527,-0.3093711654829352,-0.6499540455334424,-0.884126636639982,-0.5631210944817947,False,False,False,False,1.5055306414669463,False,False
0.9041591923216103,0,1.1782012951933094,0.3784070253557006,-1.0029610262683273,-0.6673540997861319,-0.6275977839574806,-0.9254007325196484,-0.6132518611691794,-0.2639949101082846,-0.5913608932251309,-0.2712280500944423,False,False,True,False,-0.4869411727668323,False,False
-0.3450477836573759,0,1.1782012951933094,0.3784070253557006,0.1765837713204426,-1.575009224470179,-0.3404308766659754,1.391946254177754,-0.7651922090123016,-0.4569744778208635,-0.2985951498102796,-0.2712280500944423,True,False,False,False,0.509294734350057,False,False
-0.2314835131138316,0,1.1782012951933094,-2.417886851387243,0.1765837713204426,-1.575009224470179,-0.2241177326843164,-0.9254007325196484,0.7542112694189196,1.2798416315923469,1.4579993106788274,2.3558093493917283,False,False,True,False,-1.4680461176238986,False,False
-0.6857405952880085,0,1.1782012951933094,0.3784070253557006,0.1765837713204426,0.2403010248979152,-0.0607972040883083,1.391946254177754,-0.9171325568554236,-0.8429336132460213,-0.884126636639982,-0.5631210944817947,False,False,False,False,-0.4869411727668323,False,False
0.677030651234522,0,-1.573189559483144,0.3784070253557006,-1.0029610262683273,1.1479561495819623,-0.5513614486534398,-0.9254007325196484,0.2983902258895533,1.086862063879768,1.4579993106788274,1.188237171842319,True,False,True,False,0.509294734350057,False,False
0.9041591923216103,0,-1.573189559483144,0.3784070253557006,0.1765837713204426,0.2403010248979152,-0.2214057681873348,0.2332727608290527,0.1464498780464311,-1.0359131809586002,-1.1768923800548332,-1.1469071832564992,True,False,False,False,-0.4869411727668323,False,False
-0.6857405952880085,0,0.2610710103011582,0.3784070253557006,-1.0029610262683273,0.2403010248979152,-1.2742506517933356,1.391946254177754,-1.37295360038479,-1.0359131809586002,-1.1768923800548332,-1.1469071832564992,False,False,False,False,-0.4869411727668323,False,False
2.380494709387685,0,-0.6560592745909929,1.7765539637271726,0.1765837713204426,0.2403010248979152,-0.1816302888982701,0.2332727608290527,0.4503305737326754,1.086862063879768,1.4579993106788274,1.188237171842319,False,False,False,False,0.5017292532201456,False,False
1.4719805450393315,0,0.2610710103011582,0.3784070253557006,1.3561285689092124,-0.6673540997861319,1.4955690877906254,1.391946254177754,2.8813761392226294,0.3149437930294522,0.872467823849125,0.8963441274549668,False,False,False,False,0.509294734350057,False,False
-0.9128691363750968,1,-1.573189559483144,0.3784070253557006,-1.0029610262683273,0.2403010248979152,-0.7815771015083295,0.2332727608290527,-0.7651922090123016,-0.6499540455334424,-0.5913608932251309,-0.5631210944817947,True,True,False,False,1.5055306414669463,False,False
-0.7993048658315527,1,-1.573189559483144,0.3784070253557006,0.1765837713204426,-0.6673540997861319,0.0790196322005252,-0.9254007325196484,-0.4613115133260573,-0.2639949101082846,-0.2985951498102796,-1.1469071832564992,True,False,True,False,-1.4831770798837216,False,False
-0.2314835131138316,1,-1.573189559483144,-1.0197399130157712,0.1765837713204426,-0.6673540997861319,-0.2723304348528798,-0.9254007325196484,0.9061516172620416,1.6658007670175043,1.4579993106788274,1.7720232606170236,False,False,True,True,0.5168602154799685,False,False
-0.1179192425702874,0,1.1782012951933094,0.3784070253557006,-1.0029610262683273,0.2403010248979152,-0.9337484427278574,0.2332727608290527,-1.37295360038479,-1.0359131809586002,-1.1768923800548332,-1.1469071832564992,False,True,False,False,0.509294734350057,False,False
-1.3671262185492736,1,-0.6560592745909929,0.3784070253557006,-1.0029610262683273,-1.575009224470179,-0.7023274723187536,-0.9254007325196484,-0.9171325568554236,-1.2288927486711791,-1.1768923800548332,-1.1469071832564992,True,False,True,True,-0.4869411727668323,False,False
-1.3671262185492736,0,1.1782012951933094,0.3784070253557006,-1.0029610262683273,-0.6673540997861319,-1.0455416458812137,0.2332727608290527,-1.37295360038479,-1.0359131809586002,-1.1768923800548332,-1.1469071832564992,False,True,False,False,0.509294734350057,False,False
0.9041591923216103,0,-0.6560592745909929,0.3784070253557006,1.3561285689092124,0.2403010248979152,1.4181274349323707,-0.9254007325196484,0.9061516172620416,-0.8429336132460213,-0.5913608932251309,-0.5631210944817947,True,False,True,True,-0.4869411727668323,False,False
-0.7993048658315527,0,0.2610710103011582,-1.0197399130157712,0.1765837713204426,0.2403010248979152,0.9393150365208264,1.391946254177754,-0.0054904697966909,0.70090292845461,0.872467823849125,0.0206649942929099,False,False,False,False,-0.4793756916369207,False,False
-0.6857405952880085,0,0.2610710103011582,0.3784070253557006,-1.0029610262683273,0.2403010248979152,-1.0362004348360545,0.2332727608290527,-0.6132518611691794,-0.2639949101082846,-0.2985951498102796,-0.2712280500944423,False,False,False,False,1.5055306414669463,False,False
2.1533661683005967,0,1.1782012951933094,0.3784070253557006,0.1765837713204426,0.2403010248979152,-0.4422802099970653,-0.9254007325196484,-0.9171325568554236,-0.6499540455334424,-0.5913608932251309,-0.5631210944817947,False,False,False,True,0.509294734350057,False,False
-0.3450477836573759,0,-1.573189559483144,-1.0197399130157712,-1.0029610262683273,-0.6673540997861319,-0.5016420995421089,-0.9254007325196484,-0.3093711654829352,-0.2639949101082846,-0.0058294063954284,-0.5631210944817947,False,False,False,False,-0.4793756916369207,False,False
1.244852003952243,0,0.2610710103011582,0.3784070253557006,0.1765837713204426,0.2403010248979152,-0.2747410699613079,0.2332727608290527,0.1464498780464311,-0.2639949101082846,-0.0058294063954284,-0.5631210944817947,False,False,False,True,-0.4869411727668323,False,False
-0.9128691363750968,1,0.2610710103011582,-1.0197399130157712,-1.0029610262683273,-1.575009224470179,-0.8864397287249547,-0.9254007325196484,-0.3093711654829352,-1.2288927486711791,-1.1768923800548332,-1.1469071832564992,True,False,True,False,-1.47561159875381,False,False
-0.9128691363750968,0,-1.573189559483144,-1.0197399130157712,-1.0029610262683273,0.2403010248979152,-1.187166458501368,0.2332727608290527,-1.37295360038479,-1.0359131809586002,-1.1768923800548332,-1.1469071832564992,False,False,False,False,-2.471847505870699,False,False
-0.9128691363750968,0,0.2610710103011582,0.3784070253557006,0.1765837713204426,-1.575009224470179,-0.1822329476753771,-0.9254007325196484,-0.7651922090123016,-0.4569744778208635,-0.5913608932251309,-0.2712280500944423,True,False,True,False,0.509294734350057,False,False
1.4719805450393315,0,0.2610710103011582,-1.0197399130157712,0.1765837713204426,-1.575009224470179,-0.2150778510277108,0.2332727608290527,-0.0054904697966909,-0.6499540455334424,-0.5913608932251309,-0.5631210944817947,False,False,False,False,-0.4793756916369207,False,False
-0.7993048658315527,0,1.1782012951933094,0.3784070253557006,-1.0029610262683273,-0.6673540997861319,-0.6999168372103255,2.550619747526455,-0.9171325568554236,-0.6499540455334424,-0.5913608932251309,-0.5631210944817947,True,False,False,False,0.509294734350057,False,False
-0.9128691363750968,0,0.2610710103011582,-2.417886851387243,0.1765837713204426,-0.6673540997861319,0.3152618728264853,1.391946254177754,-0.3093711654829352,0.3149437930294522,0.5797020804342738,0.8963441274549668,False,False,False,False,-2.464282024740788,False,False
-0.3450477836573759,0,1.1782012951933094,0.3784070253557006,0.1765837713204426,0.2403010248979152,0.2667478412693685,-0.9254007325196484,0.6022709215757975,-1.2288927486711791,-1.1768923800548332,-1.1469071832564992,False,False,True,True,0.509294734350057,False,False
-0.45861205420092,0,0.2610710103011582,0.3784070253557006,1.3561285689092124,1.1479561495819623,1.7300033520852645,-0.9254007325196484,-0.0054904697966909,-0.2639949101082846,-0.5913608932251309,-1.1469071832564992,False,False,True,False,1.5055306414669463,False,False
2.0398018977570525,0,-0.6560592745909929,0.3784070253557006,2.535673366497982,1.1479561495819623,3.1727684644795207,0.2332727608290527,2.4255550956932628,1.4728211993049256,1.4579993106788274,2.3558093493917283,True,False,False,False,0.509294734350057,False,False
-0.7993048658315527,1,-1.573189559483144,-1.0197399130157712,-1.0029610262683273,-1.575009224470179,-0.9464042770471052,-0.9254007325196484,0.1464498780464311,0.5079233607420311,0.872467823849125,0.8963441274549668,False,False,True,False,-2.471847505870699,False,False
0.9041591923216103,0,1.1782012951933094,0.3784070253557006,2.535673366497982,-1.575009224470179,3.261961963491363,0.2332727608290527,2.1216744000070187,2.630698605580399,0.5797020804342738,3.81527457132849,False,False,False,False,1.5055306414669463,False,False
0.3363378396038894,0,-0.6560592745909929,0.3784070253557006,1.3561285689092124,-0.6673540997861319,0.8657906657137674,-0.9254007325196484,-0.1574308176398131,-0.8429336132460213,-1.1768923800548332,-0.5631210944817947,False,False,True,False,0.509294734350057,False,False
-0.1179192425702874,0,1.1782012951933094,-1.0197399130157712,1.3561285689092124,-0.6673540997861319,0.9350964250810772,-0.9254007325196484,0.1464498780464311,0.893882496167189,1.1652335672639762,-0.2712280500944423,False,False,True,False,-2.471847505870699,False,False
-1.480690489092818,0,-1.573189559483144,0.3784070253557006,0.1765837713204426,0.2403010248979152,-0.9735239220169222,-0.9254007325196484,-0.7651922090123016,-0.4569744778208635,-0.2985951498102796,-0.5631210944817947,False,False,True,False,0.509294734350057,False,False
0.4499021101474336,1,1.1782012951933094,0.3784070253557006,-1.0029610262683273,-1.575009224470179,-1.0500615867095164,-0.9254007325196484,0.7542112694189196,-0.2639949101082846,-0.0058294063954284,-1.1469071832564992,False,False,True,False,-1.4831770798837216,False,False
-0.2314835131138316,0,1.1782012951933094,-1.0197399130157712,1.3561285689092124,0.2403010248979152,0.4761717663140653,-0.9254007325196484,-0.0054904697966909,0.70090292845461,1.4579993106788274,0.6044510830676145,False,False,False,True,-0.4793756916369207,False,False
-0.5721763247444642,1,1.1782012951933094,0.3784070253557006,-1.0029610262683273,0.2403010248979152,-0.4275150699579428,-0.9254007325196484,-0.4613115133260573,0.1219642253168732,-0.5913608932251309,0.8963441274549668,True,False,True,False,-1.4831770798837216,False,False
1.5855448155828755,0,0.2610710103011582,-2.417886851387243,2.535673366497982,1.1479561495819623,2.684313525634264,-0.9254007325196484,3.3371971827519955,4.9464534181313455,0.5797020804342738,1.4801302162296714,True,False,True,True,-1.4680461176238986,False,False
-0.2314835131138316,0,-0.6560592745909929,0.3784070253557006,-1.0029610262683273,0.2403010248979152,-0.9626760640289954,0.2332727608290527,0.2983902258895533,0.893882496167189,1.7507650540936786,0.8963441274549668,False,True,False,True,0.509294734350057,False,False
0.677030651234522,0,0.2610710103011582,-1.0197399130157712,-1.0029610262683273,-0.6673540997861319,-0.1994087228229278,0.2332727608290527,-0.9171325568554236,-1.0359131809586002,-1.1768923800548332,-1.1469071832564992,False,False,False,False,-0.4793756916369207,False,False
0.1092092985168009,0,-1.573189559483144,0.3784070253557006,0.1765837713204426,1.1479561495819623,-0.3669478628586852,-0.9254007325196484,-0.0054904697966909,0.70090292845461,1.1652335672639762,0.8963441274549668,False,False,False,False,0.509294734350057,False,False
-0.7993048658315527,0,0.2610710103011582,-2.417886851387243,0.1765837713204426,-1.575009224470179,1.2692707169869315,0.2332727608290527,-0.1574308176398131,0.1219642253168732,0.872467823849125,0.8963441274549668,False,False,False,False,-1.4680461176238986,False,False
-0.3450477836573759,0,1.1782012951933094,-1.0197399130157712,0.1765837713204426,-0.6673540997861319,-0.356401334259312,-0.9254007325196484,-0.7651922090123016,-0.2639949101082846,-0.2985951498102796,-0.5631210944817947,False,False,True,False,-0.4793756916369207,False,False
1.0177234628651546,0,1.1782012951933094,0.3784070253557006,-1.0029610262683273,1.1479561495819623,-1.015710036414415,0.2332727608290527,-0.3093711654829352,-0.2639949101082846,-0.0058294063954284,-0.2712280500944423,False,False,False,False,0.509294734350057,False,False
0.677030651234522,0,1.1782012951933094,0.3784070253557006,1.3561285689092124,1.1479561495819623,1.3925144369053213,0.2332727608290527,2.1216744000070187,2.630698605580399,1.1652335672639762,1.4801302162296714,True,False,False,True,-1.4831770798837216,False,False
0.4499021101474336,0,-1.573189559483144,0.3784070253557006,0.1765837713204426,-1.575009224470179,-0.0089685492571028,-0.9254007325196484,-0.1574308176398131,0.3149437930294522,-0.0058294063954284,-0.8550141388691469,False,False,False,False,1.5055306414669463,False,False
-0.3450477836573759,0,-0.6560592745909929,0.3784070253557006,0.1765837713204426,0.2403010248979152,-0.0891221666123392,0.2332727608290527,0.7542112694189196,1.6658007670175043,2.921828027753083,0.8963441274549668,False,False,False,True,0.509294734350057,False,False
0.4499021101474336,0,0.2610710103011582,0.3784070253557006,2.535673366497982,1.1479561495819623,3.2948068668436967,-0.9254007325196484,1.6658533564776523,2.823678173292978,0.872467823849125,0.8963441274549668,False,False,True,True,0.509294734350057,False,False
-1.3671262185492736,0,0.2610710103011582,-1.0197399130157712,-1.0029610262683273,-1.575009224470179,-0.9662920166916376,2.550619747526455,-1.221013252541668,-1.0359131809586002,-0.884126636639982,-1.1469071832564992,False,False,False,False,-0.4793756916369207,False,False
0.4499021101474336,0,1.1782012951933094,0.3784070253557006,0.1765837713204426,1.1479561495819623,-0.4320350107862457,-0.9254007325196484,-0.3093711654829352,-0.8429336132460213,-0.5913608932251309,-0.5631210944817947,False,False,False,True,0.509294734350057,False,False
1.0177234628651546,0,-1.573189559483144,0.3784070253557006,1.3561285689092124,-0.6673540997861319,0.5840476874162257,2.550619747526455,-0.0054904697966909,0.70090292845461,1.1652335672639762,0.8963441274549668,False,False,False,False,0.509294734350057,False,False
-0.1179192425702874,0,-0.6560592745909929,-1.0197399130157712,-1.0029610262683273,0.2403010248979152,-0.925913878625466,1.391946254177754,-0.6132518611691794,-0.2639949101082846,-0.2985951498102796,-0.5631210944817947,False,True,False,False,-0.4793756916369207,False,False
-0.45861205420092,0,1.1782012951933094,-1.0197399130157712,0.1765837713204426,-0.6673540997861319,0.113069853107073,0.2332727608290527,0.2983902258895533,0.1219642253168732,-0.884126636639982,0.3125580386802622,False,False,False,False,-0.4793756916369207,False,False
-0.0043549720267432,0,0.2610710103011582,0.3784070253557006,-1.0029610262683273,1.1479561495819623,-0.8614293894750125,-0.9254007325196484,-0.4613115133260573,-0.6499540455334424,-0.5913608932251309,-0.5631210944817947,False,True,True,True,-0.4869411727668323,False,False
1.3584162744957873,0,0.2610710103011582,0.3784070253557006,0.1765837713204426,0.2403010248979152,0.2821156400855981,0.2332727608290527,1.210032312948286,0.3149437930294522,0.872467823849125,0.8963441274549668,False,False,False,False,0.509294734350057,False,False
-0.7993048658315527,0,0.2610710103011582,1.7765539637271726,-1.0029610262683273,0.2403010248979152,-0.919585961465842,1.391946254177754,-0.7651922090123016,-1.0359131809586002,-1.1768923800548332,-1.1469071832564992,False,False,False,False,0.5017292532201456,False,False
-0.3450477836573759,0,-1.573189559483144,0.3784070253557006,0.1765837713204426,-1.575009224470179,0.2679531588235826,0.2332727608290527,-0.3093711654829352,-0.8429336132460213,-0.5913608932251309,-0.5631210944817947,False,False,False,False,-1.4831770798837216,False,False
-0.6857405952880085,1,-0.6560592745909929,-1.0197399130157712,0.1765837713204426,-1.575009224470179,1.268969387598378,0.2332727608290527,-0.0054904697966909,0.70090292845461,1.1652335672639762,0.8963441274549668,False,False,False,False,-0.4793756916369207,False,False
0.2227735690603451,0,0.2610710103011582,0.3784070253557006,0.1765837713204426,0.2403010248979152,0.1730344014292236,-0.9254007325196484,-0.0054904697966909,-0.0710153423957056,-0.2985951498102796,-0.5631210944817947,True,False,False,False,0.509294734350057,False,False
-0.1179192425702874,0,1.1782012951933094,-1.0197399130157712,-1.0029610262683273,-1.575009224470179,-0.9198872908543956,-0.9254007325196484,-1.069072904698546,-0.6499540455334424,-1.1768923800548332,-0.5631210944817947,False,False,True,False,-0.4793756916369207,False,False
-0.6857405952880085,0,0.2610710103011582,0.3784070253557006,1.3561285689092124,-0.6673540997861319,1.1291525513095444,0.2332727608290527,-0.1574308176398131,-0.4569744778208635,-0.5913608932251309,-0.2712280500944423,False,False,False,False,0.509294734350057,False,False
-0.1179192425702874,1,-1.573189559483144,0.3784070253557006,-1.0029610262683273,-1.575009224470179,-1.0331871409505191,0.2332727608290527,-1.37295360038479,-1.0359131809586002,-1.1768923800548332,-1.1469071832564992,False,False,False,True,0.509294734350057,False,False
1.9262376272135084,1,0.2610710103011582,-1.0197399130157712,1.3561285689092124,1.1479561495819623,1.4060742593902298,0.2332727608290527,3.64107787843824,5.139432985843925,0.872467823849125,1.4801302162296714,False,False,False,False,-0.4793756916369207,False,False
0.2227735690603451,1,0.2610710103011582,0.3784070253557006,0.1765837713204426,-0.6673540997861319,-0.1951901113831785,1.391946254177754,-0.4613115133260573,-0.2639949101082846,-0.5913608932251309,0.0206649942929099,False,False,False,False,0.509294734350057,False,False
-0.45861205420092,0,1.1782012951933094,0.3784070253557006,0.1765837713204426,-1.575009224470179,-0.4266110817922823,0.2332727608290527,-0.1574308176398131,-0.0710153423957056,0.2869363370194226,-0.5631210944817947,False,False,False,False,-0.4869411727668323,False,False
1.3584162744957873,0,0.2610710103011582,0.3784070253557006,-1.0029610262683273,-1.575009224470179,-0.9448976301043376,0.2332727608290527,-0.0054904697966909,0.3149437930294522,-0.5913608932251309,0.6044510830676145,False,False,False,False,-0.4869411727668323,False,False
-0.2314835131138316,0,-1.573189559483144,0.3784070253557006,-1.0029610262683273,1.1479561495819623,-0.7625933500294577,-0.9254007325196484,-1.37295360038479,-1.0359131809586002,-1.1768923800548332,-1.1469071832564992,False,False,True,False,-1.4831770798837216,False,False
-0.2314835131138316,0,-0.6560592745909929,0.3784070253557006,0.1765837713204426,1.1479561495819623,-0.005653925983014,0.2332727608290527,-0.1574308176398131,-0.8429336132460213,-0.5913608932251309,-0.8550141388691469,False,False,False,False,-0.4869411727668323,False,False
-1.1399976774621854,0,-1.573189559483144,0.3784070253557006,-1.0029610262683273,1.1479561495819623,-1.037104423001715,-0.9254007325196484,-1.37295360038479,-1.0359131809586002,-1.1768923800548332,-1.1469071832564992,False,False,False,False,0.509294734350057,False,False
0.2227735690603451,0,0.2610710103011582,0.3784070253557006,0.1765837713204426,-0.6673540997861319,1.3322485591946172,0.2332727608290527,-0.0054904697966909,0.5079233607420311,1.1652335672639762,0.8963441274549668,False,False,False,False,0.509294734350057,False,False
0.2227735690603451,0,-0.6560592745909929,0.3784070253557006,0.1765837713204426,-0.6673540997861319,-0.3931635196628415,-0.9254007325196484,-0.3093711654829352,-0.6499540455334424,-0.5913608932251309,-0.5631210944817947,False,False,True,False,1.5055306414669463,False,False
-0.0043549720267432,0,-0.6560592745909929,0.3784070253557006,0.1765837713204426,0.2403010248979152,0.3954154901817218,-0.9254007325196484,0.7542112694189196,-1.0359131809586002,-1.1768923800548332,-1.1469071832564992,False,False,True,False,0.509294734350057,False,False
-0.7993048658315527,0,-0.6560592745909929,0.3784070253557006,-1.0029610262683273,-1.575009224470179,-0.2349655906722432,-0.9254007325196484,-0.0054904697966909,0.70090292845461,1.4579993106788274,0.3125580386802622,False,False,True,True,0.509294734350057,False,False
-0.1179192425702874,0,-1.573189559483144,0.3784070253557006,0.1765837713204426,0.2403010248979152,0.1926208116852024,-0.9254007325196484,-0.0054904697966909,-0.2639949101082846,-0.5913608932251309,0.0206649942929099,False,False,True,True,0.509294734350057,False,False
0.3363378396038894,0,1.1782012951933094,1.7765539637271726,1.3561285689092124,0.2403010248979152,0.8239058807048281,0.2332727608290527,0.1464498780464311,0.1219642253168732,0.5797020804342738,0.6044510830676145,False,False,False,False,1.497965160337035,False,False
-0.7993048658315527,0,-1.573189559483144,0.3784070253557006,0.1765837713204426,1.1479561495819623,1.0095247840537966,0.2332727608290527,-0.6132518611691794,-0.0710153423957056,-0.0058294063954284,-0.2712280500944423,True,False,False,False,1.5055306414669463,False,False
-1.480690489092818,0,1.1782012951933094,1.7765539637271726,-1.0029610262683273,0.2403010248979152,-1.0334884703390728,0.2332727608290527,-0.9171325568554236,-0.8429336132460213,-0.5913608932251309,-0.5631210944817947,False,False,False,False,1.497965160337035,False,False
-0.0043549720267432,0,-1.573189559483144,1.7765539637271726,0.1765837713204426,-1.575009224470179,0.0178497663241605,0.2332727608290527,-0.1574308176398131,-0.6499540455334424,-0.5913608932251309,-0.5631210944817947,True,False,False,True,1.497965160337035,False,False
-0.1179192425702874,0,-0.6560592745909929,1.7765539637271726,0.1765837713204426,0.2403010248979152,-0.6315150660086762,1.391946254177754,-0.0054904697966909,0.70090292845461,1.4579993106788274,1.188237171842319,False,False,False,False,0.5017292532201456,False,False
-0.2314835131138316,0,1.1782012951933094,-1.0197399130157712,0.1765837713204426,0.2403010248979152,-0.1325135985640462,0.2332727608290527,-0.3093711654829352,0.3149437930294522,-0.5913608932251309,0.8963441274549668,True,False,False,False,-1.47561159875381,False,False
0.4499021101474336,0,1.1782012951933094,0.3784070253557006,0.1765837713204426,-1.575009224470179,-0.260277259310739,0.2332727608290527,-0.7651922090123016,-0.2639949101082846,-0.0058294063954284,-0.5631210944817947,False,False,False,False,0.509294734350057,False,False
0.7905949217780662,0,1.1782012951933094,1.7765539637271726,-1.0029610262683273,-0.6673540997861319,-0.1888621942235545,0.2332727608290527,-0.3093711654829352,-0.0710153423957056,-0.0058294063954284,-0.5631210944817947,False,False,False,False,1.497965160337035,False,False
-0.1179192425702874,0,0.2610710103011582,-1.0197399130157712,-1.0029610262683273,1.1479561495819623,-0.8475682376015505,0.2332727608290527,-1.37295360038479,-1.0359131809586002,-1.1768923800548332,-0.8550141388691469,False,False,False,False,-1.47561159875381,False,False
-0.9128691363750968,1,0.2610710103011582,0.3784070253557006,-1.0029610262683273,-0.6673540997861319,-0.9325431251736434,2.550619747526455,-1.37295360038479,-1.0359131809586002,-0.884126636639982,-1.1469071832564992,False,False,False,True,0.509294734350057,False,False
-1.594254759636362,0,-0.6560592745909929,-1.0197399130157712,-1.0029610262683273,0.2403010248979152,-0.810203393420914,-0.9254007325196484,-0.9171325568554236,-0.4569744778208635,-0.5913608932251309,-0.2712280500944423,False,False,False,True,-1.47561159875381,False,False
1.5855448155828755,0,-0.6560592745909929,0.3784070253557006,2.535673366497982,0.2403010248979152,1.730304681473818,0.2332727608290527,3.3371971827519955,4.5604942827061885,1.1652335672639762,2.6477023937790807,True,False,False,True,0.509294734350057,False,False
-0.45861205420092,0,-0.6560592745909929,1.7765539637271726,-1.0029610262683273,1.1479561495819623,-0.6601413579212607,1.391946254177754,-0.6132518611691794,-0.6499540455334424,-0.5913608932251309,-0.5631210944817947,False,False,False,False,1.497965160337035,False,False
-0.6857405952880085,0,-0.6560592745909929,-1.0197399130157712,-1.0029610262683273,-0.6673540997861319,-1.0129980719174334,0.2332727608290527,-0.6132518611691794,-0.0710153423957056,-0.0058294063954284,-0.8550141388691469,False,False,False,False,-1.47561159875381,False,False
1.0177234628651546,0,0.2610710103011582,-2.417886851387243,0.1765837713204426,-1.575009224470179,0.0802249497547392,-0.9254007325196484,-0.0054904697966909,0.70090292845461,0.872467823849125,0.0206649942929099,False,False,True,True,-1.4680461176238986,False,False
1.0177234628651546,0,-1.573189559483144,-1.0197399130157712,0.1765837713204426,-1.575009224470179,-0.3368149240033332,0.2332727608290527,-0.0054904697966909,0.70090292845461,0.872467823849125,0.3125580386802622,False,False,False,False,-0.4793756916369207,False,False
-0.5721763247444642,0,1.1782012951933094,0.3784070253557006,0.1765837713204426,-1.575009224470179,-0.0514559930431492,-0.9254007325196484,-0.0054904697966909,-0.2639949101082846,-0.5913608932251309,-0.2712280500944423,True,False,True,False,0.509294734350057,False,False
-0.0043549720267432,0,0.2610710103011582,0.3784070253557006,0.1765837713204426,0.2403010248979152,-0.2530453539854544,1.391946254177754,-0.4613115133260573,-0.6499540455334424,-0.5913608932251309,-0.8550141388691469,False,False,False,True,0.509294734350057,False,False
-0.2314835131138316,0,0.2610710103011582,1.7765539637271726,0.1765837713204426,1.1479561495819623,-0.2346642612836897,0.2332727608290527,-0.1574308176398131,0.5079233607420311,0.872467823849125,-0.5631210944817947,True,False,False,False,1.497965160337035,False,False
1.4719805450393315,0,0.2610710103011582,0.3784070253557006,-1.0029610262683273,-1.575009224470179,-0.6905756261651663,0.2332727608290527,-0.0054904697966909,0.5079233607420311,0.5797020804342738,0.0206649942929099,False,False,False,False,-0.4869411727668323,False,False
0.3363378396038894,0,-0.6560592745909929,0.3784070253557006,0.1765837713204426,-1.575009224470179,-0.0378961705582407,2.550619747526455,-0.0054904697966909,0.1219642253168732,0.872467823849125,0.8963441274549668,False,False,False,False,0.509294734350057,False,False
-1.0264334069186412,0,1.1782012951933094,-1.0197399130157712,-1.0029610262683273,-1.575009224470179,-0.4329389989519062,1.391946254177754,-0.4613115133260573,0.1219642253168732,0.872467823849125,0.8963441274549668,False,False,False,False,-0.4793756916369207,False,False
-0.1179192425702874,0,-0.6560592745909929,1.7765539637271726,0.1765837713204426,-1.575009224470179,-0.0888208372237857,-0.9254007325196484,0.9061516172620416,1.8587803347300835,3.214593771167934,1.7720232606170236,False,False,False,False,1.497965160337035,False,False
-0.9128691363750968,0,-0.6560592745909929,-2.417886851387243,0.1765837713204426,-1.575009224470179,-0.188560864835001,0.2332727608290527,-0.6132518611691794,-0.2639949101082846,-0.2985951498102796,-1.1469071832564992,False,False,False,False,-2.464282024740788,False,False
-1.7078190301799063,0,0.2610710103011582,0.3784070253557006,-1.0029610262683273,1.1479561495819623,-0.7189005886891973,-0.9254007325196484,-1.069072904698546,-0.8429336132460213,-0.5913608932251309,-0.5631210944817947,False,False,True,False,0.509294734350057,False,False
-2.048511841810539,1,-0.6560592745909929,0.3784070253557006,-1.0029610262683273,1.1479561495819623,-1.1853584821700471,-0.9254007325196484,-1.5248939482279122,-1.2288927486711791,-1.1768923800548332,-1.1469071832564992,True,True,True,True,1.5055306414669463,False,False
0.3363378396038894,0,0.2610710103011582,-1.0197399130157712,0.1765837713204426,0.2403010248979152,-0.7333643993397663,0.2332727608290527,0.1464498780464311,0.70090292845461,1.1652335672639762,0.8963441274549668,False,False,False,False,-0.4793756916369207,False,False
0.4499021101474336,0,-1.573189559483144,-1.0197399130157712,1.3561285689092124,0.2403010248979152,1.4862278767454662,1.391946254177754,1.210032312948286,2.244739470155241,3.214593771167934,2.3558093493917283,False,False,False,False,-0.4793756916369207,False,False
-0.1179192425702874,0,0.2610710103011582,0.3784070253557006,0.1765837713204426,0.2403010248979152,-0.4082299890905175,0.2332727608290527,0.7542112694189196,1.4728211993049256,2.04353079750853,1.4801302162296714,False,False,False,False,0.509294734350057,False,False
0.1092092985168009,0,0.2610710103011582,0.3784070253557006,0.1765837713204426,0.2403010248979152,0.0799236203661857,2.550619747526455,-0.1574308176398131,-0.4569744778208635,-0.2985951498102796,-0.5631210944817947,False,False,False,False,-0.4869411727668323,False,False
0.3363378396038894,0,-1.573189559483144,0.3784070253557006,0.1765837713204426,0.2403010248979152,-0.1388415157236701,-0.9254007325196484,-0.0054904697966909,0.5079233607420311,-0.5913608932251309,1.188237171842319,True,False,True,False,-1.4831770798837216,False,False
1.0177234628651546,0,1.1782012951933094,-1.0197399130157712,0.1765837713204426,1.1479561495819623,0.0805262791432928,1.391946254177754,-0.0054904697966909,0.70090292845461,0.872467823849125,1.4801302162296714,False,False,False,False,-0.4793756916369207,False,False
0.2227735690603451,0,1.1782012951933094,-1.0197399130157712,1.3561285689092124,0.2403010248979152,0.6789664448105847,0.2332727608290527,-0.0054904697966909,-0.2639949101082846,-0.0058294063954284,-0.5631210944817947,False,False,False,True,0.5168602154799685,False,False
-0.1179192425702874,1,1.1782012951933094,-1.0197399130157712,1.3561285689092124,-1.575009224470179,1.447356385622062,-0.9254007325196484,0.7542112694189196,1.2798416315923469,2.336296540923381,-1.1469071832564992,False,False,False,False,-0.4793756916369207,False,False
0.1092092985168009,0,-0.6560592745909929,0.3784070253557006,-1.0029610262683273,-0.6673540997861319,-0.4721118194638639,0.2332727608290527,-0.3093711654829352,0.3149437930294522,-0.0058294063954284,0.8963441274549668,False,False,False,False,-1.4831770798837216,False,False
0.4499021101474336,0,0.2610710103011582,0.3784070253557006,1.3561285689092124,1.1479561495819623,0.7359176992472001,-0.9254007325196484,1.210032312948286,-0.4569744778208635,-0.5913608932251309,-0.2712280500944423,False,False,True,True,-0.4869411727668323,False,False
0.9041591923216103,0,-1.573189559483144,0.3784070253557006,0.1765837713204426,1.1479561495819623,0.0723903856523477,-0.9254007325196484,0.6022709215757975,0.70090292845461,0.872467823849125,-0.5631210944817947,True,False,False,True,0.509294734350057,False,False
1.3584162744957873,0,0.2610710103011582,-1.0197399130157712,2.535673366497982,1.1479561495819623,2.9226650719800986,0.2332727608290527,1.9697340521638969,-0.8429336132460213,-0.5913608932251309,-0.5631210944817947,True,False,False,False,-0.4793756916369207,False,False
-0.1179192425702874,1,-1.573189559483144,-2.417886851387243,0.1765837713204426,1.1479561495819623,-0.0189124190793689,1.391946254177754,-0.4613115133260573,-0.8429336132460213,-0.5913608932251309,-0.5631210944817947,False,False,False,True,-2.464282024740788,False,False
-1.3671262185492736,0,-1.573189559483144,0.3784070253557006,-1.0029610262683273,1.1479561495819623,-0.5251457918492836,-0.9254007325196484,-0.6132518611691794,-0.0710153423957056,-0.2985951498102796,-0.2712280500944423,True,False,True,True,0.509294734350057,False,False
-1.0264334069186412,0,-0.6560592745909929,1.7765539637271726,-1.0029610262683273,0.2403010248979152,-0.598368833267789,-0.9254007325196484,-0.7651922090123016,-0.6499540455334424,-0.5913608932251309,-0.5631210944817947,False,False,False,False,1.497965160337035,False,False
-1.0264334069186412,0,1.1782012951933094,0.3784070253557006,-1.0029610262683273,1.1479561495819623,-0.8807144703424378,-0.9254007325196484,-0.6132518611691794,-0.4569744778208635,-0.5913608932251309,-0.5631210944817947,True,False,True,False,-0.4869411727668323,False,False
0.4499021101474336,1,-1.573189559483144,0.3784070253557006,-1.0029610262683273,-1.575009224470179,-1.0054648372035953,-0.9254007325196484,-0.0054904697966909,-0.4569744778208635,-0.5913608932251309,-0.2712280500944423,False,False,True,True,-1.4831770798837216,False,False
-0.7993048658315527,0,0.2610710103011582,-1.0197399130157712,0.1765837713204426,0.2403010248979152,0.1103578886100913,-0.9254007325196484,-0.3093711654829352,-0.2639949101082846,-0.5913608932251309,0.0206649942929099,False,False,True,False,-0.4793756916369207,False,False
-0.0043549720267432,0,-0.6560592745909929,0.3784070253557006,1.3561285689092124,-1.575009224470179,0.7549014507260718,1.391946254177754,-0.1574308176398131,-0.6499540455334424,-0.5913608932251309,-0.5631210944817947,False,False,False,False,0.509294734350057,False,False
-1.2535619480057296,0,1.1782012951933094,1.7765539637271726,0.1765837713204426,0.2403010248979152,-0.0894234960008927,1.391946254177754,-0.4613115133260573,0.1219642253168732,0.872467823849125,0.8963441274549668,True,False,False,False,1.497965160337035,False,False
0.3363378396038894,0,1.1782012951933094,0.3784070253557006,0.1765837713204426,-0.6673540997861319,-0.0626051804196294,-0.9254007325196484,-0.4613115133260573,-0.2639949101082846,-0.0058294063954284,-1.1469071832564992,False,False,False,False,0.509294734350057,False,False
1.4719805450393315,0,-1.573189559483144,0.3784070253557006,2.535673366497982,-0.6673540997861319,3.287574961518412,1.391946254177754,2.577495443536385,-0.4569744778208635,-0.5913608932251309,-0.5631210944817947,False,False,False,False,0.509294734350057,False,False
1.5855448155828755,0,1.1782012951933094,-1.0197399130157712,1.3561285689092124,-1.575009224470179,2.3401953639061435,2.550619747526455,1.361972660791408,1.4728211993049256,2.04353079750853,2.063916305004376,False,False,False,False,-0.4793756916369207,False,False
-1.8213833007234503,0,0.2610710103011582,0.3784070253557006,-1.0029610262683273,0.2403010248979152,-0.8195446044660731,-0.9254007325196484,-1.221013252541668,-0.8429336132460213,-0.5913608932251309,-0.5631210944817947,False,True,True,False,0.509294734350057,False,False
-0.2314835131138316,0,1.1782012951933094,0.3784070253557006,0.1765837713204426,-0.6673540997861319,-0.0210217247992436,0.2332727608290527,0.1464498780464311,0.893882496167189,1.1652335672639762,1.4801302162296714,False,False,False,False,0.509294734350057,False,False
-0.0043549720267432,0,-1.573189559483144,0.3784070253557006,-1.0029610262683273,-0.6673540997861319,-1.051568233652284,-0.9254007325196484,0.7542112694189196,-0.4569744778208635,-0.2985951498102796,-0.2712280500944423,False,False,True,False,0.509294734350057,False,False
1.4719805450393315,0,0.2610710103011582,-1.0197399130157712,2.535673366497982,0.2403010248979152,2.5502219477279477,0.2332727608290527,3.0333164870657514,1.6658007670175043,2.04353079750853,2.3558093493917283,False,False,False,True,-0.4793756916369207,False,False
-0.0043549720267432,0,1.1782012951933094,-1.0197399130157712,0.1765837713204426,0.2403010248979152,-0.3401295472774219,-0.9254007325196484,-0.9171325568554236,-0.6499540455334424,-0.5913608932251309,-0.5631210944817947,False,False,False,False,-0.4793756916369207,False,False
-0.0043549720267432,0,1.1782012951933094,1.7765539637271726,0.1765837713204426,-1.575009224470179,0.4035513836726668,0.2332727608290527,0.4503305737326754,-0.2639949101082846,-0.0058294063954284,0.0206649942929099,False,False,False,False,1.497965160337035,False,False
-0.1179192425702874,1,1.1782012951933094,0.3784070253557006,0.1765837713204426,1.1479561495819623,-0.2777543638468431,-0.9254007325196484,0.4503305737326754,0.893882496167189,1.4579993106788274,0.8963441274549668,True,False,True,True,1.5055306414669463,False,False
0.2227735690603451,0,1.1782012951933094,0.3784070253557006,0.1765837713204426,1.1479561495819623,-0.2313496380096009,1.391946254177754,1.361972660791408,1.2798416315923469,2.04353079750853,1.4801302162296714,True,False,False,False,1.5055306414669463,False,False
-0.7993048658315527,0,-1.573189559483144,-1.0197399130157712,0.1765837713204426,-0.6673540997861319,-0.3964781429369302,0.2332727608290527,-0.0054904697966909,0.70090292845461,-1.1768923800548332,1.4801302162296714,False,False,False,True,-1.47561159875381,False,False
-0.3450477836573759,0,1.1782012951933094,0.3784070253557006,0.1765837713204426,1.1479561495819623,0.0006739911766098,1.391946254177754,-0.6132518611691794,-0.0710153423957056,-0.5913608932251309,0.0206649942929099,False,False,False,False,0.509294734350057,False,False
-0.45861205420092,0,1.1782012951933094,0.3784070253557006,0.1765837713204426,-0.6673540997861319,-0.0098725374227633,1.391946254177754,-0.0054904697966909,0.5079233607420311,0.2869363370194226,0.6044510830676145,False,False,False,False,-0.4869411727668323,False,False
-0.5721763247444642,0,-1.573189559483144,0.3784070253557006,0.1765837713204426,1.1479561495819623,-0.0080645610914422,1.391946254177754,-0.0054904697966909,0.70090292845461,-1.1768923800548332,-0.5631210944817947,False,False,False,False,0.509294734350057,False,False
1.4719805450393315,0,1.1782012951933094,0.3784070253557006,-1.0029610262683273,-1.575009224470179,-0.8786051646225631,0.2332727608290527,1.058091965105164,-0.8429336132460213,-0.5913608932251309,-0.5631210944817947,False,False,False,True,-0.4869411727668323,False,False
0.2227735690603451,0,1.1782012951933094,-1.0197399130157712,-1.0029610262683273,-0.6673540997861319,-0.9229005847399306,-0.9254007325196484,-0.9171325568554236,-0.4569744778208635,-0.2985951498102796,-0.2712280500944423,True,False,True,False,-0.4793756916369207,False,False
1.244852003952243,0,-0.6560592745909929,1.7765539637271726,2.535673366497982,-0.6673540997861319,3.1546887011663096,2.550619747526455,2.8813761392226294,-0.6499540455334424,-0.5913608932251309,-0.5631210944817947,False,False,False,False,1.497965160337035,False,False
1.4719805450393315,0,0.2610710103011582,0.3784070253557006,2.535673366497982,0.2403010248979152,2.976000373754072,-0.9254007325196484,1.9697340521638969,0.3149437930294522,0.872467823849125,-1.1469071832564992,False,False,True,False,0.509294734350057,False,False
0.5634663806909778,0,1.1782012951933094,0.3784070253557006,1.3561285689092124,0.2403010248979152,0.4758704369255118,-0.9254007325196484,1.6658533564776523,-0.8429336132460213,-1.1768923800548332,-0.5631210944817947,False,False,True,True,0.509294734350057,False,False
-1.8213833007234503,0,1.1782012951933094,0.3784070253557006,-1.0029610262683273,-1.575009224470179,-0.8361177208365167,-0.9254007325196484,-1.221013252541668,-0.8429336132460213,-0.5913608932251309,-0.5631210944817947,False,True,True,False,0.509294734350057,False,False
-0.3450477836573759,0,0.2610710103011582,0.3784070253557006,0.1765837713204426,1.1479561495819623,-0.0406081350552224,0.2332727608290527,-0.4613115133260573,-0.0710153423957056,0.2869363370194226,-0.5631210944817947,False,False,False,True,0.509294734350057,False,False
-0.0043549720267432,0,-1.573189559483144,0.3784070253557006,0.1765837713204426,0.2403010248979152,-0.0469360522148463,1.391946254177754,-0.0054904697966909,-0.6499540455334424,-0.5913608932251309,-0.5631210944817947,False,False,False,False,-0.4869411727668323,False,False
0.9041591923216103,0,0.2610710103011582,0.3784070253557006,-1.0029610262683273,1.1479561495819623,-0.6953968963820226,2.550619747526455,-0.3093711654829352,-0.8429336132460213,-0.5913608932251309,-0.5631210944817947,False,False,False,True,0.509294734350057,False,False
-1.480690489092818,1,1.1782012951933094,-1.0197399130157712,-1.0029610262683273,0.2403010248979152,-0.4561413618705273,-0.9254007325196484,-0.7651922090123016,-0.2639949101082846,-0.0058294063954284,-0.5631210944817947,False,False,True,True,-0.4793756916369207,False,False
0.2227735690603451,0,1.1782012951933094,0.3784070253557006,-1.0029610262683273,0.2403010248979152,-0.6619493342525818,0.2332727608290527,-0.4613115133260573,-1.2288927486711791,-1.1768923800548332,-1.1469071832564992,False,False,False,False,-0.4869411727668323,False,False
1.9262376272135084,0,-0.6560592745909929,1.7765539637271726,1.3561285689092124,1.1479561495819623,0.4526680740068907,-0.9254007325196484,0.1464498780464311,-0.4569744778208635,-0.2985951498102796,-0.5631210944817947,False,False,False,False,1.497965160337035,False,False
1.3584162744957873,1,1.1782012951933094,0.3784070253557006,-1.0029610262683273,0.2403010248979152,-0.8581147662009238,1.391946254177754,1.361972660791408,0.5079233607420311,0.872467823849125,0.8963441274549668,True,True,False,True,0.509294734350057,False,False
-0.45861205420092,1,1.1782012951933094,0.3784070253557006,-1.0029610262683273,-0.6673540997861319,-1.2383924545554668,-0.9254007325196484,-1.37295360038479,-1.0359131809586002,-1.1768923800548332,-1.1469071832564992,False,False,True,False,0.509294734350057,False,False
-1.1399976774621854,0,1.1782012951933094,0.3784070253557006,-1.0029610262683273,1.1479561495819623,-0.8837277642279731,-0.9254007325196484,-0.4613115133260573,0.1219642253168732,0.872467823849125,0.8963441274549668,False,False,True,False,0.509294734350057,False,False
2.1533661683005967,0,-1.573189559483144,-1.0197399130157712,-1.0029610262683273,-0.6673540997861319,-0.5923422454967187,0.2332727608290527,-0.3093711654829352,-0.4569744778208635,-0.5913608932251309,-0.5631210944817947,False,False,False,False,-0.4793756916369207,False,False
-0.2314835131138316,0,-0.6560592745909929,-1.0197399130157712,0.1765837713204426,1.1479561495819623,-0.4570453500361879,0.2332727608290527,0.7542112694189196,1.6658007670175043,1.7507650540936786,2.6477023937790807,False,False,False,False,0.5168602154799685,False,False
2.721187521018318,0,0.2610710103011582,-2.417886851387243,1.3561285689092124,1.1479561495819623,1.6212234428174437,0.2332727608290527,1.361972660791408,-1.0359131809586002,-1.1768923800548332,-1.1469071832564992,False,False,False,False,-0.47181021050700933,False,False
-0.3450477836573759,0,-0.6560592745909929,1.7765539637271726,-1.0029610262683273,-0.6673540997861319,-1.047048292823981,2.550619747526455,0.6022709215757975,1.4728211993049256,2.04353079750853,2.6477023937790807,False,False,False,False,1.497965160337035,False,False
0.1092092985168009,0,0.2610710103011582,-2.417886851387243,0.1765837713204426,1.1479561495819623,1.2120181331617623,1.391946254177754,-0.6132518611691794,-0.0710153423957056,-0.2985951498102796,-0.2712280500944423,True,False,False,False,-2.464282024740788,False,False
-0.2314835131138316,0,-0.6560592745909929,-1.0197399130157712,-1.0029610262683273,1.1479561495819623,-0.7755505137372591,-0.9254007325196484,-0.0054904697966909,0.70090292845461,1.4579993106788274,0.8963441274549668,False,False,False,False,-0.4793756916369207,False,False
-1.480690489092818,1,0.2610710103011582,0.3784070253557006,-1.0029610262683273,1.1479561495819623,-0.9726199338512616,0.2332727608290527,-1.069072904698546,-0.6499540455334424,-0.5913608932251309,-0.5631210944817947,False,True,False,True,0.509294734350057,False,False
0.9041591923216103,0,0.2610710103011582,1.7765539637271726,1.3561285689092124,1.1479561495819623,0.7160299596026677,0.2332727608290527,-0.1574308176398131,0.3149437930294522,0.872467823849125,0.8963441274549668,False,False,False,True,1.497965160337035,False,False
-0.1179192425702874,0,-1.573189559483144,-1.0197399130157712,-1.0029610262683273,1.1479561495819623,-0.1725904072416644,-0.9254007325196484,-0.6132518611691794,-0.2639949101082846,-0.0058294063954284,0.0206649942929099,True,False,True,True,0.5168602154799685,False,False
0.7905949217780662,0,1.1782012951933094,0.3784070253557006,0.1765837713204426,1.1479561495819623,0.706387419168955,0.2332727608290527,-0.0054904697966909,0.70090292845461,1.4579993106788274,1.188237171842319,False,False,False,True,0.509294734350057,False,False
-1.3671262185492736,0,0.2610710103011582,1.7765539637271726,-1.0029610262683273,0.2403010248979152,-0.3319936537864768,0.2332727608290527,-0.7651922090123016,-0.2639949101082846,-0.2985951498102796,0.0206649942929099,False,False,False,False,1.497965160337035,False,False
0.5634663806909778,0,1.1782012951933094,0.3784070253557006,1.3561285689092124,0.2403010248979152,1.1264405868125626,-0.9254007325196484,-0.0054904697966909,0.70090292845461,1.1652335672639762,0.8963441274549668,False,False,True,False,0.509294734350057,False,False
-0.7993048658315527,0,1.1782012951933094,0.3784070253557006,-1.0029610262683273,0.2403010248979152,-0.7619906912523507,0.2332727608290527,-0.1574308176398131,-0.2639949101082846,-0.2985951498102796,-0.5631210944817947,False,False,False,False,0.509294734350057,False,False
-0.0043549720267432,0,0.2610710103011582,0.3784070253557006,0.1765837713204426,1.1479561495819623,-0.3015593855425713,-0.9254007325196484,1.058091965105164,1.2798416315923469,0.872467823849125,0.8963441274549668,False,True,True,False,-0.4869411727668323,False,False
1.0177234628651546,0,0.2610710103011582,-1.0197399130157712,1.3561285689092124,0.2403010248979152,1.5805439753627182,0.2332727608290527,2.2736147478501407,3.209637308718136,3.214593771167934,0.0206649942929099,False,False,False,False,-1.47561159875381,False,False
-1.3671262185492736,1,1.1782012951933094,-2.417886851387243,-1.0029610262683273,0.2403010248979152,-1.1895770936097965,0.2332727608290527,-1.37295360038479,-1.0359131809586002,-1.1768923800548332,-1.1469071832564992,False,False,False,False,-1.4680461176238986,False,False
1.244852003952243,1,0.2610710103011582,-2.417886851387243,2.535673366497982,0.2403010248979152,2.2398526775178214,-0.9254007325196484,2.2736147478501407,3.209637308718136,0.2869363370194226,1.7720232606170236,True,False,False,False,-3.460517931857677,False,False
-1.1399976774621854,0,1.1782012951933094,-2.417886851387243,-1.0029610262683273,0.2403010248979152,-0.963580052194656,2.550619747526455,-1.069072904698546,-0.6499540455334424,-0.5913608932251309,-0.5631210944817947,False,False,False,False,-0.47181021050700933,False,False
-0.45861205420092,0,-1.573189559483144,0.3784070253557006,-1.0029610262683273,0.2403010248979152,-0.6236805019062848,0.2332727608290527,-0.0054904697966909,-0.2639949101082846,-0.5913608932251309,-0.2712280500944423,True,False,False,False,-0.4869411727668323,False,False
-0.5721763247444642,0,-0.6560592745909929,0.3784070253557006,-1.0029610262683273,0.2403010248979152,-0.6104220088099298,0.2332727608290527,-0.6132518611691794,-0.2639949101082846,-0.5913608932251309,-0.2712280500944423,False,False,False,False,1.5055306414669463,False,False
0.5634663806909778,0,0.2610710103011582,-2.417886851387243,0.1765837713204426,-0.6673540997861319,0.2794036755886164,0.2332727608290527,-0.0054904697966909,-0.6499540455334424,-0.5913608932251309,-0.5631210944817947,False,False,False,False,-1.4680461176238986,False,False
0.4499021101474336,0,-0.6560592745909929,0.3784070253557006,0.1765837713204426,-1.575009224470179,0.3053180030042191,0.2332727608290527,1.210032312948286,-1.0359131809586002,-1.1768923800548332,-1.1469071832564992,False,False,False,True,0.509294734350057,False,False
-1.3671262185492736,0,-0.6560592745909929,0.3784070253557006,-1.0029610262683273,-1.575009224470179,-0.480850371731916,2.550619747526455,-0.6132518611691794,-0.0710153423957056,-0.5913608932251309,-0.5631210944817947,False,False,False,False,1.5055306414669463,False,False
1.1312877334086988,0,0.2610710103011582,0.3784070253557006,0.1765837713204426,-0.6673540997861319,0.0178497663241605,-0.9254007325196484,1.361972660791408,0.70090292845461,0.872467823849125,1.4801302162296714,False,False,True,False,0.509294734350057,False,False
-0.1179192425702874,0,1.1782012951933094,0.3784070253557006,0.1765837713204426,0.2403010248979152,0.4159058886033612,0.2332727608290527,1.058091965105164,0.1219642253168732,0.872467823849125,0.8963441274549668,False,False,False,False,0.509294734350057,False,False
-0.6857405952880085,0,-0.6560592745909929,0.3784070253557006,-1.0029610262683273,1.1479561495819623,-0.795739582770345,0.2332727608290527,-0.0054904697966909,0.70090292845461,-1.1768923800548332,1.188237171842319,False,False,False,False,-0.4869411727668323,False,False
1.244852003952243,0,0.2610710103011582,0.3784070253557006,0.1765837713204426,-0.6673540997861319,-0.1581265965910955,0.2332727608290527,-0.9171325568554236,-1.0359131809586002,-1.1768923800548332,-1.1469071832564992,False,False,False,False,-1.4831770798837216,False,False
1.1312877334086988,0,0.2610710103011582,0.3784070253557006,1.3561285689092124,1.1479561495819623,1.4660388077123805,0.2332727608290527,0.4503305737326754,0.70090292845461,0.5797020804342738,-0.2712280500944423,False,False,False,True,-0.4869411727668323,False,False
-0.0043549720267432,1,-0.6560592745909929,-1.0197399130157712,0.1765837713204426,-1.575009224470179,0.1902101765767743,2.550619747526455,0.9061516172620416,-0.8429336132460213,-0.5913608932251309,-0.5631210944817947,False,False,False,True,-0.4793756916369207,False,False
-0.45861205420092,1,-1.573189559483144,-2.417886851387243,0.1765837713204426,-0.6673540997861319,0.3713091390974402,-0.9254007325196484,-0.0054904697966909,-1.2288927486711791,-1.1768923800548332,-1.1469071832564992,False,False,True,False,-1.4680461176238986,False,False
-1.480690489092818,0,0.2610710103011582,0.3784070253557006,-1.0029610262683273,-0.6673540997861319,-0.6652639575266706,-0.9254007325196484,-1.069072904698546,-0.6499540455334424,-0.5913608932251309,-0.5631210944817947,False,False,True,False,-1.4831770798837216,False,False
-0.5721763247444642,0,1.1782012951933094,0.3784070253557006,0.1765837713204426,1.1479561495819623,-0.0797809555671801,-0.9254007325196484,-0.1574308176398131,-0.2639949101082846,-0.0058294063954284,0.0206649942929099,True,False,True,False,-0.4869411727668323,False,False
0.3363378396038894,0,1.1782012951933094,0.3784070253557006,0.1765837713204426,1.1479561495819623,0.2920595099078642,0.2332727608290527,-0.1574308176398131,0.5079233607420311,1.1652335672639762,1.188237171842319,False,False,False,True,0.509294734350057,False,False
-0.45861205420092,0,1.1782012951933094,-2.417886851387243,1.3561285689092124,0.2403010248979152,1.2376311311888115,0.2332727608290527,-0.0054904697966909,-0.4569744778208635,-0.2985951498102796,-0.5631210944817947,False,False,False,False,-3.460517931857677,False,False
1.0177234628651546,0,0.2610710103011582,-2.417886851387243,1.3561285689092124,0.2403010248979152,1.2816252219176258,1.391946254177754,-0.1574308176398131,-0.2639949101082846,-1.1768923800548332,-0.2712280500944423,False,False,False,False,-0.47181021050700933,False,False
-0.6857405952880085,0,1.1782012951933094,-1.0197399130157712,-1.0029610262683273,-1.575009224470179,-0.1611398904766307,-0.9254007325196484,-0.0054904697966909,0.5079233607420311,0.872467823849125,0.8963441274549668,True,False,True,False,-0.4793756916369207,False,False
-1.3671262185492736,0,-1.573189559483144,0.3784070253557006,-1.0029610262683273,1.1479561495819623,-1.0117927543632192,0.2332727608290527,-1.069072904698546,-0.8429336132460213,-0.5913608932251309,-0.8550141388691469,True,False,False,False,0.509294734350057,False,False
-0.6857405952880085,1,0.2610710103011582,-1.0197399130157712,-1.0029610262683273,1.1479561495819623,-1.001246225763846,0.2332727608290527,-0.6132518611691794,-0.4569744778208635,-0.5913608932251309,-0.5631210944817947,True,False,False,False,-1.47561159875381,False,False
-0.5721763247444642,0,-1.573189559483144,0.3784070253557006,0.1765837713204426,0.2403010248979152,0.8567507840571618,0.2332727608290527,-0.6132518611691794,-0.2639949101082846,-0.5913608932251309,-0.5631210944817947,False,False,False,False,0.509294734350057,False,False
-1.0264334069186412,0,0.2610710103011582,0.3784070253557006,-1.0029610262683273,1.1479561495819623,-0.6200645492436425,-0.9254007325196484,-0.6132518611691794,-0.0710153423957056,-0.5913608932251309,0.0206649942929099,False,False,True,False,-0.4869411727668323,False,False
-0.7993048658315527,1,-0.6560592745909929,-2.417886851387243,-1.0029610262683273,-0.6673540997861319,-0.8264751804028041,-0.9254007325196484,-1.221013252541668,-0.8429336132460213,-0.5913608932251309,-0.5631210944817947,False,True,True,False,-1.4680461176238986,False,False
-0.7993048658315527,0,1.1782012951933094,1.7765539637271726,0.1765837713204426,0.2403010248979152,0.2384228787453375,-0.9254007325196484,-0.0054904697966909,-0.6499540455334424,-0.5913608932251309,-0.5631210944817947,True,False,True,True,2.494201067453924,False,False
-0.6857405952880085,0,0.2610710103011582,-1.0197399130157712,1.3561285689092124,-1.575009224470179,0.4933475414616159,0.2332727608290527,0.2983902258895533,0.1219642253168732,0.872467823849125,0.8963441274549668,False,False,False,False,-0.4793756916369207,False,False
-0.2314835131138316,0,1.1782012951933094,1.7765539637271726,-1.0029610262683273,1.1479561495819623,-0.7746465255715985,2.550619747526455,-0.6132518611691794,-0.2639949101082846,-1.1768923800548332,-0.5631210944817947,False,False,False,True,1.497965160337035,False,False
-0.3450477836573759,0,1.1782012951933094,0.3784070253557006,0.1765837713204426,-0.6673540997861319,-0.1072019299255505,-0.9254007325196484,0.4503305737326754,0.893882496167189,0.872467823849125,0.8963441274549668,False,False,True,False,-0.4869411727668323,False,False
1.4719805450393315,0,1.1782012951933094,0.3784070253557006,0.1765837713204426,1.1479561495819623,-0.3000527385998037,-0.9254007325196484,-0.3093711654829352,-0.2639949101082846,-0.884126636639982,0.0206649942929099,False,False,True,False,1.5055306414669463,False,False
-0.3450477836573759,1,-1.573189559483144,0.3784070253557006,1.3561285689092124,-1.575009224470179,0.9224405907618292,-0.9254007325196484,0.1464498780464311,-1.2288927486711791,-1.1768923800548332,-1.1469071832564992,False,False,True,True,-0.4869411727668323,False,False
0.2227735690603451,0,0.2610710103011582,-1.0197399130157712,-1.0029610262683273,-0.6673540997861319,-0.914463361860432,0.2332727608290527,-0.1574308176398131,-0.0710153423957056,-0.884126636639982,0.3125580386802622,True,False,False,False,-1.47561159875381,False,False
-0.5721763247444642,1,-1.573189559483144,0.3784070253557006,1.3561285689092124,0.2403010248979152,0.8010048471747605,2.550619747526455,-0.0054904697966909,-1.0359131809586002,-1.1768923800548332,-1.1469071832564992,False,False,False,False,0.509294734350057,False,False
-0.7993048658315527,0,1.1782012951933094,-1.0197399130157712,-1.0029610262683273,-1.575009224470179,-1.022640612351146,0.2332727608290527,-1.37295360038479,-1.0359131809586002,-1.1768923800548332,-1.1469071832564992,False,False,False,False,-0.4793756916369207,False,False
-0.6857405952880085,0,0.2610710103011582,1.7765539637271726,0.1765837713204426,0.2403010248979152,-0.0629065098081829,0.2332727608290527,-0.0054904697966909,0.1219642253168732,-1.1768923800548332,0.8963441274549668,False,False,False,False,1.497965160337035,False,False
-0.45861205420092,0,-0.6560592745909929,0.3784070253557006,-1.0029610262683273,-0.6673540997861319,-0.839131014722052,-0.9254007325196484,0.2983902258895533,0.1219642253168732,0.872467823849125,0.8963441274549668,False,False,True,False,0.509294734350057,False,False
0.2227735690603451,0,-0.6560592745909929,-2.417886851387243,0.1765837713204426,1.1479561495819623,0.0928807840739871,0.2332727608290527,0.7542112694189196,-1.0359131809586002,-1.1768923800548332,-1.1469071832564992,False,False,False,True,-1.4680461176238986,False,False
0.7905949217780662,1,0.2610710103011582,-1.0197399130157712,-1.0029610262683273,0.2403010248979152,-0.9238045729055911,0.2332727608290527,-0.6132518611691794,-1.0359131809586002,-1.1768923800548332,-1.1469071832564992,True,False,False,True,-0.4793756916369207,False,False
0.677030651234522,0,-0.6560592745909929,0.3784070253557006,-1.0029610262683273,-0.6673540997861319,-0.824667204071483,2.550619747526455,-0.4613115133260573,-0.2639949101082846,-0.2985951498102796,0.0206649942929099,False,False,False,False,-0.4869411727668323,False,False
-0.3450477836573759,0,1.1782012951933094,0.3784070253557006,0.1765837713204426,-0.6673540997861319,-0.7375830107795155,1.391946254177754,0.1464498780464311,0.5079233607420311,1.1652335672639762,0.8963441274549668,False,False,False,False,-0.4869411727668323,False,False
0.5634663806909778,0,0.2610710103011582,0.3784070253557006,-1.0029610262683273,-1.575009224470179,-0.9684013224115124,1.391946254177754,-0.7651922090123016,-0.2639949101082846,-0.2985951498102796,0.0206649942929099,False,False,False,False,0.509294734350057,False,False
-0.2314835131138316,0,1.1782012951933094,0.3784070253557006,0.1765837713204426,0.2403010248979152,-0.4525254092078851,0.2332727608290527,0.7542112694189196,1.6658007670175043,2.921828027753083,0.8963441274549668,False,False,False,True,0.509294734350057,False,False
1.9262376272135084,0,-1.573189559483144,-1.0197399130157712,2.535673366497982,0.2403010248979152,2.248591229785873,2.550619747526455,2.577495443536385,-0.6499540455334424,-0.5913608932251309,-0.5631210944817947,False,False,False,True,-1.47561159875381,False,False
0.7905949217780662,0,-0.6560592745909929,0.3784070253557006,-1.0029610262683273,1.1479561495819623,-0.5917395867196116,-0.9254007325196484,-0.0054904697966909,0.5079233607420311,0.872467823849125,1.188237171842319,False,False,True,False,0.509294734350057,False,False
-0.2314835131138316,0,1.1782012951933094,-2.417886851387243,0.1765837713204426,1.1479561495819623,0.1585705907786546,-0.9254007325196484,-0.6132518611691794,-0.8429336132460213,-0.5913608932251309,-0.5631210944817947,False,False,True,False,-1.4680461176238986,False,False
-1.7078190301799063,1,-0.6560592745909929,0.3784070253557006,-1.0029610262683273,-0.6673540997861319,-0.8508828608756392,-0.9254007325196484,-1.37295360038479,-1.0359131809586002,-1.1768923800548332,-1.1469071832564992,False,True,True,False,0.509294734350057,False,False
0.2227735690603451,0,1.1782012951933094,-1.0197399130157712,-1.0029610262683273,0.2403010248979152,-0.5426228963853877,0.2332727608290527,-0.7651922090123016,-0.2639949101082846,-0.0058294063954284,0.0206649942929099,False,False,False,False,-0.4793756916369207,False,False
-1.594254759636362,1,0.2610710103011582,0.3784070253557006,-1.0029610262683273,-1.575009224470179,-0.9355564190591784,-0.9254007325196484,-1.37295360038479,-1.0359131809586002,-1.1768923800548332,-1.1469071832564992,False,False,False,True,0.509294734350057,False,False
-0.5721763247444642,0,-1.573189559483144,-1.0197399130157712,0.1765837713204426,1.1479561495819623,-0.0104751961998704,1.391946254177754,0.4503305737326754,1.086862063879768,0.872467823849125,0.8963441274549668,False,False,False,False,-0.4793756916369207,False,False
1.69910908612642,0,-1.573189559483144,0.3784070253557006,1.3561285689092124,0.2403010248979152,2.294091967457455,-0.9254007325196484,0.7542112694189196,-0.8429336132460213,-0.5913608932251309,-0.5631210944817947,False,False,False,False,0.509294734350057,False,False
0.1092092985168009,0,-0.6560592745909929,-1.0197399130157712,0.1765837713204426,-0.6673540997861319,-0.3958754841598232,1.391946254177754,-0.7651922090123016,-0.2639949101082846,-0.5913608932251309,-0.2712280500944423,False,False,False,False,-0.4793756916369207,False,False
-0.0043549720267432,0,1.1782012951933094,0.3784070253557006,1.3561285689092124,-1.575009224470179,0.8492175493433237,0.2332727608290527,0.7542112694189196,1.086862063879768,1.1652335672639762,0.8963441274549668,False,False,False,True,0.509294734350057,False,False
0.9041591923216103,1,0.2610710103011582,0.3784070253557006,-1.0029610262683273,-0.6673540997861319,-0.9524308648181756,2.550619747526455,-0.6132518611691794,-0.2639949101082846,-0.2985951498102796,-0.2712280500944423,True,False,False,True,-0.4869411727668323,False,False
0.1092092985168009,0,0.2610710103011582,0.3784070253557006,0.1765837713204426,-0.6673540997861319,-0.4314323520091386,-0.9254007325196484,1.361972660791408,0.70090292845461,-1.1768923800548332,0.8963441274549668,False,False,False,False,-0.4869411727668323,False,False
-0.1179192425702874,1,0.2610710103011582,0.3784070253557006,0.1765837713204426,1.1479561495819623,0.0934834428510942,-0.9254007325196484,-0.0054904697966909,0.70090292845461,0.872467823849125,0.8963441274549668,False,False,True,True,0.509294734350057,False,False
-0.3450477836573759,0,1.1782012951933094,1.7765539637271726,-1.0029610262683273,-1.575009224470179,-0.7110660245868057,0.2332727608290527,0.6022709215757975,0.70090292845461,1.1652335672639762,0.6044510830676145,False,False,False,False,1.497965160337035,False,False
-0.9128691363750968,0,0.2610710103011582,0.3784070253557006,-1.0029610262683273,1.1479561495819623,-1.0422270226071249,0.2332727608290527,-0.7651922090123016,-0.2639949101082846,-0.2985951498102796,-0.2712280500944423,False,False,False,False,1.5055306414669463,False,False
0.3363378396038894,0,0.2610710103011582,0.3784070253557006,1.3561285689092124,0.2403010248979152,2.39895459467408,-0.9254007325196484,-0.1574308176398131,-0.4569744778208635,-0.2985951498102796,-0.5631210944817947,False,False,True,False,0.509294734350057,False,False
1.1312877334086988,0,-0.6560592745909929,-1.0197399130157712,0.1765837713204426,-0.6673540997861319,0.749778851120662,-0.9254007325196484,-0.6132518611691794,-0.8429336132460213,-0.5913608932251309,-0.5631210944817947,False,False,True,False,-0.4793756916369207,False,False
0.4499021101474336,0,0.2610710103011582,0.3784070253557006,-1.0029610262683273,-1.575009224470179,-0.6405549476652819,0.2332727608290527,-0.4613115133260573,-0.4569744778208635,-0.2985951498102796,-0.5631210944817947,False,False,False,False,-0.4869411727668323,False,False
0.677030651234522,0,-0.6560592745909929,1.7765539637271726,0.1765837713204426,-1.575009224470179,0.010617860998876,1.391946254177754,-0.0054904697966909,-1.2288927486711791,-1.1768923800548332,-1.1469071832564992,False,False,False,False,0.5017292532201456,False,False
-0.1179192425702874,0,-0.6560592745909929,0.3784070253557006,0.1765837713204426,1.1479561495819623,0.0781156440348646,0.2332727608290527,0.7542112694189196,0.1219642253168732,0.872467823849125,0.8963441274549668,False,False,False,False,0.509294734350057,False,False
0.2227735690603451,0,-1.573189559483144,0.3784070253557006,-1.0029610262683273,-0.6673540997861319,-0.8770985176797955,2.550619747526455,0.4503305737326754,0.893882496167189,1.7507650540936786,1.188237171842319,False,False,False,False,0.509294734350057,False,False
-0.2314835131138316,1,1.1782012951933094,0.3784070253557006,0.1765837713204426,-1.575009224470179,-0.0472373816033999,0.2332727608290527,0.1464498780464311,0.1219642253168732,-0.884126636639982,0.8963441274549668,True,False,False,False,-0.4869411727668323,False,False
0.1092092985168009,1,1.1782012951933094,0.3784070253557006,0.1765837713204426,-1.575009224470179,-0.3886435788345387,-0.9254007325196484,-0.0054904697966909,0.70090292845461,-0.2985951498102796,1.188237171842319,False,False,True,False,-1.4831770798837216,False,False
0.3363378396038894,0,0.2610710103011582,0.3784070253557006,0.1765837713204426,1.1479561495819623,-0.4145579062501415,0.2332727608290527,-0.4613115133260573,-0.8429336132460213,-0.884126636639982,-0.5631210944817947,True,False,False,False,0.509294734350057,False,False
0.7905949217780662,0,-1.573189559483144,0.3784070253557006,-1.0029610262683273,0.2403010248979152,-0.9235032435170376,-0.9254007325196484,-0.4613115133260573,-0.6499540455334424,-0.5913608932251309,-0.5631210944817947,False,False,True,False,-0.4869411727668323,False,False
0.5634663806909778,0,-0.6560592745909929,1.7765539637271726,0.1765837713204426,-0.6673540997861319,0.4119886065521654,-0.9254007325196484,0.1464498780464311,-0.6499540455334424,-0.5913608932251309,-0.5631210944817947,False,False,True,False,-0.4945066538967433,False,False
0.5634663806909778,0,0.2610710103011582,0.3784070253557006,1.3561285689092124,0.2403010248979152,1.4898438294081084,0.2332727608290527,1.9697340521638969,3.016657741005557,2.921828027753083,0.3125580386802622,False,False,False,True,1.5055306414669463,False,False
-0.6857405952880085,0,-1.573189559483144,0.3784070253557006,1.3561285689092124,0.2403010248979152,1.2548069063363625,-0.9254007325196484,-0.1574308176398131,0.1219642253168732,0.872467823849125,-0.5631210944817947,False,False,True,False,0.509294734350057,False,False
-1.1399976774621854,1,1.1782012951933094,0.3784070253557006,-1.0029610262683273,-0.6673540997861319,-1.0108887661975587,-0.9254007325196484,-0.6132518611691794,-0.2639949101082846,-0.884126636639982,0.0206649942929099,False,False,False,True,0.509294734350057,False,False
1.1312877334086988,1,1.1782012951933094,0.3784070253557006,0.1765837713204426,-0.6673540997861319,1.0315218294182038,0.2332727608290527,0.4503305737326754,0.5079233607420311,0.872467823849125,0.8963441274549668,False,False,False,False,1.5055306414669463,False,False
0.4499021101474336,0,0.2610710103011582,0.3784070253557006,0.1765837713204426,1.1479561495819623,0.3044140148385585,0.2332727608290527,0.2983902258895533,-0.2639949101082846,-0.2985951498102796,-0.2712280500944423,False,False,False,False,0.509294734350057,False,False
-0.2314835131138316,0,-0.6560592745909929,1.7765539637271726,0.1765837713204426,0.2403010248979152,0.3905942199648655,1.391946254177754,-0.0054904697966909,0.70090292845461,1.1652335672639762,1.188237171842319,False,False,False,False,1.497965160337035,False,False
2.4940589799312294,0,-0.6560592745909929,0.3784070253557006,2.535673366497982,-0.6673540997861319,3.250812776114883,0.2332727608290527,4.096898921967606,1.8587803347300835,1.4579993106788274,2.9395954381664327,False,False,False,False,-0.4869411727668323,False,False
-0.1179192425702874,0,-0.6560592745909929,-2.417886851387243,-1.0029610262683273,0.2403010248979152,-0.8430482967732478,0.2332727608290527,-0.6132518611691794,-0.2639949101082846,-0.0058294063954284,-0.2712280500944423,False,False,False,False,-0.47181021050700933,False,False
1.244852003952243,0,0.2610710103011582,-1.0197399130157712,1.3561285689092124,-0.6673540997861319,1.4554922791130072,0.2332727608290527,2.7294357913795078,3.016657741005557,2.04353079750853,1.7720232606170236,False,False,False,True,-0.4793756916369207,False,False
0.4499021101474336,0,-0.6560592745909929,0.3784070253557006,0.1765837713204426,-1.575009224470179,-0.3178311725244613,0.2332727608290527,0.7542112694189196,0.1219642253168732,-0.0058294063954284,0.8963441274549668,False,False,False,False,0.509294734350057,False,False
2.0398018977570525,0,1.1782012951933094,0.3784070253557006,0.1765837713204426,1.1479561495819623,0.4071673363353091,0.2332727608290527,0.6022709215757975,0.1219642253168732,-0.884126636639982,0.8963441274549668,False,False,False,False,-0.4869411727668323,False,False
-0.5721763247444642,0,-1.573189559483144,0.3784070253557006,1.3561285689092124,-1.575009224470179,1.2457670246797568,1.391946254177754,-0.1574308176398131,-0.6499540455334424,-0.5913608932251309,-0.5631210944817947,True,False,False,False,0.509294734350057,False,False
-0.9128691363750968,0,0.2610710103011582,0.3784070253557006,-1.0029610262683273,-1.575009224470179,-0.5760704585148285,0.2332727608290527,-1.069072904698546,-0.6499540455334424,-0.5913608932251309,-0.5631210944817947,False,False,False,False,0.509294734350057,False,False
0.2227735690603451,0,-0.6560592745909929,-2.417886851387243,0.1765837713204426,1.1479561495819623,-0.0294589476787422,1.391946254177754,1.5139130086345305,-0.4569744778208635,-0.5913608932251309,-0.2712280500944423,False,True,False,True,-2.464282024740788,False,False
-1.1399976774621854,0,0.2610710103011582,0.3784070253557006,0.1765837713204426,1.1479561495819623,-0.2467174368258305,-0.9254007325196484,-0.7651922090123016,-0.2639949101082846,-0.2985951498102796,-0.5631210944817947,False,False,True,False,0.509294734350057,False,False
2.4940589799312294,0,-1.573189559483144,0.3784070253557006,2.535673366497982,0.2403010248979152,3.098942764283908,-0.9254007325196484,1.9697340521638969,-0.8429336132460213,-0.5913608932251309,-0.5631210944817947,True,False,False,True,0.509294734350057,False,False
-2.048511841810539,0,-0.6560592745909929,0.3784070253557006,-1.0029610262683273,0.2403010248979152,-1.2019315985404908,-0.9254007325196484,-1.5248939482279122,-1.2288927486711791,-1.1768923800548332,-1.1469071832564992,False,False,True,False,-1.4831770798837216,False,False
-0.5721763247444642,1,1.1782012951933094,1.7765539637271726,-1.0029610262683273,-1.575009224470179,-0.767414620246314,-0.9254007325196484,-1.221013252541668,-1.0359131809586002,-1.1768923800548332,-1.1469071832564992,False,False,False,False,1.497965160337035,False,False
-0.7993048658315527,1,-1.573189559483144,-1.0197399130157712,-1.0029610262683273,-1.575009224470179,-0.9545401705380504,2.550619747526455,-0.9171325568554236,-0.8429336132460213,-0.5913608932251309,-1.1469071832564992,False,False,False,True,-0.4793756916369207,False,False
1.0177234628651546,0,0.2610710103011582,0.3784070253557006,0.1765837713204426,0.2403010248979152,-0.1050926242056758,1.391946254177754,-0.0054904697966909,0.3149437930294522,0.872467823849125,0.8963441274549668,False,False,False,False,1.5055306414669463,False,False
-0.0043549720267432,0,1.1782012951933094,0.3784070253557006,0.1765837713204426,-0.6673540997861319,0.4397109102990893,0.2332727608290527,0.7542112694189196,-1.0359131809586002,-1.1768923800548332,-1.1469071832564992,False,False,False,True,0.509294734350057,False,False
0.7905949217780662,0,-1.573189559483144,0.3784070253557006,0.1765837713204426,1.1479561495819623,0.0518999872307083,0.2332727608290527,-0.4613115133260573,0.1219642253168732,0.872467823849125,0.8963441274549668,True,False,False,False,0.509294734350057,False,False
-1.0264334069186412,0,1.1782012951933094,0.3784070253557006,-1.0029610262683273,1.1479561495819623,-0.9412816774416954,-0.9254007325196484,-0.6132518611691794,-0.2639949101082846,-0.0058294063954284,-0.5631210944817947,True,False,True,True,-0.4869411727668323,False,False
-0.7993048658315527,0,1.1782012951933094,0.3784070253557006,-1.0029610262683273,1.1479561495819623,-0.5094766636445005,-0.9254007325196484,0.1464498780464311,0.893882496167189,1.1652335672639762,1.7720232606170236,True,False,False,False,1.5055306414669463,False,False
-0.45861205420092,0,1.1782012951933094,0.3784070253557006,0.1765837713204426,1.1479561495819623,-0.2575652948137573,-0.9254007325196484,-0.9171325568554236,-1.2288927486711791,-1.1768923800548332,-1.1469071832564992,True,False,True,False,1.5055306414669463,False,False
0.677030651234522,0,0.2610710103011582,0.3784070253557006,-1.0029610262683273,0.2403010248979152,-0.7734412080173845,1.391946254177754,-0.0054904697966909,-0.0710153423957056,-0.2985951498102796,-0.2712280500944423,False,False,False,False,-0.4869411727668323,False,False
1.244852003952243,0,-0.6560592745909929,0.3784070253557006,-1.0029610262683273,0.2403010248979152,-1.0238459299053602,-0.9254007325196484,-0.4613115133260573,-0.8429336132460213,-0.5913608932251309,-1.1469071832564992,False,False,True,False,0.509294734350057,False,False
1.1312877334086988,0,1.1782012951933094,0.3784070253557006,1.3561285689092124,1.1479561495819623,0.9266592022015786,0.2332727608290527,0.2983902258895533,0.5079233607420311,1.1652335672639762,0.8963441274549668,False,False,False,False,-0.4869411727668323,False,False
-0.9128691363750968,0,0.2610710103011582,0.3784070253557006,-1.0029610262683273,1.1479561495819623,-0.8427469673846942,0.2332727608290527,-1.069072904698546,-0.6499540455334424,-0.5913608932251309,-0.5631210944817947,False,False,False,False,0.509294734350057,False,False
-0.7993048658315527,0,1.1782012951933094,-2.417886851387243,0.1765837713204426,0.2403010248979152,0.2655425237151544,1.391946254177754,0.1464498780464311,0.1219642253168732,-1.1768923800548332,0.6044510830676145,False,False,False,False,-1.4680461176238986,False,False
0.677030651234522,0,1.1782012951933094,0.3784070253557006,-1.0029610262683273,0.2403010248979152,-0.4624692790301512,-0.9254007325196484,-0.3093711654829352,-1.2288927486711791,-1.1768923800548332,-1.1469071832564992,False,False,True,False,0.509294734350057,False,False
-0.45861205420092,1,0.2610710103011582,-1.0197399130157712,0.1765837713204426,-0.6673540997861319,1.327125959589207,-0.9254007325196484,-0.4613115133260573,-0.8429336132460213,-0.5913608932251309,-0.5631210944817947,False,False,True,True,-1.47561159875381,False,False
1.1312877334086988,0,-1.573189559483144,1.7765539637271726,2.535673366497982,-1.575009224470179,2.3269368708097886,0.2332727608290527,2.2736147478501407,2.43771903786782,3.800125257997637,1.188237171842319,False,False,False,False,1.497965160337035,False,False
-1.0264334069186412,0,-0.6560592745909929,-1.0197399130157712,0.1765837713204426,0.2403010248979152,-0.591438257331058,0.2332727608290527,-0.1574308176398131,0.5079233607420311,1.1652335672639762,1.188237171842319,False,True,False,False,-0.4793756916369207,False,False
-0.7993048658315527,0,1.1782012951933094,-1.0197399130157712,-1.0029610262683273,-0.6673540997861319,-0.8132166873064491,-0.9254007325196484,-1.37295360038479,-1.0359131809586002,-1.1768923800548332,-1.1469071832564992,False,False,False,False,-0.4793756916369207,False,False
-0.7993048658315527,1,1.1782012951933094,-1.0197399130157712,-1.0029610262683273,1.1479561495819623,-0.9232019141284842,-0.9254007325196484,-1.37295360038479,-1.0359131809586002,-1.1768923800548332,-1.1469071832564992,True,False,True,True,-1.47561159875381,False,False
1.1312877334086988,1,0.2610710103011582,0.3784070253557006,1.3561285689092124,-0.6673540997861319,0.5457788550699285,2.550619747526455,0.6022709215757975,0.3149437930294522,0.872467823849125,0.8963441274549668,False,False,False,False,0.509294734350057,False,False
-1.0264334069186412,0,1.1782012951933094,-1.0197399130157712,-1.0029610262683273,-1.575009224470179,-0.2195977918560136,0.2332727608290527,-0.3093711654829352,0.1219642253168732,0.5797020804342738,-0.2712280500944423,True,False,False,False,-1.47561159875381,False,False
0.3363378396038894,0,1.1782012951933094,0.3784070253557006,0.1765837713204426,1.1479561495819623,-0.4823570186746836,2.550619747526455,-0.4613115133260573,-0.8429336132460213,-0.5913608932251309,-0.5631210944817947,False,False,False,False,0.509294734350057,False,False
2.1533661683005967,0,-0.6560592745909929,-1.0197399130157712,-1.0029610262683273,1.1479561495819623,-0.8560054604810491,0.2332727608290527,1.361972660791408,-0.2639949101082846,-0.5913608932251309,0.0206649942929099,False,False,False,False,0.5168602154799685,False,False
-0.9128691363750968,0,-0.6560592745909929,0.3784070253557006,-1.0029610262683273,-0.6673540997861319,-0.7975475591016661,0.2332727608290527,-1.37295360038479,-1.0359131809586002,-1.1768923800548332,-1.1469071832564992,False,True,False,False,0.509294734350057,False,False
-0.6857405952880085,1,-0.6560592745909929,0.3784070253557006,-1.0029610262683273,1.1479561495819623,-1.332407223784165,-0.9254007325196484,-1.37295360038479,-1.0359131809586002,-1.1768923800548332,-1.1469071832564992,False,True,True,False,-0.4869411727668323,False,False
-1.594254759636362,1,1.1782012951933094,0.3784070253557006,-1.0029610262683273,-0.6673540997861319,-0.913258044306218,-0.9254007325196484,-1.37295360038479,-1.0359131809586002,-1.1768923800548332,-1.1469071832564992,False,False,True,True,0.509294734350057,False,False
-0.0043549720267432,0,-0.6560592745909929,-1.0197399130157712,0.1765837713204426,0.2403010248979152,0.0512973284536013,0.2332727608290527,-0.0054904697966909,0.70090292845461,1.4579993106788274,0.8963441274549668,False,False,False,True,-0.4793756916369207,False,False
-0.5721763247444642,0,-0.6560592745909929,0.3784070253557006,0.1765837713204426,0.2403010248979152,-0.393464849051395,0.2332727608290527,-0.0054904697966909,0.70090292845461,1.1652335672639762,-0.5631210944817947,False,False,False,False,0.509294734350057,False,False
-0.2314835131138316,0,0.2610710103011582,0.3784070253557006,1.3561285689092124,1.1479561495819623,1.2686680582098244,2.550619747526455,-0.1574308176398131,-0.2639949101082846,-0.2985951498102796,-1.1469071832564992,False,False,False,True,0.509294734350057,False,False
-0.7993048658315527,0,1.1782012951933094,0.3784070253557006,-1.0029610262683273,-1.575009224470179,-1.0368030936131614,-0.9254007325196484,0.1464498780464311,-0.6499540455334424,-0.5913608932251309,-0.5631210944817947,False,False,True,False,0.509294734350057,False,False
0.1092092985168009,0,1.1782012951933094,0.3784070253557006,0.1765837713204426,-1.575009224470179,-0.3672491922472387,0.2332727608290527,0.9061516172620416,-0.2639949101082846,-0.2985951498102796,0.0206649942929099,False,False,False,True,0.509294734350057,False,False
-0.1179192425702874,0,1.1782012951933094,-1.0197399130157712,0.1765837713204426,-0.6673540997861319,-0.2153791804162644,-0.9254007325196484,-0.9171325568554236,-0.6499540455334424,-0.5913608932251309,-0.5631210944817947,False,False,False,True,-0.4793756916369207,False,False
1.0177234628651546,0,-0.6560592745909929,-1.0197399130157712,0.1765837713204426,1.1479561495819623,0.1215070759865716,1.391946254177754,-0.0054904697966909,0.5079233607420311,1.1652335672639762,1.188237171842319,False,False,False,False,-1.47561159875381,False,False
-0.0043549720267432,0,-0.6560592745909929,-1.0197399130157712,0.1765837713204426,1.1479561495819623,-0.4871782888915399,-0.9254007325196484,-0.0054904697966909,0.70090292845461,-0.884126636639982,1.188237171842319,True,False,True,False,-1.47561159875381,False,False
-1.1399976774621854,0,-0.6560592745909929,-1.0197399130157712,-1.0029610262683273,0.2403010248979152,-0.7743451961830451,0.2332727608290527,-1.37295360038479,-1.0359131809586002,-1.1768923800548332,-1.1469071832564992,False,False,False,True,-1.47561159875381,False,False
-1.0264334069186412,0,-1.573189559483144,1.7765539637271726,0.1765837713204426,0.2403010248979152,0.3004967327873628,-0.9254007325196484,-0.1574308176398131,0.3149437930294522,0.872467823849125,0.8963441274549668,False,False,True,False,0.5017292532201456,False,False
0.9041591923216103,0,-0.6560592745909929,1.7765539637271726,0.1765837713204426,-1.575009224470179,-0.1415534802206518,0.2332727608290527,-0.0054904697966909,-0.8429336132460213,-1.1768923800548332,-0.5631210944817947,False,False,False,False,1.497965160337035,False,False
-0.2314835131138316,1,1.1782012951933094,-2.417886851387243,-1.0029610262683273,-1.575009224470179,-0.962977393417549,0.2332727608290527,-0.7651922090123016,-0.2639949101082846,-0.5913608932251309,-1.1469071832564992,False,False,False,True,-1.4680461176238986,False,False
2.266930438844141,1,-1.573189559483144,0.3784070253557006,-1.0029610262683273,1.1479561495819623,-0.8786051646225631,-0.9254007325196484,-0.7651922090123016,-0.4569744778208635,-0.5913608932251309,-1.1469071832564992,False,False,True,False,0.509294734350057,False,False
-0.0043549720267432,0,0.2610710103011582,-1.0197399130157712,0.1765837713204426,-0.6673540997861319,0.0012766499537168,1.391946254177754,0.2983902258895533,-0.4569744778208635,-0.5913608932251309,-0.2712280500944423,False,False,False,False,-2.471847505870699,False,False
0.5634663806909778,0,0.2610710103011582,0.3784070253557006,0.1765837713204426,-0.6673540997861319,-0.334404288894905,0.2332727608290527,0.6022709215757975,-0.2639949101082846,-0.0058294063954284,0.0206649942929099,False,False,False,False,0.509294734350057,False,False
0.677030651234522,0,0.2610710103011582,0.3784070253557006,1.3561285689092124,-1.575009224470179,2.364000385601872,0.2332727608290527,1.210032312948286,1.2798416315923469,0.872467823849125,0.8963441274549668,False,False,False,False,1.5055306414669463,False,False
-0.5721763247444642,0,0.2610710103011582,0.3784070253557006,0.1765837713204426,1.1479561495819623,0.325507072037305,0.2332727608290527,-0.3093711654829352,-0.2639949101082846,-0.5913608932251309,0.0206649942929099,False,False,False,True,0.509294734350057,False,False
-0.2314835131138316,0,1.1782012951933094,-1.0197399130157712,0.1765837713204426,1.1479561495819623,0.7835277426386563,-0.9254007325196484,-0.1574308176398131,-0.4569744778208635,-0.5913608932251309,-0.8550141388691469,False,False,False,True,-1.47561159875381,False,False
-0.5721763247444642,0,-1.573189559483144,1.7765539637271726,-1.0029610262683273,0.2403010248979152,-0.459455985144616,0.2332727608290527,-0.9171325568554236,-0.8429336132460213,-0.5913608932251309,-0.5631210944817947,False,False,False,False,0.5017292532201456,False,False
-1.1399976774621854,0,0.2610710103011582,1.7765539637271726,-1.0029610262683273,1.1479561495819623,-0.8915623283303645,0.2332727608290527,-0.3093711654829352,0.1219642253168732,0.872467823849125,0.8963441274549668,True,False,False,False,1.497965160337035,False,False
1.0177234628651546,0,-0.6560592745909929,0.3784070253557006,0.1765837713204426,0.2403010248979152,-0.0312669240100633,-0.9254007325196484,0.2983902258895533,-0.4569744778208635,-0.5913608932251309,-0.2712280500944423,True,False,True,False,0.509294734350057,False,False
-0.3450477836573759,0,-0.6560592745909929,0.3784070253557006,0.1765837713204426,0.2403010248979152,-0.0047499378173535,-0.9254007325196484,-0.0054904697966909,0.70090292845461,-0.0058294063954284,1.4801302162296714,False,False,True,False,-0.4869411727668323,False,False
-0.9128691363750968,0,0.2610710103011582,-1.0197399130157712,0.1765837713204426,1.1479561495819623,0.4011407485642387,0.2332727608290527,-0.4613115133260573,0.1219642253168732,0.872467823849125,0.8963441274549668,True,False,False,True,-0.4793756916369207,False,False
-0.7993048658315527,1,0.2610710103011582,1.7765539637271726,-1.0029610262683273,-1.575009224470179,-1.32939392989863,-0.9254007325196484,-1.37295360038479,-1.0359131809586002,-1.1768923800548332,-1.1469071832564992,True,True,True,False,1.497965160337035,False,False
0.3363378396038894,0,-1.573189559483144,-2.417886851387243,0.1765837713204426,0.2403010248979152,0.0702810799324731,0.2332727608290527,-0.0054904697966909,-0.6499540455334424,-0.5913608932251309,-0.5631210944817947,False,False,False,False,-1.4680461176238986,False,False
-1.0264334069186412,0,-0.6560592745909929,0.3784070253557006,-1.0029610262683273,-0.6673540997861319,-0.987385073890384,0.2332727608290527,-0.6132518611691794,-0.2639949101082846,-0.2985951498102796,-0.5631210944817947,False,False,False,False,-0.4869411727668323,False,False
-0.2314835131138316,0,0.2610710103011582,-1.0197399130157712,0.1765837713204426,1.1479561495819623,0.0735957032065618,-0.9254007325196484,0.9061516172620416,1.6658007670175043,1.7507650540936786,2.063916305004376,True,False,False,True,-0.4793756916369207,False,False
-0.9128691363750968,1,1.1782012951933094,0.3784070253557006,0.1765837713204426,0.2403010248979152,1.3111555019958707,-0.9254007325196484,-0.6132518611691794,-0.8429336132460213,-1.1768923800548332,-0.5631210944817947,False,False,True,True,0.509294734350057,False,False
1.244852003952243,0,0.2610710103011582,0.3784070253557006,0.1765837713204426,-0.6673540997861319,-0.0107765255884239,0.2332727608290527,0.9061516172620416,0.3149437930294522,0.872467823849125,0.8963441274549668,False,False,False,False,1.5055306414669463,False,False
2.266930438844141,0,1.1782012951933094,-1.0197399130157712,0.1765837713204426,-1.575009224470179,-0.0369921823925802,0.2332727608290527,-0.6132518611691794,-1.2288927486711791,-1.1768923800548332,-1.1469071832564992,False,False,False,False,-0.4793756916369207,False,False
0.3363378396038894,0,-1.573189559483144,0.3784070253557006,0.1765837713204426,-1.575009224470179,-0.1059966123713364,0.2332727608290527,-0.0054904697966909,0.70090292845461,-1.1768923800548332,1.4801302162296714,False,False,False,False,0.509294734350057,False,False
0.2227735690603451,0,1.1782012951933094,-1.0197399130157712,0.1765837713204426,-0.6673540997861319,-1.0154087070258615,0.2332727608290527,1.5139130086345305,2.630698605580399,2.04353079750853,0.8963441274549668,True,False,False,True,-0.4793756916369207,False,False
-0.45861205420092,1,-1.573189559483144,1.7765539637271726,-1.0029610262683273,0.2403010248979152,-0.9253112198483588,-0.9254007325196484,-0.3093711654829352,-0.4569744778208635,-0.884126636639982,-0.2712280500944423,True,False,True,True,1.497965160337035,False,False
0.2227735690603451,0,-0.6560592745909929,0.3784070253557006,-1.0029610262683273,1.1479561495819623,-0.2205017800216742,1.391946254177754,-0.0054904697966909,-0.2639949101082846,-0.5913608932251309,-0.2712280500944423,False,False,False,False,1.5055306414669463,False,False
0.677030651234522,0,-0.6560592745909929,0.3784070253557006,0.1765837713204426,1.1479561495819623,-0.1252816932387617,1.391946254177754,0.6022709215757975,-1.2288927486711791,-1.1768923800548332,-1.1469071832564992,False,False,False,True,0.509294734350057,False,False
-1.0264334069186412,1,-1.573189559483144,-1.0197399130157712,-1.0029610262683273,-0.6673540997861319,-0.7954382533817915,-0.9254007325196484,-1.37295360038479,-1.0359131809586002,-1.1768923800548332,-1.1469071832564992,True,False,False,False,-0.4793756916369207,False,False
-0.1179192425702874,0,-0.6560592745909929,0.3784070253557006,0.1765837713204426,-1.575009224470179,0.017548436935607,0.2332727608290527,-0.6132518611691794,-0.2639949101082846,-0.2985951498102796,0.0206649942929099,False,False,False,False,-1.4831770798837216,False,False
-0.9128691363750968,0,0.2610710103011582,0.3784070253557006,-1.0029610262683273,0.2403010248979152,-1.012094083751773,-0.9254007325196484,-0.7651922090123016,-0.2639949101082846,-0.2985951498102796,0.0206649942929099,False,False,True,False,-0.4869411727668323,False,False
-0.5721763247444642,0,0.2610710103011582,0.3784070253557006,-1.0029610262683273,-1.575009224470179,-0.7345697168939803,0.2332727608290527,-0.9171325568554236,-0.4569744778208635,-0.5913608932251309,-0.2712280500944423,False,False,False,True,1.5055306414669463,False,False
-0.0043549720267432,0,-1.573189559483144,1.7765539637271726,-1.0029610262683273,-0.6673540997861319,-0.811408710975128,-0.9254007325196484,-0.7651922090123016,-0.2639949101082846,-0.0058294063954284,-0.5631210944817947,False,False,False,False,1.497965160337035,False,False
-0.2314835131138316,0,-1.573189559483144,0.3784070253557006,1.3561285689092124,1.1479561495819623,1.3214007012066904,-0.9254007325196484,0.6022709215757975,1.4728211993049256,1.1652335672639762,-0.8550141388691469,False,False,True,False,-0.4869411727668323,False,False
-0.2314835131138316,0,1.1782012951933094,0.3784070253557006,1.3561285689092124,0.2403010248979152,0.9417256716292546,0.2332727608290527,-0.1574308176398131,0.3149437930294522,0.872467823849125,-0.8550141388691469,False,False,False,False,-0.4869411727668323,False,False
-1.1399976774621854,0,0.2610710103011582,0.3784070253557006,-1.0029610262683273,-1.575009224470179,-0.7942329358275774,-0.9254007325196484,-0.3093711654829352,0.1219642253168732,0.872467823849125,0.6044510830676145,False,False,True,False,-0.4869411727668323,False,False
-0.7993048658315527,0,-1.573189559483144,0.3784070253557006,0.1765837713204426,-1.575009224470179,-0.0391014881124548,0.2332727608290527,-0.6132518611691794,-0.2639949101082846,-0.2985951498102796,-0.5631210944817947,False,False,False,False,-0.4869411727668323,False,False
-0.45861205420092,0,0.2610710103011582,0.3784070253557006,0.1765837713204426,1.1479561495819623,0.3508187406758007,0.2332727608290527,-0.1574308176398131,-0.2639949101082846,-0.884126636639982,-0.5631210944817947,False,False,False,False,0.509294734350057,False,False
-0.5721763247444642,0,1.1782012951933094,-2.417886851387243,0.1765837713204426,-1.575009224470179,-0.1505933618772574,-0.9254007325196484,-0.0054904697966909,0.70090292845461,1.1652335672639762,0.8963441274549668,True,False,False,False,-1.4680461176238986,False,False
-0.9128691363750968,1,0.2610710103011582,-1.0197399130157712,-1.0029610262683273,1.1479561495819623,-0.9448976301043376,0.2332727608290527,-0.6132518611691794,-0.4569744778208635,-0.884126636639982,-0.2712280500944423,False,False,False,False,-1.47561159875381,False,False
0.2227735690603451,0,-1.573189559483144,-1.0197399130157712,-1.0029610262683273,-1.575009224470179,-0.7969449003245591,-0.9254007325196484,1.5139130086345305,-1.0359131809586002,-1.1768923800548332,-1.1469071832564992,False,True,True,False,-1.47561159875381,False,False
-0.1179192425702874,0,0.2610710103011582,0.3784070253557006,0.1765837713204426,1.1479561495819623,-0.0900261547779998,-0.9254007325196484,-0.0054904697966909,0.70090292845461,1.1652335672639762,1.4801302162296714,False,False,False,True,0.509294734350057,False,False
-1.0264334069186412,0,1.1782012951933094,0.3784070253557006,0.1765837713204426,1.1479561495819623,-0.4211871527983189,-0.9254007325196484,-0.4613115133260573,0.1219642253168732,0.872467823849125,0.8963441274549668,False,False,True,False,0.509294734350057,False,False
-0.45861205420092,0,1.1782012951933094,-1.0197399130157712,0.1765837713204426,1.1479561495819623,1.2584228589990047,-0.9254007325196484,-0.3093711654829352,-1.0359131809586002,-1.1768923800548332,-1.1469071832564992,False,False,True,False,-0.4793756916369207,False,False
-0.5721763247444642,1,-1.573189559483144,0.3784070253557006,0.1765837713204426,1.1479561495819623,0.0344228826946041,-0.9254007325196484,-0.0054904697966909,0.70090292845461,0.872467823849125,1.188237171842319,True,False,False,True,0.509294734350057,False,False
1.9262376272135084,1,-1.573189559483144,0.3784070253557006,1.3561285689092124,-1.575009224470179,1.490145158796662,-0.9254007325196484,0.7542112694189196,-0.8429336132460213,-0.5913608932251309,-0.5631210944817947,False,False,True,True,-0.4869411727668323,False,False
2.0398018977570525,0,-1.573189559483144,0.3784070253557006,0.1765837713204426,0.2403010248979152,-0.7851930541709717,1.391946254177754,-0.1574308176398131,-0.4569744778208635,-0.2985951498102796,-0.2712280500944423,False,False,False,False,-0.4869411727668323,False,False
-0.3450477836573759,0,1.1782012951933094,0.3784070253557006,0.1765837713204426,0.2403010248979152,0.1401894980768898,2.550619747526455,-0.1574308176398131,0.5079233607420311,0.872467823849125,1.188237171842319,True,False,False,False,0.509294734350057,False,False
0.7905949217780662,0,-1.573189559483144,0.3784070253557006,1.3561285689092124,0.2403010248979152,0.6048394152264186,0.2332727608290527,-0.0054904697966909,0.70090292845461,1.4579993106788274,1.4801302162296714,False,False,False,False,0.509294734350057,False,False
0.2227735690603451,0,1.1782012951933094,0.3784070253557006,-1.0029610262683273,-0.6673540997861319,-0.7568680916469408,0.2332727608290527,-0.4613115133260573,-0.0710153423957056,-0.5913608932251309,-0.5631210944817947,True,False,False,True,0.509294734350057,False,False
-0.5721763247444642,0,1.1782012951933094,-2.417886851387243,-1.0029610262683273,1.1479561495819623,-1.317943413133596,2.550619747526455,-1.37295360038479,-1.0359131809586002,-1.1768923800548332,-1.1469071832564992,False,False,False,True,-1.4680461176238986,False,False
0.3363378396038894,0,-0.6560592745909929,0.3784070253557006,2.535673366497982,-1.575009224470179,2.361891079881997,-0.9254007325196484,1.6658533564776523,2.630698605580399,1.1652335672639762,1.7720232606170236,False,False,True,False,0.509294734350057,False,False
0.677030651234522,0,1.1782012951933094,-1.0197399130157712,0.1765837713204426,0.2403010248979152,-0.3527853815966698,-0.9254007325196484,1.5139130086345305,2.630698605580399,1.4579993106788274,0.8963441274549668,False,False,True,False,-0.4793756916369207,False,False
-0.5721763247444642,0,0.2610710103011582,0.3784070253557006,1.3561285689092124,0.2403010248979152,1.6658201923233644,0.2332727608290527,0.4503305737326754,0.893882496167189,0.872467823849125,1.188237171842319,False,False,False,False,1.5055306414669463,False,False
2.0398018977570525,0,0.2610710103011582,0.3784070253557006,0.1765837713204426,-1.575009224470179,-0.3202418076328895,-0.9254007325196484,-0.1574308176398131,-0.2639949101082846,-0.5913608932251309,0.0206649942929099,False,False,True,True,0.509294734350057,False,False
-1.3671262185492736,0,-0.6560592745909929,-1.0197399130157712,0.1765837713204426,0.2403010248979152,-0.2669065058589164,-0.9254007325196484,-0.9171325568554236,-0.4569744778208635,-0.2985951498102796,-0.5631210944817947,False,False,True,False,-1.47561159875381,False,False
-1.480690489092818,0,1.1782012951933094,0.3784070253557006,-1.0029610262683273,1.1479561495819623,-0.860525401309352,-0.9254007325196484,-0.7651922090123016,-0.2639949101082846,-0.5913608932251309,0.0206649942929099,False,False,True,False,1.5055306414669463,False,False
0.4499021101474336,0,1.1782012951933094,0.3784070253557006,0.1765837713204426,0.2403010248979152,0.2471614310133897,0.2332727608290527,-0.0054904697966909,0.70090292845461,1.4579993106788274,0.0206649942929099,True,False,False,False,1.5055306414669463,False,False
0.4499021101474336,0,-0.6560592745909929,0.3784070253557006,0.1765837713204426,-0.6673540997861319,0.0525026460078153,0.2332727608290527,0.7542112694189196,0.893882496167189,1.1652335672639762,1.7720232606170236,False,False,False,False,0.509294734350057,False,False
-1.2535619480057296,0,0.2610710103011582,0.3784070253557006,-1.0029610262683273,-0.6673540997861319,-0.9991369200439714,-0.9254007325196484,-0.6132518611691794,-0.8429336132460213,-1.1768923800548332,-0.5631210944817947,False,False,False,False,0.509294734350057,False,False
-0.6857405952880085,0,1.1782012951933094,0.3784070253557006,-1.0029610262683273,-0.6673540997861319,-0.5287617445119258,-0.9254007325196484,0.2983902258895533,1.086862063879768,1.1652335672639762,0.8963441274549668,False,False,False,False,-0.4869411727668323,False,False
-1.2535619480057296,0,1.1782012951933094,0.3784070253557006,-1.0029610262683273,0.2403010248979152,-0.4597573145331696,0.2332727608290527,-0.4613115133260573,-0.8429336132460213,-0.5913608932251309,-0.5631210944817947,False,False,False,True,-0.4869411727668323,False,False
1.244852003952243,0,-1.573189559483144,0.3784070253557006,1.3561285689092124,0.2403010248979152,0.9432323185720222,-0.9254007325196484,2.2736147478501407,2.051759902442662,2.921828027753083,2.063916305004376,False,False,True,False,0.509294734350057,False,False
-0.3450477836573759,0,-0.6560592745909929,-1.0197399130157712,-1.0029610262683273,0.2403010248979152,-1.0530748805950516,2.550619747526455,-1.37295360038479,-1.0359131809586002,-0.884126636639982,-1.1469071832564992,False,False,False,False,-1.47561159875381,False,False
0.2227735690603451,0,1.1782012951933094,0.3784070253557006,0.1765837713204426,-0.6673540997861319,-0.3202418076328895,1.391946254177754,0.9061516172620416,1.6658007670175043,2.629062284338232,1.188237171842319,False,False,False,False,0.509294734350057,False,False
-0.5721763247444642,0,-1.573189559483144,0.3784070253557006,-1.0029610262683273,0.2403010248979152,-0.7339670581168732,0.2332727608290527,-1.069072904698546,-0.8429336132460213,-0.5913608932251309,-0.5631210944817947,False,True,False,False,0.509294734350057,False,False
0.2227735690603451,0,-1.573189559483144,-1.0197399130157712,0.1765837713204426,0.2403010248979152,-0.0547706163172379,0.2332727608290527,-0.0054904697966909,0.3149437930294522,-0.2985951498102796,0.8963441274549668,True,False,False,False,-0.4793756916369207,False,False
0.677030651234522,0,1.1782012951933094,0.3784070253557006,0.1765837713204426,-1.575009224470179,-0.0279523007359745,0.2332727608290527,-0.1574308176398131,-0.4569744778208635,-0.2985951498102796,-0.5631210944817947,False,False,False,True,-0.4869411727668323,False,False
0.5634663806909778,0,1.1782012951933094,0.3784070253557006,-1.0029610262683273,1.1479561495819623,-0.8198459338546267,0.2332727608290527,0.2983902258895533,-0.2639949101082846,-0.2985951498102796,-1.1469071832564992,False,False,False,False,0.509294734350057,False,False
1.244852003952243,0,0.2610710103011582,0.3784070253557006,1.3561285689092124,-0.6673540997861319,1.9448512061239245,1.391946254177754,0.6022709215757975,1.2798416315923469,1.1652335672639762,2.3558093493917283,False,False,False,False,-1.4831770798837216,False,False
-0.1179192425702874,0,1.1782012951933094,0.3784070253557006,-1.0029610262683273,0.2403010248979152,-0.8566081192581562,0.2332727608290527,-0.7651922090123016,-0.8429336132460213,-0.5913608932251309,-0.5631210944817947,False,False,False,True,0.509294734350057,False,False
-1.594254759636362,0,1.1782012951933094,0.3784070253557006,-1.0029610262683273,0.2403010248979152,-0.641157606442389,-0.9254007325196484,-0.9171325568554236,-0.6499540455334424,-0.5913608932251309,-0.5631210944817947,False,False,True,False,1.5055306414669463,False,False
-0.1179192425702874,0,-0.6560592745909929,0.3784070253557006,0.1765837713204426,0.2403010248979152,-0.121967069964673,-0.9254007325196484,-0.0054904697966909,0.70090292845461,0.872467823849125,1.188237171842319,False,False,True,False,0.509294734350057,False,False
-0.3450477836573759,0,-0.6560592745909929,0.3784070253557006,0.1765837713204426,1.1479561495819623,-0.1882595354464475,0.2332727608290527,-0.0054904697966909,0.5079233607420311,0.872467823849125,-0.8550141388691469,False,False,False,True,0.509294734350057,False,False
-0.45861205420092,0,0.2610710103011582,-1.0197399130157712,-1.0029610262683273,-0.6673540997861319,-0.803272817484183,-0.9254007325196484,-0.6132518611691794,-0.0710153423957056,-0.5913608932251309,-0.8550141388691469,False,False,True,False,-0.4793756916369207,False,False
0.4499021101474336,0,-1.573189559483144,0.3784070253557006,-1.0029610262683273,1.1479561495819623,-0.9331457839507504,1.391946254177754,-0.3093711654829352,-1.0359131809586002,-1.1768923800548332,-1.1469071832564992,False,False,False,False,-0.4869411727668323,False,False
-0.45861205420092,0,-0.6560592745909929,-1.0197399130157712,-1.0029610262683273,-0.6673540997861319,-0.9744279101825828,0.2332727608290527,-1.069072904698546,-0.8429336132460213,-0.5913608932251309,-0.5631210944817947,False,True,False,False,-0.4793756916369207,False,False
0.3363378396038894,0,-1.573189559483144,0.3784070253557006,0.1765837713204426,1.1479561495819623,-0.4202831646326583,-0.9254007325196484,1.210032312948286,0.1219642253168732,0.872467823849125,0.8963441274549668,False,False,True,False,0.509294734350057,False,False
0.2227735690603451,0,-0.6560592745909929,-2.417886851387243,1.3561285689092124,0.2403010248979152,2.321211612427272,0.2332727608290527,1.5139130086345305,2.244739470155241,3.5073595145827854,2.063916305004376,False,False,False,False,-1.4680461176238986,False,False
-0.45861205420092,0,0.2610710103011582,0.3784070253557006,1.3561285689092124,1.1479561495819623,1.4823105946942703,1.391946254177754,0.6022709215757975,1.4728211993049256,1.7507650540936786,0.8963441274549668,False,False,False,False,0.509294734350057,False,False
0.1092092985168009,0,0.2610710103011582,1.7765539637271726,1.3561285689092124,1.1479561495819623,2.4833268234690657,0.2332727608290527,0.9061516172620416,1.8587803347300835,2.04353079750853,1.188237171842319,False,False,False,True,1.497965160337035,False,False
-1.2535619480057296,0,-1.573189559483144,0.3784070253557006,0.1765837713204426,0.2403010248979152,-0.1795209831783954,0.2332727608290527,-0.6132518611691794,-0.2639949101082846,-0.2985951498102796,0.0206649942929099,False,False,False,True,-0.4869411727668323,False,False
1.812673356669964,0,-1.573189559483144,0.3784070253557006,-1.0029610262683273,1.1479561495819623,-0.6089153618671622,1.391946254177754,0.9061516172620416,0.5079233607420311,1.1652335672639762,-1.1469071832564992,False,True,False,False,-0.4869411727668323,False,False
0.9041591923216103,0,-0.6560592745909929,0.3784070253557006,-1.0029610262683273,1.1479561495819623,-0.9241059022941448,-0.9254007325196484,-0.6132518611691794,-0.4569744778208635,-0.2985951498102796,-0.5631210944817947,False,False,True,True,0.509294734350057,False,False
-1.7078190301799063,0,0.2610710103011582,0.3784070253557006,-1.0029610262683273,-1.575009224470179,-0.940980348053142,-0.9254007325196484,-1.221013252541668,-0.8429336132460213,-0.5913608932251309,-0.5631210944817947,False,True,True,True,0.509294734350057,False,False
-1.480690489092818,1,1.1782012951933094,0.3784070253557006,-1.0029610262683273,-1.575009224470179,-1.118764687299719,0.2332727608290527,-1.37295360038479,-1.0359131809586002,-1.1768923800548332,-1.1469071832564992,True,True,False,False,-0.4869411727668323,False,False
-0.0043549720267432,0,-1.573189559483144,-1.0197399130157712,1.3561285689092124,1.1479561495819623,0.6452175532925903,1.391946254177754,-0.0054904697966909,0.5079233607420311,0.872467823849125,0.0206649942929099,False,False,False,False,-0.4793756916369207,False,False
-0.0043549720267432,0,1.1782012951933094,0.3784070253557006,0.1765837713204426,-0.6673540997861319,-0.1120232001424068,2.550619747526455,1.210032312948286,-0.4569744778208635,-0.5913608932251309,-0.5631210944817947,True,False,False,False,0.509294734350057,False,False
2.266930438844141,0,0.2610710103011582,0.3784070253557006,0.1765837713204426,0.2403010248979152,0.2420388314079798,0.2332727608290527,0.4503305737326754,1.2798416315923469,2.336296540923381,1.4801302162296714,False,False,False,False,-0.4869411727668323,False,False
-0.7993048658315527,1,-1.573189559483144,0.3784070253557006,-1.0029610262683273,1.1479561495819623,-0.2156805098048179,2.550619747526455,-0.9171325568554236,-0.8429336132460213,-0.5913608932251309,-0.5631210944817947,False,False,False,True,1.5055306414669463,False,False
2.266930438844141,1,1.1782012951933094,0.3784070253557006,-1.0029610262683273,0.2403010248979152,-0.9533348529838362,0.2332727608290527,0.6022709215757975,0.70090292845461,1.4579993106788274,1.188237171842319,False,False,False,False,-1.4831770798837216,False,False
0.5634663806909778,0,-1.573189559483144,-1.0197399130157712,2.535673366497982,-0.6673540997861319,2.430895509860753,0.2332727608290527,1.6658533564776523,2.630698605580399,0.872467823849125,1.7720232606170236,False,False,False,False,-0.4793756916369207,False,False
-0.2314835131138316,0,1.1782012951933094,-1.0197399130157712,0.1765837713204426,0.2403010248979152,0.3643785631607091,1.391946254177754,-0.3093711654829352,0.3149437930294522,0.872467823849125,0.8963441274549668,False,False,False,False,-0.4793756916369207,False,False
-0.0043549720267432,0,1.1782012951933094,-2.417886851387243,0.1765837713204426,1.1479561495819623,-0.0291576182901886,0.2332727608290527,0.7542112694189196,1.6658007670175043,2.336296540923381,2.063916305004376,False,False,False,False,-2.464282024740788,False,False
0.5634663806909778,0,0.2610710103011582,-1.0197399130157712,0.1765837713204426,-0.6673540997861319,1.035137782080846,0.2332727608290527,0.6022709215757975,-0.2639949101082846,-0.0058294063954284,0.0206649942929099,False,False,False,False,-0.4793756916369207,False,False
-0.45861205420092,0,1.1782012951933094,0.3784070253557006,-1.0029610262683273,-1.575009224470179,-0.9232019141284842,-0.9254007325196484,-0.9171325568554236,-0.4569744778208635,-0.5913608932251309,-0.5631210944817947,False,False,True,False,0.509294734350057,False,False
-0.1179192425702874,0,0.2610710103011582,0.3784070253557006,1.3561285689092124,1.1479561495819623,1.0047035138369405,-0.9254007325196484,-0.1574308176398131,0.5079233607420311,-1.1768923800548332,0.8963441274549668,False,False,True,True,0.509294734350057,False,False
0.2227735690603451,0,-1.573189559483144,0.3784070253557006,0.1765837713204426,1.1479561495819623,-0.0481413697690604,0.2332727608290527,-0.0054904697966909,0.70090292845461,0.872467823849125,1.4801302162296714,False,False,False,False,0.509294734350057,False,False
1.5855448155828755,1,-0.6560592745909929,0.3784070253557006,0.1765837713204426,0.2403010248979152,0.3691998333775655,1.391946254177754,0.2983902258895533,-0.0710153423957056,-0.2985951498102796,-0.8550141388691469,True,False,False,False,0.509294734350057,False,False
-0.0043549720267432,0,-0.6560592745909929,-1.0197399130157712,0.1765837713204426,1.1479561495819623,0.3462987998474979,0.2332727608290527,-0.3093711654829352,-0.0710153423957056,-0.2985951498102796,-1.1469071832564992,False,False,False,False,-1.47561159875381,False,False
1.0177234628651546,0,1.1782012951933094,0.3784070253557006,0.1765837713204426,0.2403010248979152,-0.1966967583259461,-0.9254007325196484,-0.3093711654829352,-0.2639949101082846,-0.2985951498102796,-0.8550141388691469,False,False,True,False,0.509294734350057,False,False
0.4499021101474336,0,0.2610710103011582,-1.0197399130157712,-1.0029610262683273,0.2403010248979152,-0.8117100403636816,-0.9254007325196484,-0.3093711654829352,-0.8429336132460213,-0.5913608932251309,-0.5631210944817947,False,False,True,False,-0.4793756916369207,False,False
-0.1179192425702874,0,0.2610710103011582,0.3784070253557006,0.1765837713204426,0.2403010248979152,0.0561185986704576,1.391946254177754,-0.0054904697966909,0.70090292845461,-0.5913608932251309,-0.5631210944817947,True,False,False,True,1.5055306414669463,False,False
0.4499021101474336,0,0.2610710103011582,0.3784070253557006,-1.0029610262683273,0.2403010248979152,-1.0551841863149265,2.550619747526455,1.5139130086345305,-0.2639949101082846,-0.2985951498102796,-0.5631210944817947,False,False,False,False,0.509294734350057,False,False
-0.1179192425702874,0,0.2610710103011582,-2.417886851387243,-1.0029610262683273,1.1479561495819623,-0.7610867030866901,0.2332727608290527,-0.9171325568554236,-0.4569744778208635,-0.2985951498102796,-0.8550141388691469,False,False,False,False,-1.4680461176238986,False,False
-0.7993048658315527,0,1.1782012951933094,-1.0197399130157712,0.1765837713204426,-0.6673540997861319,-0.4452935038826006,0.2332727608290527,-0.0054904697966909,-0.4569744778208635,-0.2985951498102796,-0.2712280500944423,False,False,False,True,-0.4793756916369207,False,False
-0.7993048658315527,0,1.1782012951933094,-1.0197399130157712,-1.0029610262683273,-1.575009224470179,-0.5176125571354455,-0.9254007325196484,-0.7651922090123016,-0.2639949101082846,-0.0058294063954284,0.0206649942929099,False,False,True,False,-2.471847505870699,False,False
1.5855448155828755,1,1.1782012951933094,-1.0197399130157712,1.3561285689092124,-1.575009224470179,1.6124848905493914,0.2332727608290527,1.5139130086345305,-0.6499540455334424,-0.5913608932251309,-1.1469071832564992,False,False,False,True,-0.4793756916369207,False,False
0.3363378396038894,0,-0.6560592745909929,-1.0197399130157712,2.535673366497982,1.1479561495819623,1.967149580876885,0.2332727608290527,1.6658533564776523,2.630698605580399,1.4579993106788274,0.6044510830676145,False,False,False,False,-1.47561159875381,False,False
-0.5721763247444642,0,-0.6560592745909929,0.3784070253557006,0.1765837713204426,-1.575009224470179,1.3358645118572594,-0.9254007325196484,-0.0054904697966909,0.5079233607420311,-0.0058294063954284,0.8963441274549668,False,False,True,False,0.509294734350057,False,False
-1.1399976774621854,0,1.1782012951933094,-1.0197399130157712,-1.0029610262683273,0.2403010248979152,-0.7644013263607788,-0.9254007325196484,-0.7651922090123016,-0.4569744778208635,-0.5913608932251309,-1.1469071832564992,False,True,True,False,-0.4793756916369207,False,False
-0.0043549720267432,0,0.2610710103011582,1.7765539637271726,0.1765837713204426,1.1479561495819623,-0.8834264348394195,0.2332727608290527,1.058091965105164,-0.2639949101082846,-0.5913608932251309,-0.2712280500944423,True,False,False,False,1.497965160337035,False,False
0.3363378396038894,0,1.1782012951933094,-1.0197399130157712,1.3561285689092124,-1.575009224470179,1.352437628227703,0.2332727608290527,-0.1574308176398131,0.1219642253168732,0.872467823849125,0.8963441274549668,False,False,False,False,-0.4793756916369207,False,False
-1.0264334069186412,0,-0.6560592745909929,1.7765539637271726,0.1765837713204426,-0.6673540997861319,0.1926208116852024,0.2332727608290527,-0.6132518611691794,-0.0710153423957056,-0.5913608932251309,-0.2712280500944423,False,False,False,True,1.497965160337035,False,False
1.4719805450393315,0,1.1782012951933094,-1.0197399130157712,0.1765837713204426,-0.6673540997861319,-0.033978888507045,-0.9254007325196484,1.058091965105164,0.5079233607420311,0.5797020804342738,1.188237171842319,True,False,False,False,-1.47561159875381,False,False
-0.2314835131138316,0,-0.6560592745909929,1.7765539637271726,0.1765837713204426,0.2403010248979152,-0.3310896656208162,-0.9254007325196484,-0.6132518611691794,-0.4569744778208635,-0.2985951498102796,-0.5631210944817947,False,False,False,False,2.494201067453924,False,False
